rank,player,position,posg,college,team,round,pick,age,draft_prior,football_score,profile_lift,pre_draft_prob_v6,early_evidence_prob,early_evidence_weight,success_prob_v6,model_confidence,feature_completeness,football_features_used_count,duplicate_count,data_flags,top_features_used,pre_draft_prob,success_prob,ras_score,pffx_yprr,pffx_g_off
1,Cam Ward,QB,QB,Miami (FL),TEN,1.0,1.0,23.0,0.825,0.13,0.034,0.859,,0,0.859,0.95,0.949,948,1,missing_ras,pffx_yprr|pffx_g_off|pff_passing_allowed_pressure_allowed_pressure_dropbacks|pff_passing_allowed_pressure_ce_percent|pff_passing_allowed_pressure_declined_penalties|pff_passing_allowed_pressure_hits_allowed|pff_passing_allowed_pressure_hurries_allowed|pff_passing_allowed_pressure_lg_percent|pff_passing_allowed_pressure_lt_percent|pff_passing_allowed_pressure_ol_te_percent|pff_passing_allowed_pressure_other_percent|pff_passing_allowed_pressure_penalties|pff_passing_allowed_pressure_pressures_allowed|pff_passing_allowed_pressure_pressures_ce|pff_passing_allowed_pressure_pressures_lg|pff_passing_allowed_pressure_pressures_lt|pff_passing_allowed_pressure_pressures_off|pff_passing_allowed_pressure_pressures_ol_te|pff_passing_allowed_pressure_pressures_other|pff_passing_allowed_pressure_pressures_rg|pff_passing_allowed_pressure_pressures_rt|pff_passing_allowed_pressure_pressures_self|pff_passing_allowed_pressure_pressures_te|pff_passing_allowed_pressure_rg_percent|pff_passing_allowed_pressure_rt_percent|pff_passing_allowed_pressure_sacks_allowed|pff_passing_allowed_pressure_self_percent|pff_passing_allowed_pressure_te_percent|pff_passing_concept_dropbacks|pff_passing_concept_no_screen_accuracy_percent|pff_passing_concept_no_screen_aimed_passes|pff_passing_concept_no_screen_attempts|pff_passing_concept_no_screen_avg_depth_of_target|pff_passing_concept_no_screen_avg_time_to_throw|pff_passing_concept_no_screen_bats,0.504,0.604,,7.0,95.2
2,Travis Hunter,WR,WR,Colorado,JAX,1.0,2.0,22.0,0.755,0.117,0.03,0.785,,0,0.785,0.95,0.921,596,1,missing_ras,pffx_yprr|pffx_g_off|pff_receiving_concept_base_targets|pff_receiving_concept_declined_penalties|pff_receiving_concept_penalties|pff_receiving_concept_screen_avg_depth_of_target|pff_receiving_concept_screen_avoided_tackles|pff_receiving_concept_screen_caught_percent|pff_receiving_concept_screen_contested_receptions|pff_receiving_concept_screen_contested_targets|pff_receiving_concept_screen_drop_rate|pff_receiving_concept_screen_drops|pff_receiving_concept_screen_epa|pff_receiving_concept_screen_first_downs|pff_receiving_concept_screen_fumbles|pff_receiving_concept_screen_grades_hands_drop|pff_receiving_concept_screen_grades_pass_route|pff_receiving_concept_screen_interceptions|pff_receiving_concept_screen_longest|pff_receiving_concept_screen_pass_block_rate|pff_receiving_concept_screen_pass_blocks|pff_receiving_concept_screen_pass_plays|pff_receiving_concept_screen_positive_epa_percent|pff_receiving_concept_screen_receptions|pff_receiving_concept_screen_route_rate|pff_receiving_concept_screen_routes|pff_receiving_concept_screen_targeted_qb_rating|pff_receiving_concept_screen_targets|pff_receiving_concept_screen_targets_percent|pff_receiving_concept_screen_touchdowns|pff_receiving_concept_screen_yards|pff_receiving_concept_screen_yards_after_catch|pff_receiving_concept_screen_yards_after_catch_per_reception|pff_receiving_concept_screen_yards_per_reception|pff_receiving_concept_screen_yprr,0.63,0.441,,15.44,91.3
3,Abdul Carter,DE,DL,Penn St.,NYG,1.0,3.0,21.0,0.745,0.343,0.031,0.776,,0,0.776,0.28,0,0,1,missing_ras;too_few_football_features;low_position_feature_completeness,age,0.599,0.666,,,
4,Will Campbell,OT,OL,LSU,NWE,1.0,4.0,21.0,0.695,0.153,0.049,0.744,,0,0.744,0.95,0.5,27,1,,ras_score|pffx_g_off|pff_offense_blocking_block_percent|pff_offense_blocking_declined_penalties|pff_offense_blocking_grades_offense|pff_offense_blocking_grades_pass_block|pff_offense_blocking_grades_run_block|pff_offense_blocking_hits_allowed|pff_offense_blocking_hurries_allowed|pff_offense_blocking_non_spike_pass_block|pff_offense_blocking_non_spike_pass_block_percentage|pff_offense_blocking_pass_block_percent|pff_offense_blocking_pbe|pff_offense_blocking_penalties|pff_offense_blocking_pressures_allowed|pff_offense_blocking_sacks_allowed|pff_offense_blocking_snap_counts_block|pff_offense_blocking_snap_counts_ce|pff_offense_blocking_snap_counts_lg|pff_offense_blocking_snap_counts_lt|pff_offense_blocking_snap_counts_offense|pff_offense_blocking_snap_counts_pass_block|pff_offense_blocking_snap_counts_pass_play|pff_offense_blocking_snap_counts_rg|pff_offense_blocking_snap_counts_rt|pff_offense_blocking_snap_counts_run_block|pff_offense_blocking_snap_counts_te|age,0.588,0.659,9.91,,82.8
5,Mason Graham,DT,DL,Michigan,CLE,1.0,5.0,22.0,0.685,0.057,0.005,0.69,,0,0.69,0.28,0,0,1,missing_ras;too_few_football_features;low_position_feature_completeness,age,0.565,0.644,,,
6,Kelvin Banks,OL,OL,Texas,NOR,1.0,9.0,21.0,0.615,0.22,0.07,0.685,,0,0.685,0.95,0.5,27,1,,ras_score|pffx_g_off|pff_offense_blocking_block_percent|pff_offense_blocking_declined_penalties|pff_offense_blocking_grades_offense|pff_offense_blocking_grades_pass_block|pff_offense_blocking_grades_run_block|pff_offense_blocking_hits_allowed|pff_offense_blocking_hurries_allowed|pff_offense_blocking_non_spike_pass_block|pff_offense_blocking_non_spike_pass_block_percentage|pff_offense_blocking_pass_block_percent|pff_offense_blocking_pbe|pff_offense_blocking_penalties|pff_offense_blocking_pressures_allowed|pff_offense_blocking_sacks_allowed|pff_offense_blocking_snap_counts_block|pff_offense_blocking_snap_counts_ce|pff_offense_blocking_snap_counts_lg|pff_offense_blocking_snap_counts_lt|pff_offense_blocking_snap_counts_offense|pff_offense_blocking_snap_counts_pass_block|pff_offense_blocking_snap_counts_pass_play|pff_offense_blocking_snap_counts_rg|pff_offense_blocking_snap_counts_rt|pff_offense_blocking_snap_counts_run_block|pff_offense_blocking_snap_counts_te|age,0.55,0.634,8.34,,75.3
7,Tetairoa McMillan,WR,WR,Arizona,CAR,1.0,8.0,22.0,0.615,0.101,0.032,0.647,,0,0.647,0.95,0.981,635,1,missing_ras,pffx_yprr|pffx_g_off|pff_receiving_concept_base_targets|pff_receiving_concept_declined_penalties|pff_receiving_concept_penalties|pff_receiving_concept_screen_avg_depth_of_target|pff_receiving_concept_screen_avoided_tackles|pff_receiving_concept_screen_caught_percent|pff_receiving_concept_screen_contested_catch_rate|pff_receiving_concept_screen_contested_receptions|pff_receiving_concept_screen_contested_targets|pff_receiving_concept_screen_drop_rate|pff_receiving_concept_screen_drops|pff_receiving_concept_screen_epa|pff_receiving_concept_screen_first_downs|pff_receiving_concept_screen_fumbles|pff_receiving_concept_screen_grades_hands_drop|pff_receiving_concept_screen_grades_pass_route|pff_receiving_concept_screen_interceptions|pff_receiving_concept_screen_longest|pff_receiving_concept_screen_pass_block_rate|pff_receiving_concept_screen_pass_blocks|pff_receiving_concept_screen_pass_plays|pff_receiving_concept_screen_positive_epa_percent|pff_receiving_concept_screen_receptions|pff_receiving_concept_screen_route_rate|pff_receiving_concept_screen_routes|pff_receiving_concept_screen_targeted_qb_rating|pff_receiving_concept_screen_targets|pff_receiving_concept_screen_targets_percent|pff_receiving_concept_screen_touchdowns|pff_receiving_concept_screen_yards|pff_receiving_concept_screen_yards_after_catch|pff_receiving_concept_screen_yards_after_catch_per_reception|pff_receiving_concept_screen_yards_per_reception,0.547,0.632,,15.23,94.0
8,Armand Membou,OL,OL,Missouri,NYJ,1.0,7.0,21.0,0.615,0.068,0.022,0.637,,0,0.637,0.95,0.5,27,1,,ras_score|pffx_g_off|pff_offense_blocking_block_percent|pff_offense_blocking_declined_penalties|pff_offense_blocking_grades_offense|pff_offense_blocking_grades_pass_block|pff_offense_blocking_grades_run_block|pff_offense_blocking_hits_allowed|pff_offense_blocking_hurries_allowed|pff_offense_blocking_non_spike_pass_block|pff_offense_blocking_non_spike_pass_block_percentage|pff_offense_blocking_pass_block_percent|pff_offense_blocking_pbe|pff_offense_blocking_penalties|pff_offense_blocking_pressures_allowed|pff_offense_blocking_sacks_allowed|pff_offense_blocking_snap_counts_block|pff_offense_blocking_snap_counts_ce|pff_offense_blocking_snap_counts_lg|pff_offense_blocking_snap_counts_lt|pff_offense_blocking_snap_counts_offense|pff_offense_blocking_snap_counts_pass_block|pff_offense_blocking_snap_counts_pass_play|pff_offense_blocking_snap_counts_rg|pff_offense_blocking_snap_counts_rt|pff_offense_blocking_snap_counts_run_block|pff_offense_blocking_snap_counts_te|age,0.747,0.762,9.89,,67.1
9,Colston Loveland,TE,TE,Michigan,CHI,1.0,10.0,21.0,0.585,0.079,0.025,0.61,,0,0.61,0.95,0.884,594,1,missing_ras,pffx_yprr|pffx_g_off|pff_receiving_concept_base_targets|pff_receiving_concept_declined_penalties|pff_receiving_concept_penalties|pff_receiving_concept_screen_avg_depth_of_target|pff_receiving_concept_screen_avoided_tackles|pff_receiving_concept_screen_caught_percent|pff_receiving_concept_screen_contested_receptions|pff_receiving_concept_screen_contested_targets|pff_receiving_concept_screen_drop_rate|pff_receiving_concept_screen_drops|pff_receiving_concept_screen_epa|pff_receiving_concept_screen_first_downs|pff_receiving_concept_screen_fumbles|pff_receiving_concept_screen_grades_hands_drop|pff_receiving_concept_screen_grades_pass_route|pff_receiving_concept_screen_interceptions|pff_receiving_concept_screen_longest|pff_receiving_concept_screen_pass_block_rate|pff_receiving_concept_screen_pass_blocks|pff_receiving_concept_screen_pass_plays|pff_receiving_concept_screen_positive_epa_percent|pff_receiving_concept_screen_receptions|pff_receiving_concept_screen_route_rate|pff_receiving_concept_screen_routes|pff_receiving_concept_screen_targeted_qb_rating|pff_receiving_concept_screen_targets|pff_receiving_concept_screen_targets_percent|pff_receiving_concept_screen_touchdowns|pff_receiving_concept_screen_yards|pff_receiving_concept_screen_yards_after_catch|pff_receiving_concept_screen_yards_after_catch_per_reception|pff_receiving_concept_screen_yards_per_reception|pff_receiving_concept_screen_yprr,0.601,0.667,,13.0,86.8
10,Ashton Jeanty,RB,RB,Boise St.,LVR,1.0,6.0,21.0,0.585,0.013,0.004,0.589,,0,0.589,0.95,0.843,580,1,missing_ras,pffx_yprr|pffx_g_off|pff_receiving_concept_base_targets|pff_receiving_concept_declined_penalties|pff_receiving_concept_penalties|pff_receiving_concept_screen_avg_depth_of_target|pff_receiving_concept_screen_avoided_tackles|pff_receiving_concept_screen_caught_percent|pff_receiving_concept_screen_contested_catch_rate|pff_receiving_concept_screen_contested_receptions|pff_receiving_concept_screen_contested_targets|pff_receiving_concept_screen_drop_rate|pff_receiving_concept_screen_drops|pff_receiving_concept_screen_epa|pff_receiving_concept_screen_first_downs|pff_receiving_concept_screen_fumbles|pff_receiving_concept_screen_grades_hands_drop|pff_receiving_concept_screen_grades_pass_route|pff_receiving_concept_screen_interceptions|pff_receiving_concept_screen_longest|pff_receiving_concept_screen_pass_block_rate|pff_receiving_concept_screen_pass_blocks|pff_receiving_concept_screen_pass_plays|pff_receiving_concept_screen_positive_epa_percent|pff_receiving_concept_screen_receptions|pff_receiving_concept_screen_route_rate|pff_receiving_concept_screen_routes|pff_receiving_concept_screen_targeted_qb_rating|pff_receiving_concept_screen_targets|pff_receiving_concept_screen_targets_percent|pff_receiving_concept_screen_touchdowns|pff_receiving_concept_screen_yards|pff_receiving_concept_screen_yards_after_catch|pff_receiving_concept_screen_yards_after_catch_per_reception|pff_receiving_concept_screen_yards_per_reception,0.607,0.671,,6.38,94.9
11,Tyler Warren,TE,TE,Penn St.,IND,1.0,14.0,23.0,0.505,0.197,0.079,0.584,,0,0.584,0.95,0.89,598,1,missing_ras,pffx_yprr|pffx_g_off|pff_receiving_concept_base_targets|pff_receiving_concept_declined_penalties|pff_receiving_concept_penalties|pff_receiving_concept_screen_avg_depth_of_target|pff_receiving_concept_screen_avoided_tackles|pff_receiving_concept_screen_caught_percent|pff_receiving_concept_screen_contested_receptions|pff_receiving_concept_screen_contested_targets|pff_receiving_concept_screen_drop_rate|pff_receiving_concept_screen_drops|pff_receiving_concept_screen_epa|pff_receiving_concept_screen_first_downs|pff_receiving_concept_screen_fumbles|pff_receiving_concept_screen_grades_hands_drop|pff_receiving_concept_screen_grades_pass_route|pff_receiving_concept_screen_interceptions|pff_receiving_concept_screen_longest|pff_receiving_concept_screen_pass_block_rate|pff_receiving_concept_screen_pass_blocks|pff_receiving_concept_screen_pass_plays|pff_receiving_concept_screen_positive_epa_percent|pff_receiving_concept_screen_receptions|pff_receiving_concept_screen_route_rate|pff_receiving_concept_screen_routes|pff_receiving_concept_screen_targeted_qb_rating|pff_receiving_concept_screen_targets|pff_receiving_concept_screen_targets_percent|pff_receiving_concept_screen_touchdowns|pff_receiving_concept_screen_yards|pff_receiving_concept_screen_yards_after_catch|pff_receiving_concept_screen_yards_after_catch_per_reception|pff_receiving_concept_screen_yards_per_reception|pff_receiving_concept_screen_yprr,0.631,0.687,,12.78,96.1
12,Jalon Walker,DE,DL,Georgia,ATL,1.0,15.0,21.0,0.525,0.343,0.031,0.556,,0,0.556,0.28,0,0,1,missing_ras;too_few_football_features;low_position_feature_completeness,age,0.624,0.682,,,
13,Walter Nolen,DT,DL,Mississippi,ARI,1.0,16.0,21.0,0.525,0.343,0.031,0.556,,0,0.556,0.28,0,0,1,missing_ras;too_few_football_features;low_position_feature_completeness,age,0.624,0.437,,,
14,Mykel Williams,DL,DL,Georgia,SFO,1.0,11.0,21.0,0.525,0.343,0.031,0.556,,0,0.556,0.28,0,0,1,missing_ras;too_few_football_features;low_position_feature_completeness,age,0.624,0.437,,,
15,Tyler Booker,OL,OL,Alabama,DAL,1.0,12.0,21.0,0.535,0.026,0.011,0.546,,0,0.546,0.95,0.5,27,1,,ras_score|pffx_g_off|pff_offense_blocking_block_percent|pff_offense_blocking_declined_penalties|pff_offense_blocking_grades_offense|pff_offense_blocking_grades_pass_block|pff_offense_blocking_grades_run_block|pff_offense_blocking_hits_allowed|pff_offense_blocking_hurries_allowed|pff_offense_blocking_non_spike_pass_block|pff_offense_blocking_non_spike_pass_block_percentage|pff_offense_blocking_pass_block_percent|pff_offense_blocking_pbe|pff_offense_blocking_penalties|pff_offense_blocking_pressures_allowed|pff_offense_blocking_sacks_allowed|pff_offense_blocking_snap_counts_block|pff_offense_blocking_snap_counts_ce|pff_offense_blocking_snap_counts_lg|pff_offense_blocking_snap_counts_lt|pff_offense_blocking_snap_counts_offense|pff_offense_blocking_snap_counts_pass_block|pff_offense_blocking_snap_counts_pass_play|pff_offense_blocking_snap_counts_rg|pff_offense_blocking_snap_counts_rt|pff_offense_blocking_snap_counts_run_block|pff_offense_blocking_snap_counts_te|age,0.572,0.648,3.67,,72.5
16,Kenneth Grant,DT,DL,Michigan,MIA,1.0,13.0,21.0,0.525,0.108,0.01,0.535,,0,0.535,0.85,0.333,1,1,too_few_football_features,ras_score|age,0.602,0.668,7.18,,
17,Jaxson Dart,QB,QB,Mississippi,NYG,1.0,25.0,22.0,0.455,0.122,0.049,0.504,,0,0.504,0.95,0.942,941,1,missing_ras,pffx_yprr|pffx_g_off|pff_passing_allowed_pressure_allowed_pressure_dropbacks|pff_passing_allowed_pressure_ce_percent|pff_passing_allowed_pressure_declined_penalties|pff_passing_allowed_pressure_hits_allowed|pff_passing_allowed_pressure_hurries_allowed|pff_passing_allowed_pressure_lg_percent|pff_passing_allowed_pressure_lt_percent|pff_passing_allowed_pressure_ol_te_percent|pff_passing_allowed_pressure_other_percent|pff_passing_allowed_pressure_penalties|pff_passing_allowed_pressure_pressures_allowed|pff_passing_allowed_pressure_pressures_ce|pff_passing_allowed_pressure_pressures_lg|pff_passing_allowed_pressure_pressures_lt|pff_passing_allowed_pressure_pressures_off|pff_passing_allowed_pressure_pressures_ol_te|pff_passing_allowed_pressure_pressures_other|pff_passing_allowed_pressure_pressures_rg|pff_passing_allowed_pressure_pressures_rt|pff_passing_allowed_pressure_pressures_self|pff_passing_allowed_pressure_pressures_te|pff_passing_allowed_pressure_rg_percent|pff_passing_allowed_pressure_rt_percent|pff_passing_allowed_pressure_sacks_allowed|pff_passing_allowed_pressure_self_percent|pff_passing_allowed_pressure_te_percent|pff_passing_concept_dropbacks|pff_passing_concept_no_screen_accuracy_percent|pff_passing_concept_no_screen_aimed_passes|pff_passing_concept_no_screen_attempts|pff_passing_concept_no_screen_avg_depth_of_target|pff_passing_concept_no_screen_avg_time_to_throw|pff_passing_concept_no_screen_bats,0.466,0.58,,0.0,94.3
18,Emeka Egbuka,WR,WR,Ohio St.,TAM,1.0,19.0,22.0,0.435,0.108,0.043,0.478,,0,0.478,0.95,0.992,642,1,,ras_score|pffx_yprr|pffx_g_off|pff_receiving_concept_base_targets|pff_receiving_concept_declined_penalties|pff_receiving_concept_penalties|pff_receiving_concept_screen_avg_depth_of_target|pff_receiving_concept_screen_avoided_tackles|pff_receiving_concept_screen_caught_percent|pff_receiving_concept_screen_contested_receptions|pff_receiving_concept_screen_contested_targets|pff_receiving_concept_screen_drop_rate|pff_receiving_concept_screen_drops|pff_receiving_concept_screen_epa|pff_receiving_concept_screen_first_downs|pff_receiving_concept_screen_fumbles|pff_receiving_concept_screen_grades_hands_drop|pff_receiving_concept_screen_grades_pass_route|pff_receiving_concept_screen_interceptions|pff_receiving_concept_screen_longest|pff_receiving_concept_screen_pass_block_rate|pff_receiving_concept_screen_pass_blocks|pff_receiving_concept_screen_pass_plays|pff_receiving_concept_screen_positive_epa_percent|pff_receiving_concept_screen_receptions|pff_receiving_concept_screen_route_rate|pff_receiving_concept_screen_routes|pff_receiving_concept_screen_targeted_qb_rating|pff_receiving_concept_screen_targets|pff_receiving_concept_screen_targets_percent|pff_receiving_concept_screen_touchdowns|pff_receiving_concept_screen_yards|pff_receiving_concept_screen_yards_after_catch|pff_receiving_concept_screen_yards_after_catch_per_reception|pff_receiving_concept_screen_yards_per_reception,0.503,0.603,9.72,17.55,88.3
19,Donovan Jackson,OL,OL,Ohio St.,MIN,1.0,24.0,22.0,0.435,0.081,0.032,0.467,,0,0.467,0.95,0.5,27,1,,ras_score|pffx_g_off|pff_offense_blocking_block_percent|pff_offense_blocking_declined_penalties|pff_offense_blocking_grades_offense|pff_offense_blocking_grades_pass_block|pff_offense_blocking_grades_run_block|pff_offense_blocking_hits_allowed|pff_offense_blocking_hurries_allowed|pff_offense_blocking_non_spike_pass_block|pff_offense_blocking_non_spike_pass_block_percentage|pff_offense_blocking_pass_block_percent|pff_offense_blocking_pbe|pff_offense_blocking_penalties|pff_offense_blocking_pressures_allowed|pff_offense_blocking_sacks_allowed|pff_offense_blocking_snap_counts_block|pff_offense_blocking_snap_counts_ce|pff_offense_blocking_snap_counts_lg|pff_offense_blocking_snap_counts_lt|pff_offense_blocking_snap_counts_offense|pff_offense_blocking_snap_counts_pass_block|pff_offense_blocking_snap_counts_pass_play|pff_offense_blocking_snap_counts_rg|pff_offense_blocking_snap_counts_rt|pff_offense_blocking_snap_counts_run_block|pff_offense_blocking_snap_counts_te|age,0.35,0.504,8.96,,69.9
20,Shemar Stewart,DE,DL,Texas A&M,CIN,1.0,17.0,21.0,0.425,0.44,0.04,0.465,,0,0.465,0.85,0.333,1,1,too_few_football_features,ras_score|age,0.634,0.443,10.0,,
21,Matthew Golden,WR,WR,Texas,GNB,1.0,23.0,22.0,0.435,0.067,0.027,0.462,,0,0.462,0.95,0.989,640,1,missing_ras,pffx_yprr|pffx_g_off|pff_receiving_concept_base_targets|pff_receiving_concept_declined_penalties|pff_receiving_concept_penalties|pff_receiving_concept_screen_avg_depth_of_target|pff_receiving_concept_screen_avoided_tackles|pff_receiving_concept_screen_caught_percent|pff_receiving_concept_screen_contested_receptions|pff_receiving_concept_screen_contested_targets|pff_receiving_concept_screen_drop_rate|pff_receiving_concept_screen_drops|pff_receiving_concept_screen_epa|pff_receiving_concept_screen_first_downs|pff_receiving_concept_screen_fumbles|pff_receiving_concept_screen_grades_hands_drop|pff_receiving_concept_screen_grades_pass_route|pff_receiving_concept_screen_interceptions|pff_receiving_concept_screen_longest|pff_receiving_concept_screen_pass_block_rate|pff_receiving_concept_screen_pass_blocks|pff_receiving_concept_screen_pass_plays|pff_receiving_concept_screen_positive_epa_percent|pff_receiving_concept_screen_receptions|pff_receiving_concept_screen_route_rate|pff_receiving_concept_screen_routes|pff_receiving_concept_screen_targeted_qb_rating|pff_receiving_concept_screen_targets|pff_receiving_concept_screen_targets_percent|pff_receiving_concept_screen_touchdowns|pff_receiving_concept_screen_yards|pff_receiving_concept_screen_yards_after_catch|pff_receiving_concept_screen_yards_after_catch_per_reception|pff_receiving_concept_screen_yards_per_reception|pff_receiving_concept_screen_yprr,0.588,0.659,,19.91,83.6
22,James Pearce,DE,DL,Tennessee,ATL,1.0,26.0,21.0,0.425,0.367,0.033,0.458,,0,0.458,0.85,0.333,1,1,too_few_football_features,ras_score|age,0.517,0.612,9.41,,
23,Josh Conerly,OL,OL,Oregon,WAS,1.0,29.0,21.0,0.435,0.053,0.021,0.456,,0,0.456,0.95,0.5,27,1,,ras_score|pffx_g_off|pff_offense_blocking_block_percent|pff_offense_blocking_declined_penalties|pff_offense_blocking_grades_offense|pff_offense_blocking_grades_pass_block|pff_offense_blocking_grades_run_block|pff_offense_blocking_hits_allowed|pff_offense_blocking_hurries_allowed|pff_offense_blocking_non_spike_pass_block|pff_offense_blocking_non_spike_pass_block_percentage|pff_offense_blocking_pass_block_percent|pff_offense_blocking_pbe|pff_offense_blocking_penalties|pff_offense_blocking_pressures_allowed|pff_offense_blocking_sacks_allowed|pff_offense_blocking_snap_counts_block|pff_offense_blocking_snap_counts_ce|pff_offense_blocking_snap_counts_lg|pff_offense_blocking_snap_counts_lt|pff_offense_blocking_snap_counts_offense|pff_offense_blocking_snap_counts_pass_block|pff_offense_blocking_snap_counts_pass_play|pff_offense_blocking_snap_counts_rg|pff_offense_blocking_snap_counts_rt|pff_offense_blocking_snap_counts_run_block|pff_offense_blocking_snap_counts_te|age,0.503,0.603,8.85,,68.8
24,Grey Zabel,OT,OL,North Dakota St.,SEA,1.0,18.0,23.0,0.435,0.191,0.017,0.452,,0,0.452,0.352,0.019,1,1,too_few_football_features;low_position_feature_completeness,ras_score|age,0.61,0.673,9.9,,
25,Jihaad Campbell,LB,LB,Alabama,PHI,1.0,31.0,21.0,0.415,0.374,0.034,0.449,,0,0.449,0.85,0.333,1,1,too_few_football_features,ras_score|age,0.564,0.643,9.88,,
26,Maxwell Hairston,CB,DB,Kentucky,BUF,1.0,30.0,22.0,0.42,0.23,0.021,0.441,,0,0.441,0.85,0.333,1,1,too_few_football_features,ras_score|age,0.466,0.335,9.63,,
27,Josh Simmons,OL,OL,Ohio St.,KAN,1.0,32.0,22.0,0.435,-0.01,-0.004,0.431,,0,0.431,0.95,0.5,27,1,,ras_score|pffx_g_off|pff_offense_blocking_block_percent|pff_offense_blocking_declined_penalties|pff_offense_blocking_grades_offense|pff_offense_blocking_grades_pass_block|pff_offense_blocking_grades_run_block|pff_offense_blocking_hits_allowed|pff_offense_blocking_hurries_allowed|pff_offense_blocking_non_spike_pass_block|pff_offense_blocking_non_spike_pass_block_percentage|pff_offense_blocking_pass_block_percent|pff_offense_blocking_pbe|pff_offense_blocking_penalties|pff_offense_blocking_pressures_allowed|pff_offense_blocking_sacks_allowed|pff_offense_blocking_snap_counts_block|pff_offense_blocking_snap_counts_ce|pff_offense_blocking_snap_counts_lg|pff_offense_blocking_snap_counts_lt|pff_offense_blocking_snap_counts_offense|pff_offense_blocking_snap_counts_pass_block|pff_offense_blocking_snap_counts_pass_play|pff_offense_blocking_snap_counts_rg|pff_offense_blocking_snap_counts_rt|pff_offense_blocking_snap_counts_run_block|pff_offense_blocking_snap_counts_te|age,0.377,0.277,0.59,,67.5
28,Tyleik Williams,DT,DL,Ohio St.,DET,1.0,28.0,22.0,0.425,0.057,0.005,0.43,,0,0.43,0.28,0,0,1,missing_ras;too_few_football_features;low_position_feature_completeness,age,0.349,0.504,,,
29,Derrick Harmon,DT,DL,Oregon,PIT,1.0,21.0,22.0,0.425,-0.015,-0.001,0.424,,0,0.424,0.815,0.333,1,1,missing_ras;too_few_football_features,pffx_g_off|age,0.298,0.47,,,60.0
30,Omarion Hampton,RB,RB,North Carolina,LAC,1.0,22.0,22.0,0.405,0.037,0.015,0.42,,0,0.42,0.95,0.807,555,1,,ras_score|pffx_yprr|pffx_g_off|pff_receiving_concept_base_targets|pff_receiving_concept_declined_penalties|pff_receiving_concept_penalties|pff_receiving_concept_screen_avg_depth_of_target|pff_receiving_concept_screen_avoided_tackles|pff_receiving_concept_screen_caught_percent|pff_receiving_concept_screen_contested_catch_rate|pff_receiving_concept_screen_contested_receptions|pff_receiving_concept_screen_contested_targets|pff_receiving_concept_screen_drop_rate|pff_receiving_concept_screen_drops|pff_receiving_concept_screen_epa|pff_receiving_concept_screen_first_downs|pff_receiving_concept_screen_fumbles|pff_receiving_concept_screen_grades_hands_drop|pff_receiving_concept_screen_grades_pass_route|pff_receiving_concept_screen_interceptions|pff_receiving_concept_screen_longest|pff_receiving_concept_screen_pass_block_rate|pff_receiving_concept_screen_pass_blocks|pff_receiving_concept_screen_pass_plays|pff_receiving_concept_screen_positive_epa_percent|pff_receiving_concept_screen_receptions|pff_receiving_concept_screen_route_rate|pff_receiving_concept_screen_routes|pff_receiving_concept_screen_targeted_qb_rating|pff_receiving_concept_screen_targets|pff_receiving_concept_screen_targets_percent|pff_receiving_concept_screen_touchdowns|pff_receiving_concept_screen_yards|pff_receiving_concept_screen_yards_after_catch|pff_receiving_concept_screen_yards_after_catch_per_reception,0.304,0.474,9.7,9.78,88.7
31,Jahdae Barron,CB,DB,Texas,DEN,1.0,20.0,23.0,0.42,-0.006,-0.001,0.419,,0,0.419,0.85,0.333,1,1,too_few_football_features,ras_score|age,0.384,0.281,8.64,,
32,Malaki Starks,SAF,DB,Georgia,BAL,1.0,27.0,21.0,0.42,-0.085,-0.008,0.412,,0,0.412,0.85,0.333,1,1,too_few_football_features,ras_score|age,0.482,0.59,5.3,,
33,Tate Ratledge,OL,OL,Georgia,DET,2.0,57.0,24.0,0.285,0.202,0.089,0.374,,0,0.374,0.95,0.5,27,1,,ras_score|pffx_g_off|pff_offense_blocking_block_percent|pff_offense_blocking_declined_penalties|pff_offense_blocking_grades_offense|pff_offense_blocking_grades_pass_block|pff_offense_blocking_grades_run_block|pff_offense_blocking_hits_allowed|pff_offense_blocking_hurries_allowed|pff_offense_blocking_non_spike_pass_block|pff_offense_blocking_non_spike_pass_block_percentage|pff_offense_blocking_pass_block_percent|pff_offense_blocking_pbe|pff_offense_blocking_penalties|pff_offense_blocking_pressures_allowed|pff_offense_blocking_sacks_allowed|pff_offense_blocking_snap_counts_block|pff_offense_blocking_snap_counts_ce|pff_offense_blocking_snap_counts_lg|pff_offense_blocking_snap_counts_lt|pff_offense_blocking_snap_counts_offense|pff_offense_blocking_snap_counts_pass_block|pff_offense_blocking_snap_counts_pass_play|pff_offense_blocking_snap_counts_rg|pff_offense_blocking_snap_counts_rt|pff_offense_blocking_snap_counts_run_block|pff_offense_blocking_snap_counts_te|age,0.327,0.43,9.96,,76.2
34,Ozzy Trapilo,OL,OL,Boston Col.,CHI,2.0,56.0,23.0,0.285,0.121,0.053,0.338,,0,0.338,0.95,0.5,27,1,,ras_score|pffx_g_off|pff_offense_blocking_block_percent|pff_offense_blocking_declined_penalties|pff_offense_blocking_grades_offense|pff_offense_blocking_grades_pass_block|pff_offense_blocking_grades_run_block|pff_offense_blocking_hits_allowed|pff_offense_blocking_hurries_allowed|pff_offense_blocking_non_spike_pass_block|pff_offense_blocking_non_spike_pass_block_percentage|pff_offense_blocking_pass_block_percent|pff_offense_blocking_pbe|pff_offense_blocking_penalties|pff_offense_blocking_pressures_allowed|pff_offense_blocking_sacks_allowed|pff_offense_blocking_snap_counts_block|pff_offense_blocking_snap_counts_ce|pff_offense_blocking_snap_counts_lg|pff_offense_blocking_snap_counts_lt|pff_offense_blocking_snap_counts_offense|pff_offense_blocking_snap_counts_pass_block|pff_offense_blocking_snap_counts_pass_play|pff_offense_blocking_snap_counts_rg|pff_offense_blocking_snap_counts_rt|pff_offense_blocking_snap_counts_run_block|pff_offense_blocking_snap_counts_te|age,0.22,0.36,8.91,,74.9
35,Jack Bech,WR,WR,TCU,LVR,2.0,58.0,22.0,0.285,0.112,0.049,0.334,,0,0.334,0.95,0.969,627,1,,ras_score|pffx_yprr|pffx_g_off|pff_receiving_concept_base_targets|pff_receiving_concept_declined_penalties|pff_receiving_concept_penalties|pff_receiving_concept_screen_avg_depth_of_target|pff_receiving_concept_screen_avoided_tackles|pff_receiving_concept_screen_caught_percent|pff_receiving_concept_screen_contested_receptions|pff_receiving_concept_screen_contested_targets|pff_receiving_concept_screen_drop_rate|pff_receiving_concept_screen_drops|pff_receiving_concept_screen_epa|pff_receiving_concept_screen_first_downs|pff_receiving_concept_screen_fumbles|pff_receiving_concept_screen_grades_hands_drop|pff_receiving_concept_screen_grades_pass_route|pff_receiving_concept_screen_interceptions|pff_receiving_concept_screen_longest|pff_receiving_concept_screen_pass_block_rate|pff_receiving_concept_screen_pass_blocks|pff_receiving_concept_screen_pass_plays|pff_receiving_concept_screen_positive_epa_percent|pff_receiving_concept_screen_receptions|pff_receiving_concept_screen_route_rate|pff_receiving_concept_screen_routes|pff_receiving_concept_screen_targeted_qb_rating|pff_receiving_concept_screen_targets|pff_receiving_concept_screen_targets_percent|pff_receiving_concept_screen_touchdowns|pff_receiving_concept_screen_yards|pff_receiving_concept_screen_yards_after_catch|pff_receiving_concept_screen_yards_after_catch_per_reception|pff_receiving_concept_screen_yards_per_reception,0.314,0.243,9.51,18.37,83.0
36,Tre Harris,WR,WR,Mississippi,LAC,2.0,55.0,23.0,0.285,0.098,0.043,0.328,,0,0.328,0.95,0.988,639,1,,ras_score|pffx_yprr|pffx_g_off|pff_receiving_concept_base_targets|pff_receiving_concept_declined_penalties|pff_receiving_concept_penalties|pff_receiving_concept_screen_avg_depth_of_target|pff_receiving_concept_screen_avoided_tackles|pff_receiving_concept_screen_caught_percent|pff_receiving_concept_screen_contested_receptions|pff_receiving_concept_screen_contested_targets|pff_receiving_concept_screen_drop_rate|pff_receiving_concept_screen_drops|pff_receiving_concept_screen_epa|pff_receiving_concept_screen_first_downs|pff_receiving_concept_screen_fumbles|pff_receiving_concept_screen_grades_hands_drop|pff_receiving_concept_screen_grades_pass_route|pff_receiving_concept_screen_interceptions|pff_receiving_concept_screen_longest|pff_receiving_concept_screen_pass_block_rate|pff_receiving_concept_screen_pass_blocks|pff_receiving_concept_screen_pass_plays|pff_receiving_concept_screen_positive_epa_percent|pff_receiving_concept_screen_receptions|pff_receiving_concept_screen_route_rate|pff_receiving_concept_screen_routes|pff_receiving_concept_screen_targeted_qb_rating|pff_receiving_concept_screen_targets|pff_receiving_concept_screen_targets_percent|pff_receiving_concept_screen_touchdowns|pff_receiving_concept_screen_yards|pff_receiving_concept_screen_yards_after_catch|pff_receiving_concept_screen_yards_after_catch_per_reception|pff_receiving_concept_screen_yards_per_reception,0.351,0.445,9.23,24.94,89.7
37,Jayden Higgins,WR,WR,Iowa St.,HOU,2.0,34.0,22.0,0.285,0.079,0.035,0.32,,0,0.32,0.95,0.961,622,1,,ras_score|pffx_yprr|pffx_g_off|pff_receiving_concept_base_targets|pff_receiving_concept_declined_penalties|pff_receiving_concept_penalties|pff_receiving_concept_screen_avg_depth_of_target|pff_receiving_concept_screen_avoided_tackles|pff_receiving_concept_screen_caught_percent|pff_receiving_concept_screen_contested_receptions|pff_receiving_concept_screen_contested_targets|pff_receiving_concept_screen_drop_rate|pff_receiving_concept_screen_drops|pff_receiving_concept_screen_epa|pff_receiving_concept_screen_first_downs|pff_receiving_concept_screen_fumbles|pff_receiving_concept_screen_grades_hands_drop|pff_receiving_concept_screen_grades_pass_route|pff_receiving_concept_screen_interceptions|pff_receiving_concept_screen_longest|pff_receiving_concept_screen_pass_block_rate|pff_receiving_concept_screen_pass_blocks|pff_receiving_concept_screen_pass_plays|pff_receiving_concept_screen_positive_epa_percent|pff_receiving_concept_screen_receptions|pff_receiving_concept_screen_route_rate|pff_receiving_concept_screen_routes|pff_receiving_concept_screen_targeted_qb_rating|pff_receiving_concept_screen_targets|pff_receiving_concept_screen_targets_percent|pff_receiving_concept_screen_touchdowns|pff_receiving_concept_screen_yards|pff_receiving_concept_screen_yards_after_catch|pff_receiving_concept_screen_yards_after_catch_per_reception|pff_receiving_concept_screen_yards_per_reception,0.309,0.418,9.63,11.78,90.3
38,Jonah Savaiinaea,OL,OL,Arizona,MIA,2.0,37.0,21.0,0.285,0.078,0.034,0.319,,0,0.319,0.95,0.5,27,1,,ras_score|pffx_g_off|pff_offense_blocking_block_percent|pff_offense_blocking_declined_penalties|pff_offense_blocking_grades_offense|pff_offense_blocking_grades_pass_block|pff_offense_blocking_grades_run_block|pff_offense_blocking_hits_allowed|pff_offense_blocking_hurries_allowed|pff_offense_blocking_non_spike_pass_block|pff_offense_blocking_non_spike_pass_block_percentage|pff_offense_blocking_pass_block_percent|pff_offense_blocking_pbe|pff_offense_blocking_penalties|pff_offense_blocking_pressures_allowed|pff_offense_blocking_sacks_allowed|pff_offense_blocking_snap_counts_block|pff_offense_blocking_snap_counts_ce|pff_offense_blocking_snap_counts_lg|pff_offense_blocking_snap_counts_lt|pff_offense_blocking_snap_counts_offense|pff_offense_blocking_snap_counts_pass_block|pff_offense_blocking_snap_counts_pass_play|pff_offense_blocking_snap_counts_rg|pff_offense_blocking_snap_counts_rt|pff_offense_blocking_snap_counts_run_block|pff_offense_blocking_snap_counts_te|age,0.619,0.619,9.84,,69.1
39,Aireontae Ersery,OL,OL,Minnesota,HOU,2.0,48.0,23.0,0.285,0.173,0.029,0.314,,0,0.314,0.426,0.056,3,1,thin_football_features;low_position_feature_completeness,ras_score|pffx_yprr|pffx_g_off|age,0.466,0.52,9.43,0.0,77.5
40,Tyler Shough,QB,QB,Louisville,NOR,2.0,40.0,25.0,0.305,0.013,0.006,0.311,,0,0.311,0.95,0.938,937,1,,ras_score|pffx_g_off|pff_passing_allowed_pressure_allowed_pressure_dropbacks|pff_passing_allowed_pressure_ce_percent|pff_passing_allowed_pressure_declined_penalties|pff_passing_allowed_pressure_hits_allowed|pff_passing_allowed_pressure_hurries_allowed|pff_passing_allowed_pressure_lg_percent|pff_passing_allowed_pressure_lt_percent|pff_passing_allowed_pressure_ol_te_percent|pff_passing_allowed_pressure_other_percent|pff_passing_allowed_pressure_penalties|pff_passing_allowed_pressure_pressures_allowed|pff_passing_allowed_pressure_pressures_ce|pff_passing_allowed_pressure_pressures_lg|pff_passing_allowed_pressure_pressures_lt|pff_passing_allowed_pressure_pressures_off|pff_passing_allowed_pressure_pressures_ol_te|pff_passing_allowed_pressure_pressures_other|pff_passing_allowed_pressure_pressures_rg|pff_passing_allowed_pressure_pressures_rt|pff_passing_allowed_pressure_pressures_self|pff_passing_allowed_pressure_pressures_te|pff_passing_allowed_pressure_rg_percent|pff_passing_allowed_pressure_rt_percent|pff_passing_allowed_pressure_sacks_allowed|pff_passing_allowed_pressure_self_percent|pff_passing_allowed_pressure_te_percent|pff_passing_concept_dropbacks|pff_passing_concept_no_screen_accuracy_percent|pff_passing_concept_no_screen_aimed_passes|pff_passing_concept_no_screen_attempts|pff_passing_concept_no_screen_avg_depth_of_target|pff_passing_concept_no_screen_avg_time_to_throw|pff_passing_concept_no_screen_bats,0.173,0.329,9.7,,92.3
41,Nic Scourton,DE,DL,Texas A&M,CAR,2.0,51.0,21.0,0.275,0.343,0.031,0.306,,0,0.306,0.28,0,0,1,missing_ras;too_few_football_features;low_position_feature_completeness,age,0.28,0.399,,,
42,Oluwafemi Oladejo,DE,DL,UCLA,TEN,2.0,52.0,21.0,0.275,0.343,0.031,0.306,,0,0.306,0.28,0,0,1,missing_ras;too_few_football_features;low_position_feature_completeness,age,0.28,0.22,,,
43,Elijah Arroyo,TE,TE,Miami (FL),SEA,2.0,50.0,22.0,0.255,0.114,0.05,0.305,,0,0.305,0.95,0.859,577,1,missing_ras,pffx_yprr|pffx_g_off|pff_receiving_concept_base_targets|pff_receiving_concept_declined_penalties|pff_receiving_concept_penalties|pff_receiving_concept_screen_avg_depth_of_target|pff_receiving_concept_screen_avoided_tackles|pff_receiving_concept_screen_caught_percent|pff_receiving_concept_screen_contested_receptions|pff_receiving_concept_screen_contested_targets|pff_receiving_concept_screen_drop_rate|pff_receiving_concept_screen_drops|pff_receiving_concept_screen_epa|pff_receiving_concept_screen_first_downs|pff_receiving_concept_screen_fumbles|pff_receiving_concept_screen_grades_hands_drop|pff_receiving_concept_screen_grades_pass_route|pff_receiving_concept_screen_interceptions|pff_receiving_concept_screen_longest|pff_receiving_concept_screen_pass_block_rate|pff_receiving_concept_screen_pass_blocks|pff_receiving_concept_screen_pass_plays|pff_receiving_concept_screen_positive_epa_percent|pff_receiving_concept_screen_receptions|pff_receiving_concept_screen_route_rate|pff_receiving_concept_screen_routes|pff_receiving_concept_screen_targeted_qb_rating|pff_receiving_concept_screen_targets|pff_receiving_concept_screen_targets_percent|pff_receiving_concept_screen_touchdowns|pff_receiving_concept_screen_yards|pff_receiving_concept_screen_yards_after_catch|pff_receiving_concept_screen_yards_after_catch_per_reception|pff_receiving_concept_screen_yards_per_reception|pff_receiving_concept_screen_yprr,0.374,0.282,,23.14,82.8
44,Mason Taylor,TE,TE,LSU,NYJ,2.0,42.0,21.0,0.255,0.114,0.05,0.305,,0,0.305,0.95,0.879,591,1,,ras_score|pffx_yprr|pffx_g_off|pff_receiving_concept_base_targets|pff_receiving_concept_declined_penalties|pff_receiving_concept_penalties|pff_receiving_concept_screen_avg_depth_of_target|pff_receiving_concept_screen_avoided_tackles|pff_receiving_concept_screen_caught_percent|pff_receiving_concept_screen_contested_receptions|pff_receiving_concept_screen_contested_targets|pff_receiving_concept_screen_drop_rate|pff_receiving_concept_screen_drops|pff_receiving_concept_screen_epa|pff_receiving_concept_screen_first_downs|pff_receiving_concept_screen_fumbles|pff_receiving_concept_screen_grades_hands_drop|pff_receiving_concept_screen_grades_pass_route|pff_receiving_concept_screen_interceptions|pff_receiving_concept_screen_longest|pff_receiving_concept_screen_pass_block_rate|pff_receiving_concept_screen_pass_blocks|pff_receiving_concept_screen_pass_plays|pff_receiving_concept_screen_positive_epa_percent|pff_receiving_concept_screen_receptions|pff_receiving_concept_screen_route_rate|pff_receiving_concept_screen_routes|pff_receiving_concept_screen_targeted_qb_rating|pff_receiving_concept_screen_targets|pff_receiving_concept_screen_targets_percent|pff_receiving_concept_screen_touchdowns|pff_receiving_concept_screen_yards|pff_receiving_concept_screen_yards_after_catch|pff_receiving_concept_screen_yards_after_catch_per_reception|pff_receiving_concept_screen_yards_per_reception,0.339,0.437,8.89,8.71,67.8
45,TreVeyon Henderson,RB,RB,Ohio St.,NWE,2.0,38.0,22.0,0.255,0.106,0.047,0.302,,0,0.302,0.95,0.887,610,1,,ras_score|pffx_yprr|pffx_g_off|pff_receiving_concept_base_targets|pff_receiving_concept_declined_penalties|pff_receiving_concept_penalties|pff_receiving_concept_screen_avg_depth_of_target|pff_receiving_concept_screen_avoided_tackles|pff_receiving_concept_screen_caught_percent|pff_receiving_concept_screen_contested_receptions|pff_receiving_concept_screen_contested_targets|pff_receiving_concept_screen_drop_rate|pff_receiving_concept_screen_drops|pff_receiving_concept_screen_epa|pff_receiving_concept_screen_first_downs|pff_receiving_concept_screen_fumbles|pff_receiving_concept_screen_grades_hands_drop|pff_receiving_concept_screen_grades_pass_route|pff_receiving_concept_screen_interceptions|pff_receiving_concept_screen_longest|pff_receiving_concept_screen_pass_block_rate|pff_receiving_concept_screen_pass_blocks|pff_receiving_concept_screen_pass_plays|pff_receiving_concept_screen_positive_epa_percent|pff_receiving_concept_screen_receptions|pff_receiving_concept_screen_route_rate|pff_receiving_concept_screen_routes|pff_receiving_concept_screen_targeted_qb_rating|pff_receiving_concept_screen_targets|pff_receiving_concept_screen_targets_percent|pff_receiving_concept_screen_touchdowns|pff_receiving_concept_screen_yards|pff_receiving_concept_screen_yards_after_catch|pff_receiving_concept_screen_yards_after_catch_per_reception|pff_receiving_concept_screen_yards_per_reception,0.358,0.449,8.87,32.0,88.4
46,Nick Emmanwori,SAF,DB,South Carolina,SEA,2.0,35.0,21.0,0.27,0.308,0.028,0.298,,0,0.298,0.85,0.667,2,1,too_few_football_features,ras_score|pffx_g_off|age,0.38,0.464,10.0,,60.0
47,T.J. Sanders,DT,DL,South Carolina,BUF,2.0,41.0,22.0,0.275,0.234,0.021,0.296,,0,0.296,0.85,0.667,2,1,too_few_football_features,ras_score|pffx_g_off|age,0.26,0.208,9.38,,60.2
48,JT Tuimoloau,DE,DL,Ohio St.,IND,2.0,45.0,22.0,0.275,0.233,0.021,0.296,,0,0.296,0.85,0.333,1,1,too_few_football_features,ras_score|age,0.4,0.299,9.33,,
49,Luther Burden,WR,WR,Missouri,CHI,2.0,39.0,21.0,0.285,0.01,0.005,0.29,,0,0.29,0.95,0.969,627,1,missing_ras,pffx_yprr|pffx_g_off|pff_receiving_concept_base_targets|pff_receiving_concept_declined_penalties|pff_receiving_concept_penalties|pff_receiving_concept_screen_avg_depth_of_target|pff_receiving_concept_screen_avoided_tackles|pff_receiving_concept_screen_caught_percent|pff_receiving_concept_screen_contested_catch_rate|pff_receiving_concept_screen_contested_receptions|pff_receiving_concept_screen_contested_targets|pff_receiving_concept_screen_drop_rate|pff_receiving_concept_screen_drops|pff_receiving_concept_screen_epa|pff_receiving_concept_screen_first_downs|pff_receiving_concept_screen_fumbles|pff_receiving_concept_screen_grades_hands_drop|pff_receiving_concept_screen_grades_pass_route|pff_receiving_concept_screen_interceptions|pff_receiving_concept_screen_longest|pff_receiving_concept_screen_pass_block_rate|pff_receiving_concept_screen_pass_blocks|pff_receiving_concept_screen_pass_plays|pff_receiving_concept_screen_positive_epa_percent|pff_receiving_concept_screen_receptions|pff_receiving_concept_screen_route_rate|pff_receiving_concept_screen_routes|pff_receiving_concept_screen_targeted_qb_rating|pff_receiving_concept_screen_targets|pff_receiving_concept_screen_targets_percent|pff_receiving_concept_screen_touchdowns|pff_receiving_concept_screen_yards|pff_receiving_concept_screen_yards_after_catch|pff_receiving_concept_screen_yards_after_catch_per_reception|pff_receiving_concept_screen_yards_per_reception,0.514,0.551,,12.06,77.9
50,Benjamin Morrison,CB,DB,Notre Dame,TAM,2.0,53.0,21.0,0.27,0.2,0.018,0.288,,0,0.288,0.28,0,0,1,missing_ras;too_few_football_features;low_position_feature_completeness,age,0.328,0.252,,,
51,Carson Schwesinger,LB,LB,UCLA,CLE,2.0,33.0,22.0,0.265,0.254,0.023,0.288,,0,0.288,0.85,0.333,1,1,too_few_football_features,ras_score|age,0.547,0.573,9.86,,
52,Terrance Ferguson,TE,TE,Oregon,LAR,2.0,46.0,22.0,0.255,0.073,0.032,0.287,,0,0.287,0.95,0.857,576,1,,ras_score|pffx_yprr|pffx_g_off|pff_receiving_concept_base_targets|pff_receiving_concept_declined_penalties|pff_receiving_concept_penalties|pff_receiving_concept_screen_avg_depth_of_target|pff_receiving_concept_screen_avoided_tackles|pff_receiving_concept_screen_caught_percent|pff_receiving_concept_screen_contested_receptions|pff_receiving_concept_screen_contested_targets|pff_receiving_concept_screen_drop_rate|pff_receiving_concept_screen_drops|pff_receiving_concept_screen_epa|pff_receiving_concept_screen_first_downs|pff_receiving_concept_screen_fumbles|pff_receiving_concept_screen_grades_hands_drop|pff_receiving_concept_screen_grades_pass_route|pff_receiving_concept_screen_interceptions|pff_receiving_concept_screen_longest|pff_receiving_concept_screen_pass_block_rate|pff_receiving_concept_screen_pass_blocks|pff_receiving_concept_screen_pass_plays|pff_receiving_concept_screen_positive_epa_percent|pff_receiving_concept_screen_receptions|pff_receiving_concept_screen_route_rate|pff_receiving_concept_screen_routes|pff_receiving_concept_screen_targeted_qb_rating|pff_receiving_concept_screen_targets|pff_receiving_concept_screen_targets_percent|pff_receiving_concept_screen_touchdowns|pff_receiving_concept_screen_yards|pff_receiving_concept_screen_yards_after_catch|pff_receiving_concept_screen_yards_after_catch_per_reception|pff_receiving_concept_screen_yards_per_reception,0.344,0.262,9.32,14.6,73.9
53,Donovan Ezeiruaku,DE,DL,Boston Col.,DAL,2.0,44.0,21.0,0.275,0.095,0.009,0.284,,0,0.284,0.85,0.667,2,1,too_few_football_features,ras_score|pffx_g_off|age,0.255,0.383,8.14,,60.0
54,RJ Harvey,RB,RB,Central Florida,DEN,2.0,60.0,24.0,0.255,0.063,0.028,0.283,,0,0.283,0.95,0.859,591,1,,ras_score|pffx_yprr|pffx_g_off|pff_receiving_concept_base_targets|pff_receiving_concept_declined_penalties|pff_receiving_concept_penalties|pff_receiving_concept_screen_avg_depth_of_target|pff_receiving_concept_screen_avoided_tackles|pff_receiving_concept_screen_caught_percent|pff_receiving_concept_screen_contested_receptions|pff_receiving_concept_screen_contested_targets|pff_receiving_concept_screen_drop_rate|pff_receiving_concept_screen_drops|pff_receiving_concept_screen_epa|pff_receiving_concept_screen_first_downs|pff_receiving_concept_screen_fumbles|pff_receiving_concept_screen_grades_hands_drop|pff_receiving_concept_screen_grades_pass_route|pff_receiving_concept_screen_interceptions|pff_receiving_concept_screen_longest|pff_receiving_concept_screen_pass_block_rate|pff_receiving_concept_screen_pass_blocks|pff_receiving_concept_screen_pass_plays|pff_receiving_concept_screen_positive_epa_percent|pff_receiving_concept_screen_receptions|pff_receiving_concept_screen_route_rate|pff_receiving_concept_screen_routes|pff_receiving_concept_screen_targeted_qb_rating|pff_receiving_concept_screen_targets|pff_receiving_concept_screen_targets_percent|pff_receiving_concept_screen_touchdowns|pff_receiving_concept_screen_yards|pff_receiving_concept_screen_yards_after_catch|pff_receiving_concept_screen_yards_after_catch_per_reception|pff_receiving_concept_screen_yards_per_reception,0.246,0.377,8.49,52.0,87.1
55,Mike Green,DE,DL,Marshall,BAL,2.0,59.0,22.0,0.275,0.057,0.005,0.28,,0,0.28,0.28,0,0,1,missing_ras;too_few_football_features;low_position_feature_completeness,age,0.256,0.384,,,
56,Shemar Turner,DE,DL,Texas A&M,CHI,2.0,62.0,22.0,0.275,0.057,0.005,0.28,,0,0.28,0.28,0,0,1,missing_ras;too_few_football_features;low_position_feature_completeness,age,0.26,0.169,,,
57,Quinshon Judkins,RB,RB,Ohio St.,CLE,2.0,36.0,21.0,0.255,0.027,0.012,0.267,,0,0.267,0.95,0.859,591,1,,ras_score|pffx_yprr|pffx_g_off|pff_receiving_concept_base_targets|pff_receiving_concept_declined_penalties|pff_receiving_concept_penalties|pff_receiving_concept_screen_avg_depth_of_target|pff_receiving_concept_screen_avoided_tackles|pff_receiving_concept_screen_caught_percent|pff_receiving_concept_screen_contested_receptions|pff_receiving_concept_screen_contested_targets|pff_receiving_concept_screen_drop_rate|pff_receiving_concept_screen_drops|pff_receiving_concept_screen_epa|pff_receiving_concept_screen_first_downs|pff_receiving_concept_screen_fumbles|pff_receiving_concept_screen_grades_hands_drop|pff_receiving_concept_screen_grades_pass_route|pff_receiving_concept_screen_interceptions|pff_receiving_concept_screen_longest|pff_receiving_concept_screen_pass_block_rate|pff_receiving_concept_screen_pass_blocks|pff_receiving_concept_screen_pass_plays|pff_receiving_concept_screen_positive_epa_percent|pff_receiving_concept_screen_receptions|pff_receiving_concept_screen_route_rate|pff_receiving_concept_screen_routes|pff_receiving_concept_screen_targeted_qb_rating|pff_receiving_concept_screen_targets|pff_receiving_concept_screen_targets_percent|pff_receiving_concept_screen_touchdowns|pff_receiving_concept_screen_yards|pff_receiving_concept_screen_yards_after_catch|pff_receiving_concept_screen_yards_after_catch_per_reception|pff_receiving_concept_screen_yards_per_reception,0.307,0.417,9.9,6.64,88.8
58,Trey Amos,CB,DB,Mississippi,WAS,2.0,61.0,23.0,0.27,-0.06,-0.005,0.265,,0,0.265,0.85,0.333,1,1,too_few_football_features,ras_score|age,0.256,0.383,8.38,,
59,Wyatt Milum,OL,OL,West Virginia,JAX,3.0,89.0,22.0,0.195,0.172,0.069,0.264,,0,0.264,0.95,0.5,27,1,,ras_score|pffx_g_off|pff_offense_blocking_block_percent|pff_offense_blocking_declined_penalties|pff_offense_blocking_grades_offense|pff_offense_blocking_grades_pass_block|pff_offense_blocking_grades_run_block|pff_offense_blocking_hits_allowed|pff_offense_blocking_hurries_allowed|pff_offense_blocking_non_spike_pass_block|pff_offense_blocking_non_spike_pass_block_percentage|pff_offense_blocking_pass_block_percent|pff_offense_blocking_pbe|pff_offense_blocking_penalties|pff_offense_blocking_pressures_allowed|pff_offense_blocking_sacks_allowed|pff_offense_blocking_snap_counts_block|pff_offense_blocking_snap_counts_ce|pff_offense_blocking_snap_counts_lg|pff_offense_blocking_snap_counts_lt|pff_offense_blocking_snap_counts_offense|pff_offense_blocking_snap_counts_pass_block|pff_offense_blocking_snap_counts_pass_play|pff_offense_blocking_snap_counts_rg|pff_offense_blocking_snap_counts_rt|pff_offense_blocking_snap_counts_run_block|pff_offense_blocking_snap_counts_te|age,0.249,0.2,9.14,,80.1
60,Will Johnson,CB,DB,Michigan,ARI,2.0,47.0,22.0,0.27,-0.086,-0.008,0.262,,0,0.262,0.28,0,0,1,missing_ras;too_few_football_features;low_position_feature_completeness,age,0.347,0.442,,,
61,Demetrius Knight,LB,LB,South Carolina,CIN,2.0,49.0,25.0,0.265,-0.061,-0.005,0.26,,0,0.26,0.85,0.667,2,1,too_few_football_features,ras_score|pffx_g_off|age,0.108,0.287,8.17,,60.5
62,Dylan Fairchild,OL,OL,Georgia,CIN,3.0,81.0,22.0,0.195,0.158,0.063,0.258,,0,0.258,0.95,0.481,26,1,missing_ras,pffx_g_off|pff_offense_blocking_block_percent|pff_offense_blocking_declined_penalties|pff_offense_blocking_grades_offense|pff_offense_blocking_grades_pass_block|pff_offense_blocking_grades_run_block|pff_offense_blocking_hits_allowed|pff_offense_blocking_hurries_allowed|pff_offense_blocking_non_spike_pass_block|pff_offense_blocking_non_spike_pass_block_percentage|pff_offense_blocking_pass_block_percent|pff_offense_blocking_pbe|pff_offense_blocking_penalties|pff_offense_blocking_pressures_allowed|pff_offense_blocking_sacks_allowed|pff_offense_blocking_snap_counts_block|pff_offense_blocking_snap_counts_ce|pff_offense_blocking_snap_counts_lg|pff_offense_blocking_snap_counts_lt|pff_offense_blocking_snap_counts_offense|pff_offense_blocking_snap_counts_pass_block|pff_offense_blocking_snap_counts_pass_play|pff_offense_blocking_snap_counts_rg|pff_offense_blocking_snap_counts_rt|pff_offense_blocking_snap_counts_run_block|pff_offense_blocking_snap_counts_te|age,0.21,0.354,,,73.1
63,Harold Fannin,TE,TE,Bowling Green,CLE,3.0,67.0,21.0,0.165,0.225,0.09,0.255,,0,0.255,0.95,0.894,601,1,,ras_score|pffx_yprr|pffx_g_off|pff_receiving_concept_base_targets|pff_receiving_concept_declined_penalties|pff_receiving_concept_penalties|pff_receiving_concept_screen_avg_depth_of_target|pff_receiving_concept_screen_avoided_tackles|pff_receiving_concept_screen_caught_percent|pff_receiving_concept_screen_contested_catch_rate|pff_receiving_concept_screen_contested_receptions|pff_receiving_concept_screen_contested_targets|pff_receiving_concept_screen_drop_rate|pff_receiving_concept_screen_drops|pff_receiving_concept_screen_epa|pff_receiving_concept_screen_first_downs|pff_receiving_concept_screen_fumbles|pff_receiving_concept_screen_grades_hands_drop|pff_receiving_concept_screen_grades_pass_route|pff_receiving_concept_screen_interceptions|pff_receiving_concept_screen_longest|pff_receiving_concept_screen_pass_block_rate|pff_receiving_concept_screen_pass_blocks|pff_receiving_concept_screen_pass_plays|pff_receiving_concept_screen_positive_epa_percent|pff_receiving_concept_screen_receptions|pff_receiving_concept_screen_route_rate|pff_receiving_concept_screen_routes|pff_receiving_concept_screen_targeted_qb_rating|pff_receiving_concept_screen_targets|pff_receiving_concept_screen_targets_percent|pff_receiving_concept_screen_touchdowns|pff_receiving_concept_screen_yards|pff_receiving_concept_screen_yards_after_catch|pff_receiving_concept_screen_yards_after_catch_per_reception,0.342,0.439,7.76,19.59,96.7
64,Omarr Norman-Lott,DT,DL,Tennessee,KAN,2.0,63.0,23.0,0.275,-0.226,-0.02,0.255,,0,0.255,0.85,0.333,1,1,too_few_football_features,ras_score|age,0.256,0.166,5.95,,
65,Alfred Collins,DT,DL,Texas,SFO,2.0,43.0,23.0,0.275,-0.229,-0.021,0.254,,0,0.254,0.28,0,0,1,missing_ras;too_few_football_features;low_position_feature_completeness,age,0.347,0.442,,,
66,Andrew Mukuba,SAF,DB,Texas,PHI,2.0,64.0,22.0,0.27,-0.22,-0.02,0.25,,0,0.25,0.85,0.333,1,1,too_few_football_features,ras_score|age,0.33,0.432,5.12,,
67,Anthony Belton,OT,OL,North Carolina St.,GNB,2.0,54.0,24.0,0.285,-0.089,-0.039,0.246,,0,0.246,0.95,0.5,27,1,,ras_score|pffx_g_off|pff_offense_blocking_block_percent|pff_offense_blocking_declined_penalties|pff_offense_blocking_grades_offense|pff_offense_blocking_grades_pass_block|pff_offense_blocking_grades_run_block|pff_offense_blocking_hits_allowed|pff_offense_blocking_hurries_allowed|pff_offense_blocking_non_spike_pass_block|pff_offense_blocking_non_spike_pass_block_percentage|pff_offense_blocking_pass_block_percent|pff_offense_blocking_pbe|pff_offense_blocking_penalties|pff_offense_blocking_pressures_allowed|pff_offense_blocking_sacks_allowed|pff_offense_blocking_snap_counts_block|pff_offense_blocking_snap_counts_ce|pff_offense_blocking_snap_counts_lg|pff_offense_blocking_snap_counts_lt|pff_offense_blocking_snap_counts_offense|pff_offense_blocking_snap_counts_pass_block|pff_offense_blocking_snap_counts_pass_play|pff_offense_blocking_snap_counts_rg|pff_offense_blocking_snap_counts_rt|pff_offense_blocking_snap_counts_run_block|pff_offense_blocking_snap_counts_te|age,0.237,0.371,7.75,,65.9
68,Dillon Gabriel,QB,QB,Oregon,CLE,3.0,94.0,24.0,0.215,0.071,0.029,0.244,,0,0.244,0.95,0.946,945,1,missing_ras,pffx_yprr|pffx_g_off|pff_passing_allowed_pressure_allowed_pressure_dropbacks|pff_passing_allowed_pressure_ce_percent|pff_passing_allowed_pressure_declined_penalties|pff_passing_allowed_pressure_hits_allowed|pff_passing_allowed_pressure_hurries_allowed|pff_passing_allowed_pressure_lg_percent|pff_passing_allowed_pressure_lt_percent|pff_passing_allowed_pressure_ol_te_percent|pff_passing_allowed_pressure_other_percent|pff_passing_allowed_pressure_penalties|pff_passing_allowed_pressure_pressures_allowed|pff_passing_allowed_pressure_pressures_ce|pff_passing_allowed_pressure_pressures_lg|pff_passing_allowed_pressure_pressures_lt|pff_passing_allowed_pressure_pressures_off|pff_passing_allowed_pressure_pressures_ol_te|pff_passing_allowed_pressure_pressures_other|pff_passing_allowed_pressure_pressures_rg|pff_passing_allowed_pressure_pressures_rt|pff_passing_allowed_pressure_pressures_self|pff_passing_allowed_pressure_pressures_te|pff_passing_allowed_pressure_rg_percent|pff_passing_allowed_pressure_rt_percent|pff_passing_allowed_pressure_sacks_allowed|pff_passing_allowed_pressure_self_percent|pff_passing_allowed_pressure_te_percent|pff_passing_concept_dropbacks|pff_passing_concept_no_screen_accuracy_percent|pff_passing_concept_no_screen_aimed_passes|pff_passing_concept_no_screen_attempts|pff_passing_concept_no_screen_avg_depth_of_target|pff_passing_concept_no_screen_avg_time_to_throw|pff_passing_concept_no_screen_bats,0.17,0.327,,0.0,90.9
69,Kyle Williams,WR,WR,Washington St.,NWE,3.0,69.0,22.0,0.195,0.111,0.045,0.24,,0,0.24,0.95,0.985,637,1,,ras_score|pffx_yprr|pffx_g_off|pff_receiving_concept_base_targets|pff_receiving_concept_declined_penalties|pff_receiving_concept_penalties|pff_receiving_concept_screen_avg_depth_of_target|pff_receiving_concept_screen_avoided_tackles|pff_receiving_concept_screen_caught_percent|pff_receiving_concept_screen_contested_catch_rate|pff_receiving_concept_screen_contested_receptions|pff_receiving_concept_screen_contested_targets|pff_receiving_concept_screen_drop_rate|pff_receiving_concept_screen_drops|pff_receiving_concept_screen_epa|pff_receiving_concept_screen_first_downs|pff_receiving_concept_screen_fumbles|pff_receiving_concept_screen_grades_hands_drop|pff_receiving_concept_screen_grades_pass_route|pff_receiving_concept_screen_interceptions|pff_receiving_concept_screen_longest|pff_receiving_concept_screen_pass_block_rate|pff_receiving_concept_screen_pass_blocks|pff_receiving_concept_screen_pass_plays|pff_receiving_concept_screen_positive_epa_percent|pff_receiving_concept_screen_receptions|pff_receiving_concept_screen_route_rate|pff_receiving_concept_screen_routes|pff_receiving_concept_screen_targeted_qb_rating|pff_receiving_concept_screen_targets|pff_receiving_concept_screen_targets_percent|pff_receiving_concept_screen_touchdowns|pff_receiving_concept_screen_yards|pff_receiving_concept_screen_yards_after_catch|pff_receiving_concept_screen_yards_after_catch_per_reception,0.351,0.267,8.24,18.92,79.8
70,Pat Bryant,WR,WR,Illinois,DEN,3.0,74.0,22.0,0.195,0.093,0.037,0.232,,0,0.232,0.95,0.966,625,1,,ras_score|pffx_yprr|pffx_g_off|pff_receiving_concept_base_targets|pff_receiving_concept_declined_penalties|pff_receiving_concept_penalties|pff_receiving_concept_screen_avg_depth_of_target|pff_receiving_concept_screen_avoided_tackles|pff_receiving_concept_screen_caught_percent|pff_receiving_concept_screen_contested_catch_rate|pff_receiving_concept_screen_contested_receptions|pff_receiving_concept_screen_contested_targets|pff_receiving_concept_screen_drop_rate|pff_receiving_concept_screen_drops|pff_receiving_concept_screen_epa|pff_receiving_concept_screen_first_downs|pff_receiving_concept_screen_fumbles|pff_receiving_concept_screen_grades_hands_drop|pff_receiving_concept_screen_grades_pass_route|pff_receiving_concept_screen_interceptions|pff_receiving_concept_screen_longest|pff_receiving_concept_screen_pass_block_rate|pff_receiving_concept_screen_pass_blocks|pff_receiving_concept_screen_pass_plays|pff_receiving_concept_screen_positive_epa_percent|pff_receiving_concept_screen_receptions|pff_receiving_concept_screen_route_rate|pff_receiving_concept_screen_routes|pff_receiving_concept_screen_targeted_qb_rating|pff_receiving_concept_screen_targets|pff_receiving_concept_screen_targets_percent|pff_receiving_concept_screen_touchdowns|pff_receiving_concept_screen_yards|pff_receiving_concept_screen_yards_after_catch|pff_receiving_concept_screen_yards_after_catch_per_reception,0.272,0.394,7.08,17.55,84.5
71,Caleb Rogers,OL,OL,Texas Tech,LVR,3.0,98.0,23.0,0.195,0.092,0.037,0.232,,0,0.232,0.95,0.5,27,1,,ras_score|pffx_g_off|pff_offense_blocking_block_percent|pff_offense_blocking_declined_penalties|pff_offense_blocking_grades_offense|pff_offense_blocking_grades_pass_block|pff_offense_blocking_grades_run_block|pff_offense_blocking_hits_allowed|pff_offense_blocking_hurries_allowed|pff_offense_blocking_non_spike_pass_block|pff_offense_blocking_non_spike_pass_block_percentage|pff_offense_blocking_pass_block_percent|pff_offense_blocking_pbe|pff_offense_blocking_penalties|pff_offense_blocking_pressures_allowed|pff_offense_blocking_sacks_allowed|pff_offense_blocking_snap_counts_block|pff_offense_blocking_snap_counts_ce|pff_offense_blocking_snap_counts_lg|pff_offense_blocking_snap_counts_lt|pff_offense_blocking_snap_counts_offense|pff_offense_blocking_snap_counts_pass_block|pff_offense_blocking_snap_counts_pass_play|pff_offense_blocking_snap_counts_rg|pff_offense_blocking_snap_counts_rt|pff_offense_blocking_snap_counts_run_block|pff_offense_blocking_snap_counts_te|age,0.256,0.205,9.68,,72.4
72,Jaylin Noel,WR,WR,Iowa St.,HOU,3.0,79.0,23.0,0.195,0.089,0.035,0.23,,0,0.23,0.95,0.978,633,1,,ras_score|pffx_yprr|pffx_g_off|pff_receiving_concept_base_targets|pff_receiving_concept_declined_penalties|pff_receiving_concept_penalties|pff_receiving_concept_screen_avg_depth_of_target|pff_receiving_concept_screen_avoided_tackles|pff_receiving_concept_screen_caught_percent|pff_receiving_concept_screen_contested_receptions|pff_receiving_concept_screen_contested_targets|pff_receiving_concept_screen_drop_rate|pff_receiving_concept_screen_drops|pff_receiving_concept_screen_epa|pff_receiving_concept_screen_first_downs|pff_receiving_concept_screen_fumbles|pff_receiving_concept_screen_grades_hands_drop|pff_receiving_concept_screen_grades_pass_route|pff_receiving_concept_screen_interceptions|pff_receiving_concept_screen_longest|pff_receiving_concept_screen_pass_block_rate|pff_receiving_concept_screen_pass_blocks|pff_receiving_concept_screen_pass_plays|pff_receiving_concept_screen_positive_epa_percent|pff_receiving_concept_screen_receptions|pff_receiving_concept_screen_route_rate|pff_receiving_concept_screen_routes|pff_receiving_concept_screen_targeted_qb_rating|pff_receiving_concept_screen_targets|pff_receiving_concept_screen_targets_percent|pff_receiving_concept_screen_touchdowns|pff_receiving_concept_screen_yards|pff_receiving_concept_screen_yards_after_catch|pff_receiving_concept_screen_yards_after_catch_per_reception|pff_receiving_concept_screen_yards_per_reception,0.17,0.149,9.75,33.83,84.9
73,Jalen Milroe,QB,QB,Alabama,SEA,3.0,92.0,22.0,0.215,0.003,0.001,0.216,,0,0.216,0.95,0.942,941,1,missing_ras,pffx_yprr|pffx_g_off|pff_passing_allowed_pressure_allowed_pressure_dropbacks|pff_passing_allowed_pressure_ce_percent|pff_passing_allowed_pressure_declined_penalties|pff_passing_allowed_pressure_hits_allowed|pff_passing_allowed_pressure_hurries_allowed|pff_passing_allowed_pressure_lg_percent|pff_passing_allowed_pressure_lt_percent|pff_passing_allowed_pressure_ol_te_percent|pff_passing_allowed_pressure_other_percent|pff_passing_allowed_pressure_penalties|pff_passing_allowed_pressure_pressures_allowed|pff_passing_allowed_pressure_pressures_ce|pff_passing_allowed_pressure_pressures_lg|pff_passing_allowed_pressure_pressures_lt|pff_passing_allowed_pressure_pressures_off|pff_passing_allowed_pressure_pressures_ol_te|pff_passing_allowed_pressure_pressures_other|pff_passing_allowed_pressure_pressures_rg|pff_passing_allowed_pressure_pressures_rt|pff_passing_allowed_pressure_pressures_self|pff_passing_allowed_pressure_pressures_te|pff_passing_allowed_pressure_rg_percent|pff_passing_allowed_pressure_rt_percent|pff_passing_allowed_pressure_sacks_allowed|pff_passing_allowed_pressure_self_percent|pff_passing_allowed_pressure_te_percent|pff_passing_concept_dropbacks|pff_passing_concept_no_screen_accuracy_percent|pff_passing_concept_no_screen_aimed_passes|pff_passing_concept_no_screen_attempts|pff_passing_concept_no_screen_avg_depth_of_target|pff_passing_concept_no_screen_avg_time_to_throw|pff_passing_concept_no_screen_bats,0.165,0.146,,0.0,90.2
74,Ashton Gillotte,DE,DL,Louisville,KAN,3.0,66.0,22.0,0.185,0.297,0.027,0.212,,0,0.212,0.85,0.333,1,1,too_few_football_features,ras_score|age,0.295,0.409,9.75,,
75,Landon Jackson,DE,DL,Arkansas,BUF,3.0,72.0,22.0,0.185,0.209,0.019,0.204,,0,0.204,0.85,0.667,2,1,too_few_football_features,ras_score|pffx_g_off|age,0.15,0.097,9.78,,60.0
76,Emery Jones,OL,OL,LSU,BAL,3.0,91.0,21.0,0.195,0.021,0.008,0.203,,0,0.203,0.95,0.481,26,1,missing_ras,pffx_g_off|pff_offense_blocking_block_percent|pff_offense_blocking_declined_penalties|pff_offense_blocking_grades_offense|pff_offense_blocking_grades_pass_block|pff_offense_blocking_grades_run_block|pff_offense_blocking_hits_allowed|pff_offense_blocking_hurries_allowed|pff_offense_blocking_non_spike_pass_block|pff_offense_blocking_non_spike_pass_block_percentage|pff_offense_blocking_pass_block_percent|pff_offense_blocking_pbe|pff_offense_blocking_penalties|pff_offense_blocking_pressures_allowed|pff_offense_blocking_sacks_allowed|pff_offense_blocking_snap_counts_block|pff_offense_blocking_snap_counts_ce|pff_offense_blocking_snap_counts_lg|pff_offense_blocking_snap_counts_lt|pff_offense_blocking_snap_counts_offense|pff_offense_blocking_snap_counts_pass_block|pff_offense_blocking_snap_counts_pass_play|pff_offense_blocking_snap_counts_rg|pff_offense_blocking_snap_counts_rt|pff_offense_blocking_snap_counts_run_block|pff_offense_blocking_snap_counts_te|age,0.257,0.206,,,73.9
77,Caleb Ransaw,SAF,DB,Tulane,JAX,3.0,88.0,22.0,0.18,0.256,0.023,0.203,,0,0.203,0.85,0.333,1,1,too_few_football_features,ras_score|age,0.277,0.18,9.75,,
78,Jacob Parrish,CB,DB,Kansas St.,TAM,3.0,84.0,21.0,0.18,0.245,0.022,0.202,,0,0.202,0.85,0.333,1,1,too_few_football_features,ras_score|age,0.295,0.409,8.82,,
79,Kevin Winston,SAF,DB,Penn St.,TEN,3.0,82.0,21.0,0.18,0.2,0.018,0.198,,0,0.198,0.28,0,0,1,missing_ras;too_few_football_features;low_position_feature_completeness,age,0.279,0.22,,,
80,Isaac TeSlaa,WR,WR,Arkansas,DET,3.0,70.0,23.0,0.195,0.005,0.002,0.197,,0,0.197,0.95,0.961,622,1,,ras_score|pffx_yprr|pffx_g_off|pff_receiving_concept_base_targets|pff_receiving_concept_declined_penalties|pff_receiving_concept_penalties|pff_receiving_concept_screen_avg_depth_of_target|pff_receiving_concept_screen_avoided_tackles|pff_receiving_concept_screen_caught_percent|pff_receiving_concept_screen_contested_receptions|pff_receiving_concept_screen_contested_targets|pff_receiving_concept_screen_drop_rate|pff_receiving_concept_screen_drops|pff_receiving_concept_screen_epa|pff_receiving_concept_screen_first_downs|pff_receiving_concept_screen_fumbles|pff_receiving_concept_screen_grades_hands_drop|pff_receiving_concept_screen_grades_pass_route|pff_receiving_concept_screen_interceptions|pff_receiving_concept_screen_longest|pff_receiving_concept_screen_pass_block_rate|pff_receiving_concept_screen_pass_blocks|pff_receiving_concept_screen_pass_plays|pff_receiving_concept_screen_positive_epa_percent|pff_receiving_concept_screen_receptions|pff_receiving_concept_screen_route_rate|pff_receiving_concept_screen_routes|pff_receiving_concept_screen_targeted_qb_rating|pff_receiving_concept_screen_targets|pff_receiving_concept_screen_targets_percent|pff_receiving_concept_screen_touchdowns|pff_receiving_concept_screen_yards|pff_receiving_concept_screen_yards_after_catch|pff_receiving_concept_screen_yards_after_catch_per_reception|pff_receiving_concept_screen_yards_per_reception,0.26,0.207,9.93,30.78,69.1
81,Jordan Burch,DE,DL,Oregon,ARI,3.0,78.0,23.0,0.185,0.095,0.009,0.194,,0,0.194,0.815,0.333,1,1,missing_ras;too_few_football_features,pffx_g_off|age,0.16,0.321,,,95.4
82,Azareye'h Thomas,CB,DB,Florida St.,NYJ,3.0,73.0,21.0,0.18,0.124,0.011,0.191,,0,0.191,0.85,0.667,2,1,too_few_football_features,ras_score|pffx_g_off|age,0.193,0.164,8.17,,60.0
83,Josaiah Stewart,DE,DL,Michigan,LAR,3.0,90.0,22.0,0.185,0.057,0.005,0.19,,0,0.19,0.28,0,0,1,missing_ras;too_few_football_features;low_position_feature_completeness,age,0.245,0.376,,,
84,Darien Porter,CB,DB,Iowa St.,LVR,3.0,68.0,24.0,0.18,0.098,0.009,0.189,,0,0.189,0.85,0.667,2,1,too_few_football_features,ras_score|pffx_g_off|age,0.182,0.335,9.99,,60.0
85,Princely Umanmielen,DE,DL,Mississippi,CAR,3.0,77.0,23.0,0.185,0.017,0.002,0.187,,0,0.187,0.85,0.333,1,1,too_few_football_features,ras_score|age,0.227,0.186,8.99,,
86,Jared Wilson,OL,OL,Georgia,NWE,3.0,95.0,22.0,0.195,-0.023,-0.009,0.186,,0,0.186,0.95,0.5,27,1,,ras_score|pffx_g_off|pff_offense_blocking_block_percent|pff_offense_blocking_declined_penalties|pff_offense_blocking_grades_offense|pff_offense_blocking_grades_pass_block|pff_offense_blocking_grades_run_block|pff_offense_blocking_hits_allowed|pff_offense_blocking_hurries_allowed|pff_offense_blocking_non_spike_pass_block|pff_offense_blocking_non_spike_pass_block_percentage|pff_offense_blocking_pass_block_percent|pff_offense_blocking_pbe|pff_offense_blocking_penalties|pff_offense_blocking_pressures_allowed|pff_offense_blocking_sacks_allowed|pff_offense_blocking_snap_counts_block|pff_offense_blocking_snap_counts_ce|pff_offense_blocking_snap_counts_lg|pff_offense_blocking_snap_counts_lt|pff_offense_blocking_snap_counts_offense|pff_offense_blocking_snap_counts_pass_block|pff_offense_blocking_snap_counts_pass_play|pff_offense_blocking_snap_counts_rg|pff_offense_blocking_snap_counts_rt|pff_offense_blocking_snap_counts_run_block|pff_offense_blocking_snap_counts_te|age,0.339,0.437,9.84,,70.2
87,Savion Williams,WR,WR,TCU,GNB,3.0,87.0,23.0,0.195,-0.03,-0.012,0.183,,0,0.183,0.95,0.94,608,1,missing_ras,pffx_yprr|pffx_g_off|pff_receiving_concept_base_targets|pff_receiving_concept_declined_penalties|pff_receiving_concept_penalties|pff_receiving_concept_screen_avg_depth_of_target|pff_receiving_concept_screen_avoided_tackles|pff_receiving_concept_screen_caught_percent|pff_receiving_concept_screen_contested_receptions|pff_receiving_concept_screen_contested_targets|pff_receiving_concept_screen_drop_rate|pff_receiving_concept_screen_drops|pff_receiving_concept_screen_epa|pff_receiving_concept_screen_first_downs|pff_receiving_concept_screen_fumbles|pff_receiving_concept_screen_grades_hands_drop|pff_receiving_concept_screen_grades_pass_route|pff_receiving_concept_screen_interceptions|pff_receiving_concept_screen_longest|pff_receiving_concept_screen_pass_block_rate|pff_receiving_concept_screen_pass_blocks|pff_receiving_concept_screen_pass_plays|pff_receiving_concept_screen_positive_epa_percent|pff_receiving_concept_screen_receptions|pff_receiving_concept_screen_route_rate|pff_receiving_concept_screen_routes|pff_receiving_concept_screen_targeted_qb_rating|pff_receiving_concept_screen_targets|pff_receiving_concept_screen_targets_percent|pff_receiving_concept_screen_touchdowns|pff_receiving_concept_screen_yards|pff_receiving_concept_screen_yards_after_catch|pff_receiving_concept_screen_yards_after_catch_per_reception|pff_receiving_concept_screen_yards_per_reception|pff_receiving_concept_screen_yprr,0.177,0.115,,14.25,86.8
88,Darius Alexander,DT,DL,Toledo,NYG,3.0,65.0,25.0,0.185,-0.047,-0.004,0.181,,0,0.181,0.85,0.333,1,1,too_few_football_features,ras_score|age,0.119,0.116,9.17,,
89,Nick Martin,LB,LB,Oklahoma St.,SFO,3.0,75.0,22.0,0.175,0.056,0.005,0.18,,0,0.18,0.85,0.333,1,1,too_few_football_features,ras_score|age,0.287,0.225,8.55,,
90,Nohl Williams,CB,DB,California,KAN,3.0,85.0,22.0,0.18,-0.087,-0.008,0.172,,0,0.172,0.85,0.333,1,1,too_few_football_features,ras_score|age,0.249,0.2,7.13,,
91,Jonas Sanker,SAF,DB,Virginia,NOR,3.0,93.0,22.0,0.18,-0.1,-0.009,0.171,,0,0.171,0.85,0.333,1,1,too_few_football_features,ras_score|age,0.249,0.379,7.04,,
92,Xavier Watts,SAF,DB,Notre Dame,ATL,3.0,96.0,23.0,0.18,-0.106,-0.01,0.17,,0,0.17,0.85,0.667,2,1,too_few_football_features,ras_score|pffx_g_off|age,0.157,0.319,5.79,,66.4
93,Jaylin Smith,CB,DB,USC,HOU,3.0,97.0,21.0,0.18,-0.123,-0.011,0.169,,0,0.169,0.85,0.333,1,1,too_few_football_features,ras_score|age,0.309,0.201,4.82,,
94,Charles Grant,OL,OL,William & Mary,LVR,3.0,99.0,23.0,0.195,-0.29,-0.026,0.169,,0,0.169,0.352,0.019,1,1,too_few_football_features;low_position_feature_completeness,ras_score|age,0.228,0.187,5.79,,
95,Shedeur Sanders,QB,QB,Colorado,CLE,5.0,144.0,23.0,0.135,0.119,0.033,0.168,,0,0.168,0.85,0.944,943,1,missing_ras,pffx_yprr|pffx_g_off|pff_passing_allowed_pressure_allowed_pressure_dropbacks|pff_passing_allowed_pressure_ce_percent|pff_passing_allowed_pressure_declined_penalties|pff_passing_allowed_pressure_hits_allowed|pff_passing_allowed_pressure_hurries_allowed|pff_passing_allowed_pressure_lg_percent|pff_passing_allowed_pressure_lt_percent|pff_passing_allowed_pressure_ol_te_percent|pff_passing_allowed_pressure_other_percent|pff_passing_allowed_pressure_penalties|pff_passing_allowed_pressure_pressures_allowed|pff_passing_allowed_pressure_pressures_ce|pff_passing_allowed_pressure_pressures_lg|pff_passing_allowed_pressure_pressures_lt|pff_passing_allowed_pressure_pressures_off|pff_passing_allowed_pressure_pressures_ol_te|pff_passing_allowed_pressure_pressures_other|pff_passing_allowed_pressure_pressures_rg|pff_passing_allowed_pressure_pressures_rt|pff_passing_allowed_pressure_pressures_self|pff_passing_allowed_pressure_pressures_te|pff_passing_allowed_pressure_rg_percent|pff_passing_allowed_pressure_rt_percent|pff_passing_allowed_pressure_sacks_allowed|pff_passing_allowed_pressure_self_percent|pff_passing_allowed_pressure_te_percent|pff_passing_concept_dropbacks|pff_passing_concept_no_screen_accuracy_percent|pff_passing_concept_no_screen_aimed_passes|pff_passing_concept_no_screen_attempts|pff_passing_concept_no_screen_avg_depth_of_target|pff_passing_concept_no_screen_avg_time_to_throw|pff_passing_concept_no_screen_bats,0.107,0.21,,0.0,94.1
96,Upton Stout,CB,DB,Western Kentucky,SFO,3.0,100.0,23.0,0.18,-0.152,-0.014,0.166,,0,0.166,0.85,0.333,1,1,too_few_football_features,ras_score|age,0.216,0.358,7.61,,
97,Justin Walley,CB,DB,Minnesota,IND,3.0,80.0,22.0,0.18,-0.169,-0.015,0.165,,0,0.165,0.85,0.333,1,1,too_few_football_features,ras_score|age,0.254,0.165,5.97,,
98,Kaleb Johnson,RB,RB,Iowa,PIT,3.0,83.0,22.0,0.165,-0.013,-0.005,0.16,,0,0.16,0.95,0.814,560,1,missing_ras,pffx_yprr|pffx_g_off|pff_receiving_concept_base_targets|pff_receiving_concept_declined_penalties|pff_receiving_concept_penalties|pff_receiving_concept_screen_avg_depth_of_target|pff_receiving_concept_screen_avoided_tackles|pff_receiving_concept_screen_caught_percent|pff_receiving_concept_screen_contested_receptions|pff_receiving_concept_screen_contested_targets|pff_receiving_concept_screen_drop_rate|pff_receiving_concept_screen_drops|pff_receiving_concept_screen_epa|pff_receiving_concept_screen_first_downs|pff_receiving_concept_screen_fumbles|pff_receiving_concept_screen_grades_hands_drop|pff_receiving_concept_screen_grades_pass_route|pff_receiving_concept_screen_interceptions|pff_receiving_concept_screen_longest|pff_receiving_concept_screen_pass_block_rate|pff_receiving_concept_screen_pass_blocks|pff_receiving_concept_screen_pass_plays|pff_receiving_concept_screen_positive_epa_percent|pff_receiving_concept_screen_receptions|pff_receiving_concept_screen_route_rate|pff_receiving_concept_screen_routes|pff_receiving_concept_screen_targeted_qb_rating|pff_receiving_concept_screen_targets|pff_receiving_concept_screen_targets_percent|pff_receiving_concept_screen_touchdowns|pff_receiving_concept_screen_yards|pff_receiving_concept_screen_yards_after_catch|pff_receiving_concept_screen_yards_after_catch_per_reception|pff_receiving_concept_screen_yards_per_reception|pff_receiving_concept_screen_yprr,0.164,0.106,,8.0,87.3
99,Shavon Revel,CB,DB,East Carolina,DAL,3.0,76.0,24.0,0.18,-0.251,-0.023,0.157,,0,0.157,0.815,0.333,1,1,missing_ras;too_few_football_features,pffx_g_off|age,0.135,0.127,,,60.0
100,Cam Miller,QB,QB,North Dakota St.,LVR,6.0,215.0,24.0,0.085,0.235,0.066,0.151,,0,0.151,0.41,0.03,30,1,low_position_feature_completeness,ras_score|pffx_g_off|pff_time_in_pocket_avg_time_to_throw|pff_time_in_pocket_dropbacks|pff_time_in_pocket_less_attempts|pff_time_in_pocket_less_big_time_throws|pff_time_in_pocket_less_completions|pff_time_in_pocket_less_def_gen_pressures|pff_time_in_pocket_less_dropbacks|pff_time_in_pocket_less_dropbacks_percent|pff_time_in_pocket_less_first_downs|pff_time_in_pocket_less_hit_as_threw|pff_time_in_pocket_less_interceptions|pff_time_in_pocket_less_sacks|pff_time_in_pocket_less_touchdowns|pff_time_in_pocket_less_turnover_worthy_plays|pff_time_in_pocket_less_yards|pff_time_in_pocket_more_attempts|pff_time_in_pocket_more_big_time_throws|pff_time_in_pocket_more_completions|pff_time_in_pocket_more_def_gen_pressures|pff_time_in_pocket_more_dropbacks|pff_time_in_pocket_more_dropbacks_percent|pff_time_in_pocket_more_first_downs|pff_time_in_pocket_more_hit_as_threw|pff_time_in_pocket_more_interceptions|pff_time_in_pocket_more_sacks|pff_time_in_pocket_more_touchdowns|pff_time_in_pocket_more_turnover_worthy_plays|pff_time_in_pocket_more_yards|age,0.027,0.025,6.07,,78.1
101,Jamaree Caldwell,DT,DL,Oregon,LAC,3.0,86.0,25.0,0.185,-0.443,-0.04,0.145,,0,0.145,0.85,0.333,1,1,too_few_football_features,ras_score|age,0.09,0.276,3.49,,
102,Jordan Watkins,WR,WR,Mississippi,SFO,4.0,138.0,23.0,0.115,0.089,0.025,0.14,,0,0.14,0.85,0.985,637,1,,ras_score|pffx_yprr|pffx_g_off|pff_receiving_concept_base_targets|pff_receiving_concept_declined_penalties|pff_receiving_concept_penalties|pff_receiving_concept_screen_avg_depth_of_target|pff_receiving_concept_screen_avoided_tackles|pff_receiving_concept_screen_caught_percent|pff_receiving_concept_screen_contested_receptions|pff_receiving_concept_screen_contested_targets|pff_receiving_concept_screen_drop_rate|pff_receiving_concept_screen_drops|pff_receiving_concept_screen_epa|pff_receiving_concept_screen_first_downs|pff_receiving_concept_screen_fumbles|pff_receiving_concept_screen_grades_hands_drop|pff_receiving_concept_screen_grades_pass_route|pff_receiving_concept_screen_interceptions|pff_receiving_concept_screen_longest|pff_receiving_concept_screen_pass_block_rate|pff_receiving_concept_screen_pass_blocks|pff_receiving_concept_screen_pass_plays|pff_receiving_concept_screen_positive_epa_percent|pff_receiving_concept_screen_receptions|pff_receiving_concept_screen_route_rate|pff_receiving_concept_screen_routes|pff_receiving_concept_screen_targeted_qb_rating|pff_receiving_concept_screen_targets|pff_receiving_concept_screen_targets_percent|pff_receiving_concept_screen_touchdowns|pff_receiving_concept_screen_yards|pff_receiving_concept_screen_yards_after_catch|pff_receiving_concept_screen_yards_after_catch_per_reception|pff_receiving_concept_screen_yards_per_reception,0.189,0.13,8.79,24.73,87.8
103,Vernon Broughton,DT,DL,Texas,NOR,3.0,71.0,24.0,0.185,-0.5,-0.045,0.14,,0,0.14,0.28,0,0,1,missing_ras;too_few_football_features;low_position_feature_completeness,age,0.256,0.166,,,
104,Tai Felton,WR,WR,Maryland,MIN,3.0,102.0,22.0,0.115,0.074,0.021,0.136,,0,0.136,0.85,0.995,644,1,,ras_score|pffx_yprr|pffx_g_off|pff_receiving_concept_base_targets|pff_receiving_concept_declined_penalties|pff_receiving_concept_penalties|pff_receiving_concept_screen_avg_depth_of_target|pff_receiving_concept_screen_avoided_tackles|pff_receiving_concept_screen_caught_percent|pff_receiving_concept_screen_contested_catch_rate|pff_receiving_concept_screen_contested_receptions|pff_receiving_concept_screen_contested_targets|pff_receiving_concept_screen_drop_rate|pff_receiving_concept_screen_drops|pff_receiving_concept_screen_epa|pff_receiving_concept_screen_first_downs|pff_receiving_concept_screen_fumbles|pff_receiving_concept_screen_grades_hands_drop|pff_receiving_concept_screen_grades_pass_route|pff_receiving_concept_screen_interceptions|pff_receiving_concept_screen_longest|pff_receiving_concept_screen_pass_block_rate|pff_receiving_concept_screen_pass_blocks|pff_receiving_concept_screen_pass_plays|pff_receiving_concept_screen_positive_epa_percent|pff_receiving_concept_screen_receptions|pff_receiving_concept_screen_route_rate|pff_receiving_concept_screen_routes|pff_receiving_concept_screen_targeted_qb_rating|pff_receiving_concept_screen_targets|pff_receiving_concept_screen_targets_percent|pff_receiving_concept_screen_touchdowns|pff_receiving_concept_screen_yards|pff_receiving_concept_screen_yards_after_catch|pff_receiving_concept_screen_yards_after_catch_per_reception,0.14,0.091,9.2,9.21,88.7
105,Tonka Hemingway,DT,DL,South Carolina,LVR,4.0,135.0,23.0,0.105,0.175,0.03,0.135,,0,0.135,0.75,1,3,1,thin_football_features,ras_score|pffx_yprr|pffx_g_off|age,0.144,0.136,9.46,0.0,73.5
106,Jalen Royals,WR,WR,Utah St.,KAN,4.0,133.0,22.0,0.115,0.067,0.019,0.134,,0,0.134,0.85,0.954,617,1,,ras_score|pffx_yprr|pffx_g_off|pff_receiving_concept_base_targets|pff_receiving_concept_declined_penalties|pff_receiving_concept_penalties|pff_receiving_concept_screen_avg_depth_of_target|pff_receiving_concept_screen_avoided_tackles|pff_receiving_concept_screen_caught_percent|pff_receiving_concept_screen_contested_receptions|pff_receiving_concept_screen_contested_targets|pff_receiving_concept_screen_drop_rate|pff_receiving_concept_screen_drops|pff_receiving_concept_screen_epa|pff_receiving_concept_screen_first_downs|pff_receiving_concept_screen_fumbles|pff_receiving_concept_screen_grades_hands_drop|pff_receiving_concept_screen_grades_pass_route|pff_receiving_concept_screen_interceptions|pff_receiving_concept_screen_longest|pff_receiving_concept_screen_pass_block_rate|pff_receiving_concept_screen_pass_blocks|pff_receiving_concept_screen_pass_plays|pff_receiving_concept_screen_positive_epa_percent|pff_receiving_concept_screen_receptions|pff_receiving_concept_screen_route_rate|pff_receiving_concept_screen_routes|pff_receiving_concept_screen_targeted_qb_rating|pff_receiving_concept_screen_targets|pff_receiving_concept_screen_targets_percent|pff_receiving_concept_screen_touchdowns|pff_receiving_concept_screen_yards|pff_receiving_concept_screen_yards_after_catch|pff_receiving_concept_screen_yards_after_catch_per_reception|pff_receiving_concept_screen_yards_per_reception,0.2,0.137,9.01,19.83,84.4
107,Tyrion Ingram-Dawkins,DE,DL,Georgia,MIN,5.0,139.0,22.0,0.105,0.313,0.028,0.133,,0,0.133,0.75,0.333,1,1,too_few_football_features,ras_score|age,0.217,0.183,9.79,,
108,Gunnar Helm,TE,TE,Texas,TEN,4.0,120.0,23.0,0.085,0.146,0.041,0.126,,0,0.126,0.85,0.866,582,1,,ras_score|pffx_yprr|pffx_g_off|pff_receiving_concept_base_targets|pff_receiving_concept_declined_penalties|pff_receiving_concept_penalties|pff_receiving_concept_screen_avg_depth_of_target|pff_receiving_concept_screen_avoided_tackles|pff_receiving_concept_screen_caught_percent|pff_receiving_concept_screen_contested_receptions|pff_receiving_concept_screen_contested_targets|pff_receiving_concept_screen_drop_rate|pff_receiving_concept_screen_drops|pff_receiving_concept_screen_epa|pff_receiving_concept_screen_first_downs|pff_receiving_concept_screen_fumbles|pff_receiving_concept_screen_grades_hands_drop|pff_receiving_concept_screen_grades_pass_route|pff_receiving_concept_screen_interceptions|pff_receiving_concept_screen_longest|pff_receiving_concept_screen_pass_block_rate|pff_receiving_concept_screen_pass_blocks|pff_receiving_concept_screen_pass_plays|pff_receiving_concept_screen_positive_epa_percent|pff_receiving_concept_screen_receptions|pff_receiving_concept_screen_route_rate|pff_receiving_concept_screen_routes|pff_receiving_concept_screen_targeted_qb_rating|pff_receiving_concept_screen_targets|pff_receiving_concept_screen_targets_percent|pff_receiving_concept_screen_touchdowns|pff_receiving_concept_screen_yards|pff_receiving_concept_screen_yards_after_catch|pff_receiving_concept_screen_yards_after_catch_per_reception|pff_receiving_concept_screen_yards_per_reception,0.132,0.128,4.33,27.2,62.3
109,Barryn Sorrell,DE,DL,Texas,GNB,4.0,124.0,22.0,0.105,0.224,0.02,0.125,,0,0.125,0.75,0.333,1,1,too_few_football_features,ras_score|age,0.245,0.201,9.31,,
110,Cam Skattebo,RB,RB,Arizona St.,NYG,4.0,105.0,23.0,0.085,0.137,0.038,0.123,,0,0.123,0.85,0.876,603,1,missing_ras,pffx_yprr|pffx_g_off|pff_receiving_concept_base_targets|pff_receiving_concept_declined_penalties|pff_receiving_concept_penalties|pff_receiving_concept_screen_avg_depth_of_target|pff_receiving_concept_screen_avoided_tackles|pff_receiving_concept_screen_caught_percent|pff_receiving_concept_screen_contested_receptions|pff_receiving_concept_screen_contested_targets|pff_receiving_concept_screen_drop_rate|pff_receiving_concept_screen_drops|pff_receiving_concept_screen_epa|pff_receiving_concept_screen_first_downs|pff_receiving_concept_screen_fumbles|pff_receiving_concept_screen_grades_hands_drop|pff_receiving_concept_screen_grades_pass_route|pff_receiving_concept_screen_interceptions|pff_receiving_concept_screen_longest|pff_receiving_concept_screen_pass_block_rate|pff_receiving_concept_screen_pass_blocks|pff_receiving_concept_screen_pass_plays|pff_receiving_concept_screen_positive_epa_percent|pff_receiving_concept_screen_receptions|pff_receiving_concept_screen_route_rate|pff_receiving_concept_screen_routes|pff_receiving_concept_screen_targeted_qb_rating|pff_receiving_concept_screen_targets|pff_receiving_concept_screen_targets_percent|pff_receiving_concept_screen_touchdowns|pff_receiving_concept_screen_yards|pff_receiving_concept_screen_yards_after_catch|pff_receiving_concept_screen_yards_after_catch_per_reception|pff_receiving_concept_screen_yards_per_reception|pff_receiving_concept_screen_yprr,0.213,0.177,,12.14,94.2
111,Ajani Cornelius,OL,OL,Oregon,DAL,6.0,204.0,23.0,0.065,0.206,0.058,0.123,,0,0.123,0.85,0.481,26,1,missing_ras,pffx_g_off|pff_offense_blocking_block_percent|pff_offense_blocking_declined_penalties|pff_offense_blocking_grades_offense|pff_offense_blocking_grades_pass_block|pff_offense_blocking_grades_run_block|pff_offense_blocking_hits_allowed|pff_offense_blocking_hurries_allowed|pff_offense_blocking_non_spike_pass_block|pff_offense_blocking_non_spike_pass_block_percentage|pff_offense_blocking_pass_block_percent|pff_offense_blocking_pbe|pff_offense_blocking_penalties|pff_offense_blocking_pressures_allowed|pff_offense_blocking_sacks_allowed|pff_offense_blocking_snap_counts_block|pff_offense_blocking_snap_counts_ce|pff_offense_blocking_snap_counts_lg|pff_offense_blocking_snap_counts_lt|pff_offense_blocking_snap_counts_offense|pff_offense_blocking_snap_counts_pass_block|pff_offense_blocking_snap_counts_pass_play|pff_offense_blocking_snap_counts_rg|pff_offense_blocking_snap_counts_rt|pff_offense_blocking_snap_counts_run_block|pff_offense_blocking_snap_counts_te|age,0.081,0.06,,,77.9
112,Jalen Travis,OT,OL,Iowa St.,IND,4.0,127.0,23.0,0.115,0.017,0.002,0.117,,0,0.117,0.252,0.019,1,1,too_few_football_features;low_position_feature_completeness,ras_score|age,0.107,0.111,9.09,,
113,Sai'vion Jones,DE,DL,LSU,DEN,3.0,101.0,22.0,0.105,0.119,0.011,0.116,,0,0.116,0.75,0.667,2,1,too_few_football_features,ras_score|pffx_g_off|age,0.138,0.09,9.2,,60.0
114,Danny Stutsman,LB,LB,Oklahoma,NOR,4.0,112.0,22.0,0.095,0.223,0.02,0.115,,0,0.115,0.75,0.333,1,1,too_few_football_features,ras_score|age,0.245,0.201,9.62,,
115,Ty Robinson,DT,DL,Nebraska,PHI,4.0,111.0,24.0,0.105,0.107,0.01,0.115,,0,0.115,0.75,0.333,1,1,too_few_football_features,ras_score|age,0.135,0.13,9.89,,
116,Chimere Dike,WR,WR,Florida,TEN,4.0,103.0,23.0,0.115,-0.001,-0,0.115,,0,0.115,0.85,0.957,619,1,,ras_score|pffx_yprr|pffx_g_off|pff_receiving_concept_base_targets|pff_receiving_concept_declined_penalties|pff_receiving_concept_penalties|pff_receiving_concept_screen_avg_depth_of_target|pff_receiving_concept_screen_avoided_tackles|pff_receiving_concept_screen_caught_percent|pff_receiving_concept_screen_contested_receptions|pff_receiving_concept_screen_contested_targets|pff_receiving_concept_screen_drop_rate|pff_receiving_concept_screen_drops|pff_receiving_concept_screen_epa|pff_receiving_concept_screen_first_downs|pff_receiving_concept_screen_fumbles|pff_receiving_concept_screen_grades_hands_drop|pff_receiving_concept_screen_grades_pass_route|pff_receiving_concept_screen_interceptions|pff_receiving_concept_screen_longest|pff_receiving_concept_screen_pass_block_rate|pff_receiving_concept_screen_pass_blocks|pff_receiving_concept_screen_pass_plays|pff_receiving_concept_screen_positive_epa_percent|pff_receiving_concept_screen_receptions|pff_receiving_concept_screen_route_rate|pff_receiving_concept_screen_routes|pff_receiving_concept_screen_targeted_qb_rating|pff_receiving_concept_screen_targets|pff_receiving_concept_screen_targets_percent|pff_receiving_concept_screen_touchdowns|pff_receiving_concept_screen_yards|pff_receiving_concept_screen_yards_after_catch|pff_receiving_concept_screen_yards_after_catch_per_reception|pff_receiving_concept_screen_yards_per_reception,0.165,0.324,9.72,17.89,72.9
117,Kyle McCord,QB,QB,Syracuse,PHI,6.0,181.0,22.0,0.085,0.104,0.029,0.114,,0,0.114,0.85,0.947,946,1,missing_ras,pffx_yprr|pffx_g_off|pff_passing_allowed_pressure_allowed_pressure_dropbacks|pff_passing_allowed_pressure_ce_percent|pff_passing_allowed_pressure_declined_penalties|pff_passing_allowed_pressure_hits_allowed|pff_passing_allowed_pressure_hurries_allowed|pff_passing_allowed_pressure_lg_percent|pff_passing_allowed_pressure_lt_percent|pff_passing_allowed_pressure_ol_te_percent|pff_passing_allowed_pressure_other_percent|pff_passing_allowed_pressure_penalties|pff_passing_allowed_pressure_pressures_allowed|pff_passing_allowed_pressure_pressures_ce|pff_passing_allowed_pressure_pressures_lg|pff_passing_allowed_pressure_pressures_lt|pff_passing_allowed_pressure_pressures_off|pff_passing_allowed_pressure_pressures_ol_te|pff_passing_allowed_pressure_pressures_other|pff_passing_allowed_pressure_pressures_rg|pff_passing_allowed_pressure_pressures_rt|pff_passing_allowed_pressure_pressures_self|pff_passing_allowed_pressure_pressures_te|pff_passing_allowed_pressure_rg_percent|pff_passing_allowed_pressure_rt_percent|pff_passing_allowed_pressure_sacks_allowed|pff_passing_allowed_pressure_self_percent|pff_passing_allowed_pressure_te_percent|pff_passing_concept_dropbacks|pff_passing_concept_no_screen_accuracy_percent|pff_passing_concept_no_screen_aimed_passes|pff_passing_concept_no_screen_attempts|pff_passing_concept_no_screen_avg_depth_of_target|pff_passing_concept_no_screen_avg_time_to_throw|pff_passing_concept_no_screen_bats,0.063,0.048,,0.0,91.3
118,Ty Hamilton,DT,DL,Ohio St.,LAR,5.0,148.0,23.0,0.105,0.09,0.008,0.113,,0,0.113,0.75,0.333,1,1,too_few_football_features,ras_score|age,0.125,0.123,9.22,,
119,Dont'e Thornton,WR,WR,Tennessee,LVR,4.0,108.0,22.0,0.115,-0.007,-0.002,0.113,,0,0.113,0.85,0.966,625,1,,ras_score|pffx_yprr|pffx_g_off|pff_receiving_concept_base_targets|pff_receiving_concept_declined_penalties|pff_receiving_concept_penalties|pff_receiving_concept_screen_avg_depth_of_target|pff_receiving_concept_screen_avoided_tackles|pff_receiving_concept_screen_caught_percent|pff_receiving_concept_screen_contested_receptions|pff_receiving_concept_screen_contested_targets|pff_receiving_concept_screen_drop_rate|pff_receiving_concept_screen_drops|pff_receiving_concept_screen_epa|pff_receiving_concept_screen_first_downs|pff_receiving_concept_screen_fumbles|pff_receiving_concept_screen_grades_hands_drop|pff_receiving_concept_screen_grades_pass_route|pff_receiving_concept_screen_interceptions|pff_receiving_concept_screen_longest|pff_receiving_concept_screen_pass_block_rate|pff_receiving_concept_screen_pass_blocks|pff_receiving_concept_screen_pass_plays|pff_receiving_concept_screen_positive_epa_percent|pff_receiving_concept_screen_receptions|pff_receiving_concept_screen_route_rate|pff_receiving_concept_screen_routes|pff_receiving_concept_screen_targeted_qb_rating|pff_receiving_concept_screen_targets|pff_receiving_concept_screen_targets_percent|pff_receiving_concept_screen_touchdowns|pff_receiving_concept_screen_yards|pff_receiving_concept_screen_yards_after_catch|pff_receiving_concept_screen_yards_after_catch_per_reception|pff_receiving_concept_screen_yards_per_reception,0.273,0.219,9.85,37.6,80.2
120,Teddye Buchanan,LB,LB,California,BAL,4.0,129.0,22.0,0.095,0.196,0.018,0.113,,0,0.113,0.75,0.333,1,1,too_few_football_features,ras_score|age,0.258,0.308,9.42,,
121,Elic Ayomanor,WR,WR,Stanford,TEN,4.0,136.0,22.0,0.115,-0.011,-0.003,0.112,,0,0.112,0.85,0.966,625,1,,ras_score|pffx_yprr|pffx_g_off|pff_receiving_concept_base_targets|pff_receiving_concept_declined_penalties|pff_receiving_concept_penalties|pff_receiving_concept_screen_avg_depth_of_target|pff_receiving_concept_screen_avoided_tackles|pff_receiving_concept_screen_caught_percent|pff_receiving_concept_screen_contested_receptions|pff_receiving_concept_screen_contested_targets|pff_receiving_concept_screen_drop_rate|pff_receiving_concept_screen_drops|pff_receiving_concept_screen_epa|pff_receiving_concept_screen_first_downs|pff_receiving_concept_screen_fumbles|pff_receiving_concept_screen_grades_hands_drop|pff_receiving_concept_screen_grades_pass_route|pff_receiving_concept_screen_interceptions|pff_receiving_concept_screen_longest|pff_receiving_concept_screen_pass_block_rate|pff_receiving_concept_screen_pass_blocks|pff_receiving_concept_screen_pass_plays|pff_receiving_concept_screen_positive_epa_percent|pff_receiving_concept_screen_receptions|pff_receiving_concept_screen_route_rate|pff_receiving_concept_screen_routes|pff_receiving_concept_screen_targeted_qb_rating|pff_receiving_concept_screen_targets|pff_receiving_concept_screen_targets_percent|pff_receiving_concept_screen_touchdowns|pff_receiving_concept_screen_yards|pff_receiving_concept_screen_yards_after_catch|pff_receiving_concept_screen_yards_after_catch_per_reception|pff_receiving_concept_screen_yards_per_reception,0.149,0.237,9.71,9.66,74.1
122,Woody Marks,RB,RB,USC,HOU,4.0,116.0,24.0,0.085,0.089,0.025,0.11,,0,0.11,0.85,0.855,588,1,missing_ras,pffx_yprr|pffx_g_off|pff_receiving_concept_base_targets|pff_receiving_concept_declined_penalties|pff_receiving_concept_penalties|pff_receiving_concept_screen_avg_depth_of_target|pff_receiving_concept_screen_avoided_tackles|pff_receiving_concept_screen_caught_percent|pff_receiving_concept_screen_contested_receptions|pff_receiving_concept_screen_contested_targets|pff_receiving_concept_screen_drop_rate|pff_receiving_concept_screen_drops|pff_receiving_concept_screen_epa|pff_receiving_concept_screen_first_downs|pff_receiving_concept_screen_fumbles|pff_receiving_concept_screen_grades_hands_drop|pff_receiving_concept_screen_grades_pass_route|pff_receiving_concept_screen_interceptions|pff_receiving_concept_screen_longest|pff_receiving_concept_screen_pass_block_rate|pff_receiving_concept_screen_pass_blocks|pff_receiving_concept_screen_pass_plays|pff_receiving_concept_screen_positive_epa_percent|pff_receiving_concept_screen_receptions|pff_receiving_concept_screen_route_rate|pff_receiving_concept_screen_routes|pff_receiving_concept_screen_targeted_qb_rating|pff_receiving_concept_screen_targets|pff_receiving_concept_screen_targets_percent|pff_receiving_concept_screen_touchdowns|pff_receiving_concept_screen_yards|pff_receiving_concept_screen_yards_after_catch|pff_receiving_concept_screen_yards_after_catch_per_reception|pff_receiving_concept_screen_yards_per_reception|pff_receiving_concept_screen_yprr,0.093,0.2,,19.0,82.8
123,Jaydon Blue,RB,RB,Texas,DAL,5.0,149.0,21.0,0.085,0.087,0.024,0.109,,0,0.109,0.85,0.9,619,1,,ras_score|pffx_yprr|pffx_g_off|pff_receiving_concept_base_targets|pff_receiving_concept_declined_penalties|pff_receiving_concept_penalties|pff_receiving_concept_screen_avg_depth_of_target|pff_receiving_concept_screen_avoided_tackles|pff_receiving_concept_screen_caught_percent|pff_receiving_concept_screen_contested_receptions|pff_receiving_concept_screen_contested_targets|pff_receiving_concept_screen_drop_rate|pff_receiving_concept_screen_drops|pff_receiving_concept_screen_epa|pff_receiving_concept_screen_first_downs|pff_receiving_concept_screen_fumbles|pff_receiving_concept_screen_grades_hands_drop|pff_receiving_concept_screen_grades_pass_route|pff_receiving_concept_screen_interceptions|pff_receiving_concept_screen_longest|pff_receiving_concept_screen_pass_block_rate|pff_receiving_concept_screen_pass_blocks|pff_receiving_concept_screen_pass_plays|pff_receiving_concept_screen_positive_epa_percent|pff_receiving_concept_screen_receptions|pff_receiving_concept_screen_route_rate|pff_receiving_concept_screen_routes|pff_receiving_concept_screen_targeted_qb_rating|pff_receiving_concept_screen_targets|pff_receiving_concept_screen_targets_percent|pff_receiving_concept_screen_touchdowns|pff_receiving_concept_screen_yards|pff_receiving_concept_screen_yards_after_catch|pff_receiving_concept_screen_yards_after_catch_per_reception|pff_receiving_concept_screen_yards_per_reception,0.125,0.123,6.34,7.18,86.3
124,Will Howard,QB,QB,Ohio St.,PIT,6.0,185.0,23.0,0.085,0.087,0.024,0.109,,0,0.109,0.85,0.937,936,1,,ras_score|pffx_g_off|pff_passing_allowed_pressure_allowed_pressure_dropbacks|pff_passing_allowed_pressure_ce_percent|pff_passing_allowed_pressure_declined_penalties|pff_passing_allowed_pressure_hits_allowed|pff_passing_allowed_pressure_hurries_allowed|pff_passing_allowed_pressure_lg_percent|pff_passing_allowed_pressure_lt_percent|pff_passing_allowed_pressure_ol_te_percent|pff_passing_allowed_pressure_other_percent|pff_passing_allowed_pressure_penalties|pff_passing_allowed_pressure_pressures_allowed|pff_passing_allowed_pressure_pressures_ce|pff_passing_allowed_pressure_pressures_lg|pff_passing_allowed_pressure_pressures_lt|pff_passing_allowed_pressure_pressures_off|pff_passing_allowed_pressure_pressures_ol_te|pff_passing_allowed_pressure_pressures_other|pff_passing_allowed_pressure_pressures_rg|pff_passing_allowed_pressure_pressures_rt|pff_passing_allowed_pressure_pressures_self|pff_passing_allowed_pressure_pressures_te|pff_passing_allowed_pressure_rg_percent|pff_passing_allowed_pressure_rt_percent|pff_passing_allowed_pressure_sacks_allowed|pff_passing_allowed_pressure_self_percent|pff_passing_allowed_pressure_te_percent|pff_passing_concept_dropbacks|pff_passing_concept_no_screen_accuracy_percent|pff_passing_concept_no_screen_aimed_passes|pff_passing_concept_no_screen_attempts|pff_passing_concept_no_screen_avg_depth_of_target|pff_passing_concept_no_screen_avg_time_to_throw|pff_passing_concept_no_screen_bats,0.062,0.047,8.8,,91.9
125,Jordan Phillips,DL,DL,Maryland,MIA,5.0,143.0,21.0,0.105,0.043,0.004,0.109,,0,0.109,0.75,0.333,1,1,too_few_football_features,ras_score|age,0.256,0.306,6.77,,
126,Joshua Farmer,DT,DL,Florida St.,NWE,4.0,137.0,22.0,0.105,0.038,0.003,0.108,,0,0.108,0.75,0.333,1,1,too_few_football_features,ras_score|age,0.193,0.168,7.89,,
127,Jason Marshall,CB,DB,Florida,MIA,5.0,150.0,23.0,0.1,0.092,0.008,0.108,,0,0.108,0.75,0.667,2,1,too_few_football_features,ras_score|pffx_g_off|age,0.157,0.144,9.43,,60.0
128,Tommy Mellott,QB,QB,Montana St.,LVR,6.0,213.0,,0.085,0.25,0.022,0.108,,0,0.108,0.182,0.001,1,1,missing_age;too_few_football_features;low_position_feature_completeness,ras_score,0.0,0.007,9.28,,
129,CJ West,DT,DL,Indiana,SFO,4.0,113.0,23.0,0.105,0.013,0.001,0.106,,0,0.106,0.75,0.667,2,1,too_few_football_features,ras_score|pffx_g_off|age,0.107,0.111,9.16,,60.0
130,Arian Smith,WR,WR,Georgia,NYJ,4.0,110.0,23.0,0.115,-0.036,-0.01,0.105,,0,0.105,0.85,0.988,639,1,,ras_score|pffx_yprr|pffx_g_off|pff_receiving_concept_base_targets|pff_receiving_concept_declined_penalties|pff_receiving_concept_penalties|pff_receiving_concept_screen_avg_depth_of_target|pff_receiving_concept_screen_avoided_tackles|pff_receiving_concept_screen_caught_percent|pff_receiving_concept_screen_contested_catch_rate|pff_receiving_concept_screen_contested_receptions|pff_receiving_concept_screen_contested_targets|pff_receiving_concept_screen_drop_rate|pff_receiving_concept_screen_drops|pff_receiving_concept_screen_epa|pff_receiving_concept_screen_first_downs|pff_receiving_concept_screen_fumbles|pff_receiving_concept_screen_grades_hands_drop|pff_receiving_concept_screen_grades_pass_route|pff_receiving_concept_screen_interceptions|pff_receiving_concept_screen_longest|pff_receiving_concept_screen_pass_block_rate|pff_receiving_concept_screen_pass_blocks|pff_receiving_concept_screen_pass_plays|pff_receiving_concept_screen_positive_epa_percent|pff_receiving_concept_screen_receptions|pff_receiving_concept_screen_route_rate|pff_receiving_concept_screen_routes|pff_receiving_concept_screen_targeted_qb_rating|pff_receiving_concept_screen_targets|pff_receiving_concept_screen_targets_percent|pff_receiving_concept_screen_touchdowns|pff_receiving_concept_screen_yards|pff_receiving_concept_screen_yards_after_catch|pff_receiving_concept_screen_yards_after_catch_per_reception,0.141,0.134,9.2,20.24,57.7
131,Kyle Kennard,DE,DL,South Carolina,LAC,4.0,125.0,23.0,0.105,-0.007,-0.001,0.104,,0,0.104,0.75,0.333,1,1,too_few_football_features,ras_score|age,0.1,0.072,8.57,,
132,Lathan Ransom,SAF,DB,Ohio St.,CAR,4.0,122.0,23.0,0.1,0.038,0.003,0.103,,0,0.103,0.75,0.333,1,1,too_few_football_features,ras_score|age,0.093,0.102,8.85,,
133,Carson Vinson,OT,OL,Alabama A&M,BAL,5.0,141.0,23.0,0.115,-0.136,-0.012,0.103,,0,0.103,0.252,0.019,1,1,too_few_football_features;low_position_feature_completeness,ras_score|age,0.092,0.067,8.09,,
134,Barrett Carter,LB,LB,Clemson,CIN,4.0,119.0,22.0,0.095,0.025,0.002,0.097,,0,0.097,0.75,0.667,2,1,too_few_football_features,ras_score|pffx_g_off|age,0.231,0.29,7.46,,64.8
135,Craig Woodson,SAF,DB,California,NWE,4.0,106.0,24.0,0.1,-0.037,-0.003,0.097,,0,0.097,0.75,0.333,1,1,too_few_football_features,ras_score|age,0.157,0.242,8.74,,
136,Cody Simon,LB,LB,Ohio St.,ARI,4.0,115.0,23.0,0.095,0.013,0.001,0.096,,0,0.096,0.75,0.667,2,1,too_few_football_features,ras_score|pffx_g_off|age,0.101,0.205,8.35,,60.1
137,Jaylin Lane,WR,WR,Virginia Tech,WAS,4.0,128.0,23.0,0.115,-0.068,-0.019,0.096,,0,0.096,0.85,0.961,622,1,,ras_score|pffx_yprr|pffx_g_off|pff_receiving_concept_base_targets|pff_receiving_concept_declined_penalties|pff_receiving_concept_penalties|pff_receiving_concept_screen_avg_depth_of_target|pff_receiving_concept_screen_avoided_tackles|pff_receiving_concept_screen_caught_percent|pff_receiving_concept_screen_contested_catch_rate|pff_receiving_concept_screen_contested_receptions|pff_receiving_concept_screen_contested_targets|pff_receiving_concept_screen_drop_rate|pff_receiving_concept_screen_drops|pff_receiving_concept_screen_epa|pff_receiving_concept_screen_first_downs|pff_receiving_concept_screen_fumbles|pff_receiving_concept_screen_grades_hands_drop|pff_receiving_concept_screen_grades_pass_route|pff_receiving_concept_screen_interceptions|pff_receiving_concept_screen_longest|pff_receiving_concept_screen_pass_block_rate|pff_receiving_concept_screen_pass_blocks|pff_receiving_concept_screen_pass_plays|pff_receiving_concept_screen_positive_epa_percent|pff_receiving_concept_screen_receptions|pff_receiving_concept_screen_route_rate|pff_receiving_concept_screen_routes|pff_receiving_concept_screen_targeted_qb_rating|pff_receiving_concept_screen_targets|pff_receiving_concept_screen_targets_percent|pff_receiving_concept_screen_touchdowns|pff_receiving_concept_screen_yards|pff_receiving_concept_screen_yards_after_catch|pff_receiving_concept_screen_yards_after_catch_per_reception,0.178,0.158,9.56,12.78,86.3
138,Deone Walker,DT,DL,Kentucky,BUF,4.0,109.0,21.0,0.105,-0.103,-0.009,0.096,,0,0.096,0.75,0.333,1,1,too_few_football_features,ras_score|age,0.261,0.31,3.75,,
139,Billy Bowman,SAF,DB,Oklahoma,ATL,4.0,118.0,22.0,0.1,-0.049,-0.004,0.096,,0,0.096,0.75,0.333,1,1,too_few_football_features,ras_score|age,0.189,0.165,7.57,,
140,Jonah Monheim,OL,OL,USC,JAX,7.0,221.0,23.0,0.065,0.101,0.028,0.093,,0,0.093,0.85,0.481,26,1,missing_ras,pffx_g_off|pff_offense_blocking_block_percent|pff_offense_blocking_declined_penalties|pff_offense_blocking_grades_offense|pff_offense_blocking_grades_pass_block|pff_offense_blocking_grades_run_block|pff_offense_blocking_hits_allowed|pff_offense_blocking_hurries_allowed|pff_offense_blocking_non_spike_pass_block|pff_offense_blocking_non_spike_pass_block_percentage|pff_offense_blocking_pass_block_percent|pff_offense_blocking_pbe|pff_offense_blocking_penalties|pff_offense_blocking_pressures_allowed|pff_offense_blocking_sacks_allowed|pff_offense_blocking_snap_counts_block|pff_offense_blocking_snap_counts_ce|pff_offense_blocking_snap_counts_lg|pff_offense_blocking_snap_counts_lt|pff_offense_blocking_snap_counts_offense|pff_offense_blocking_snap_counts_pass_block|pff_offense_blocking_snap_counts_pass_play|pff_offense_blocking_snap_counts_rg|pff_offense_blocking_snap_counts_rt|pff_offense_blocking_snap_counts_run_block|pff_offense_blocking_snap_counts_te|age,0.082,0.095,,,75.9
141,Jarquez Hunter,RB,RB,Auburn,LAR,4.0,117.0,22.0,0.085,0.025,0.007,0.092,,0,0.092,0.85,0.827,569,1,,ras_score|pffx_yprr|pffx_g_off|pff_receiving_concept_base_targets|pff_receiving_concept_declined_penalties|pff_receiving_concept_penalties|pff_receiving_concept_screen_avg_depth_of_target|pff_receiving_concept_screen_avoided_tackles|pff_receiving_concept_screen_caught_percent|pff_receiving_concept_screen_contested_receptions|pff_receiving_concept_screen_contested_targets|pff_receiving_concept_screen_drop_rate|pff_receiving_concept_screen_drops|pff_receiving_concept_screen_epa|pff_receiving_concept_screen_first_downs|pff_receiving_concept_screen_fumbles|pff_receiving_concept_screen_grades_hands_drop|pff_receiving_concept_screen_grades_pass_route|pff_receiving_concept_screen_interceptions|pff_receiving_concept_screen_longest|pff_receiving_concept_screen_pass_block_rate|pff_receiving_concept_screen_pass_blocks|pff_receiving_concept_screen_pass_plays|pff_receiving_concept_screen_positive_epa_percent|pff_receiving_concept_screen_receptions|pff_receiving_concept_screen_route_rate|pff_receiving_concept_screen_routes|pff_receiving_concept_screen_targeted_qb_rating|pff_receiving_concept_screen_targets|pff_receiving_concept_screen_targets_percent|pff_receiving_concept_screen_touchdowns|pff_receiving_concept_screen_yards|pff_receiving_concept_screen_yards_after_catch|pff_receiving_concept_screen_yards_after_catch_per_reception|pff_receiving_concept_screen_yards_per_reception,0.121,0.085,7.17,6.08,86.7
142,Kurtis Rourke,QB,QB,Indiana,SFO,7.0,227.0,24.0,0.085,0.024,0.007,0.092,,0,0.092,0.85,0.93,929,1,missing_ras,pffx_yprr|pffx_g_off|pff_passing_allowed_pressure_allowed_pressure_dropbacks|pff_passing_allowed_pressure_ce_percent|pff_passing_allowed_pressure_declined_penalties|pff_passing_allowed_pressure_hits_allowed|pff_passing_allowed_pressure_hurries_allowed|pff_passing_allowed_pressure_lg_percent|pff_passing_allowed_pressure_lt_percent|pff_passing_allowed_pressure_ol_te_percent|pff_passing_allowed_pressure_other_percent|pff_passing_allowed_pressure_penalties|pff_passing_allowed_pressure_pressures_allowed|pff_passing_allowed_pressure_pressures_ce|pff_passing_allowed_pressure_pressures_lg|pff_passing_allowed_pressure_pressures_lt|pff_passing_allowed_pressure_pressures_off|pff_passing_allowed_pressure_pressures_ol_te|pff_passing_allowed_pressure_pressures_other|pff_passing_allowed_pressure_pressures_rg|pff_passing_allowed_pressure_pressures_rt|pff_passing_allowed_pressure_pressures_self|pff_passing_allowed_pressure_pressures_te|pff_passing_allowed_pressure_rg_percent|pff_passing_allowed_pressure_rt_percent|pff_passing_allowed_pressure_sacks_allowed|pff_passing_allowed_pressure_self_percent|pff_passing_allowed_pressure_te_percent|pff_passing_concept_dropbacks|pff_passing_concept_no_screen_accuracy_percent|pff_passing_concept_no_screen_aimed_passes|pff_passing_concept_no_screen_attempts|pff_passing_concept_no_screen_avg_depth_of_target|pff_passing_concept_no_screen_avg_time_to_throw|pff_passing_concept_no_screen_bats,0.009,0.048,,0.0,92.0
143,Trevor Etienne,RB,RB,Georgia,CAR,4.0,114.0,21.0,0.085,0.021,0.006,0.091,,0,0.091,0.85,0.821,565,1,,ras_score|pffx_yprr|pffx_g_off|pff_receiving_concept_base_targets|pff_receiving_concept_declined_penalties|pff_receiving_concept_penalties|pff_receiving_concept_screen_avg_depth_of_target|pff_receiving_concept_screen_avoided_tackles|pff_receiving_concept_screen_caught_percent|pff_receiving_concept_screen_contested_receptions|pff_receiving_concept_screen_contested_targets|pff_receiving_concept_screen_drop_rate|pff_receiving_concept_screen_drops|pff_receiving_concept_screen_epa|pff_receiving_concept_screen_first_downs|pff_receiving_concept_screen_fumbles|pff_receiving_concept_screen_grades_hands_drop|pff_receiving_concept_screen_grades_pass_route|pff_receiving_concept_screen_interceptions|pff_receiving_concept_screen_longest|pff_receiving_concept_screen_pass_block_rate|pff_receiving_concept_screen_pass_blocks|pff_receiving_concept_screen_pass_plays|pff_receiving_concept_screen_positive_epa_percent|pff_receiving_concept_screen_receptions|pff_receiving_concept_screen_route_rate|pff_receiving_concept_screen_routes|pff_receiving_concept_screen_targeted_qb_rating|pff_receiving_concept_screen_targets|pff_receiving_concept_screen_targets_percent|pff_receiving_concept_screen_touchdowns|pff_receiving_concept_screen_yards|pff_receiving_concept_screen_yards_after_catch|pff_receiving_concept_screen_yards_after_catch_per_reception|pff_receiving_concept_screen_yards_per_reception,0.135,0.095,6.95,5.91,85.2
144,Miles Frazier,G,OL,LSU,DET,5.0,171.0,23.0,0.065,0.092,0.026,0.091,,0,0.091,0.85,0.5,27,1,,ras_score|pffx_g_off|pff_offense_blocking_block_percent|pff_offense_blocking_declined_penalties|pff_offense_blocking_grades_offense|pff_offense_blocking_grades_pass_block|pff_offense_blocking_grades_run_block|pff_offense_blocking_hits_allowed|pff_offense_blocking_hurries_allowed|pff_offense_blocking_non_spike_pass_block|pff_offense_blocking_non_spike_pass_block_percentage|pff_offense_blocking_pass_block_percent|pff_offense_blocking_pbe|pff_offense_blocking_penalties|pff_offense_blocking_pressures_allowed|pff_offense_blocking_sacks_allowed|pff_offense_blocking_snap_counts_block|pff_offense_blocking_snap_counts_ce|pff_offense_blocking_snap_counts_lg|pff_offense_blocking_snap_counts_lt|pff_offense_blocking_snap_counts_offense|pff_offense_blocking_snap_counts_pass_block|pff_offense_blocking_snap_counts_pass_play|pff_offense_blocking_snap_counts_rg|pff_offense_blocking_snap_counts_rt|pff_offense_blocking_snap_counts_run_block|pff_offense_blocking_snap_counts_te|age,0.167,0.116,9.3,,66.4
145,Drew Kendall,C,OL,Boston Col.,PHI,5.0,168.0,23.0,0.065,0.088,0.025,0.09,,0,0.09,0.85,0.5,27,1,,ras_score|pffx_g_off|pff_offense_blocking_block_percent|pff_offense_blocking_declined_penalties|pff_offense_blocking_grades_offense|pff_offense_blocking_grades_pass_block|pff_offense_blocking_grades_run_block|pff_offense_blocking_hits_allowed|pff_offense_blocking_hurries_allowed|pff_offense_blocking_non_spike_pass_block|pff_offense_blocking_non_spike_pass_block_percentage|pff_offense_blocking_pass_block_percent|pff_offense_blocking_pbe|pff_offense_blocking_penalties|pff_offense_blocking_pressures_allowed|pff_offense_blocking_sacks_allowed|pff_offense_blocking_snap_counts_block|pff_offense_blocking_snap_counts_ce|pff_offense_blocking_snap_counts_lg|pff_offense_blocking_snap_counts_lt|pff_offense_blocking_snap_counts_offense|pff_offense_blocking_snap_counts_pass_block|pff_offense_blocking_snap_counts_pass_play|pff_offense_blocking_snap_counts_rg|pff_offense_blocking_snap_counts_rt|pff_offense_blocking_snap_counts_run_block|pff_offense_blocking_snap_counts_te|age,0.161,0.147,9.2,,70.6
146,Dylan Sampson,RB,RB,Tennessee,CLE,4.0,126.0,20.0,0.085,0.015,0.004,0.089,,0,0.089,0.85,0.82,564,1,,ras_score|pffx_yprr|pffx_g_off|pff_receiving_concept_base_targets|pff_receiving_concept_declined_penalties|pff_receiving_concept_penalties|pff_receiving_concept_screen_avg_depth_of_target|pff_receiving_concept_screen_avoided_tackles|pff_receiving_concept_screen_caught_percent|pff_receiving_concept_screen_contested_receptions|pff_receiving_concept_screen_contested_targets|pff_receiving_concept_screen_drop_rate|pff_receiving_concept_screen_drops|pff_receiving_concept_screen_epa|pff_receiving_concept_screen_first_downs|pff_receiving_concept_screen_fumbles|pff_receiving_concept_screen_grades_hands_drop|pff_receiving_concept_screen_grades_pass_route|pff_receiving_concept_screen_interceptions|pff_receiving_concept_screen_longest|pff_receiving_concept_screen_pass_block_rate|pff_receiving_concept_screen_pass_blocks|pff_receiving_concept_screen_pass_plays|pff_receiving_concept_screen_positive_epa_percent|pff_receiving_concept_screen_receptions|pff_receiving_concept_screen_route_rate|pff_receiving_concept_screen_routes|pff_receiving_concept_screen_targeted_qb_rating|pff_receiving_concept_screen_targets|pff_receiving_concept_screen_targets_percent|pff_receiving_concept_screen_touchdowns|pff_receiving_concept_screen_yards|pff_receiving_concept_screen_yards_after_catch|pff_receiving_concept_screen_yards_after_catch_per_reception|pff_receiving_concept_screen_yards_per_reception,0.083,0.096,6.59,6.06,90.5
147,Garrett Dellinger,G,OL,LSU,BAL,7.0,243.0,23.0,0.065,0.085,0.024,0.089,,0,0.089,0.85,0.5,27,1,,ras_score|pffx_g_off|pff_offense_blocking_block_percent|pff_offense_blocking_declined_penalties|pff_offense_blocking_grades_offense|pff_offense_blocking_grades_pass_block|pff_offense_blocking_grades_run_block|pff_offense_blocking_hits_allowed|pff_offense_blocking_hurries_allowed|pff_offense_blocking_non_spike_pass_block|pff_offense_blocking_non_spike_pass_block_percentage|pff_offense_blocking_pass_block_percent|pff_offense_blocking_pbe|pff_offense_blocking_penalties|pff_offense_blocking_pressures_allowed|pff_offense_blocking_sacks_allowed|pff_offense_blocking_snap_counts_block|pff_offense_blocking_snap_counts_ce|pff_offense_blocking_snap_counts_lg|pff_offense_blocking_snap_counts_lt|pff_offense_blocking_snap_counts_offense|pff_offense_blocking_snap_counts_pass_block|pff_offense_blocking_snap_counts_pass_play|pff_offense_blocking_snap_counts_rg|pff_offense_blocking_snap_counts_rt|pff_offense_blocking_snap_counts_run_block|pff_offense_blocking_snap_counts_te|age,0.045,0.036,9.75,,71.7
148,Hayden Conner,OL,OL,Texas,ARI,6.0,211.0,23.0,0.065,0.085,0.024,0.089,,0,0.089,0.85,0.5,27,1,,ras_score|pffx_g_off|pff_offense_blocking_block_percent|pff_offense_blocking_declined_penalties|pff_offense_blocking_grades_offense|pff_offense_blocking_grades_pass_block|pff_offense_blocking_grades_run_block|pff_offense_blocking_hits_allowed|pff_offense_blocking_hurries_allowed|pff_offense_blocking_non_spike_pass_block|pff_offense_blocking_non_spike_pass_block_percentage|pff_offense_blocking_pass_block_percent|pff_offense_blocking_pbe|pff_offense_blocking_penalties|pff_offense_blocking_pressures_allowed|pff_offense_blocking_sacks_allowed|pff_offense_blocking_snap_counts_block|pff_offense_blocking_snap_counts_ce|pff_offense_blocking_snap_counts_lg|pff_offense_blocking_snap_counts_lt|pff_offense_blocking_snap_counts_offense|pff_offense_blocking_snap_counts_pass_block|pff_offense_blocking_snap_counts_pass_play|pff_offense_blocking_snap_counts_rg|pff_offense_blocking_snap_counts_rt|pff_offense_blocking_snap_counts_run_block|pff_offense_blocking_snap_counts_te|age,0.075,0.056,7.62,,64.2
149,LaJohntay Wester,WR,WR,Colorado,BAL,6.0,203.0,23.0,0.065,0.082,0.023,0.088,,0,0.088,0.85,0.981,635,1,,ras_score|pffx_yprr|pffx_g_off|pff_receiving_concept_base_targets|pff_receiving_concept_declined_penalties|pff_receiving_concept_penalties|pff_receiving_concept_screen_avg_depth_of_target|pff_receiving_concept_screen_avoided_tackles|pff_receiving_concept_screen_caught_percent|pff_receiving_concept_screen_contested_receptions|pff_receiving_concept_screen_contested_targets|pff_receiving_concept_screen_drop_rate|pff_receiving_concept_screen_drops|pff_receiving_concept_screen_epa|pff_receiving_concept_screen_first_downs|pff_receiving_concept_screen_fumbles|pff_receiving_concept_screen_grades_hands_drop|pff_receiving_concept_screen_grades_pass_route|pff_receiving_concept_screen_interceptions|pff_receiving_concept_screen_longest|pff_receiving_concept_screen_pass_block_rate|pff_receiving_concept_screen_pass_blocks|pff_receiving_concept_screen_pass_plays|pff_receiving_concept_screen_positive_epa_percent|pff_receiving_concept_screen_receptions|pff_receiving_concept_screen_route_rate|pff_receiving_concept_screen_routes|pff_receiving_concept_screen_targeted_qb_rating|pff_receiving_concept_screen_targets|pff_receiving_concept_screen_targets_percent|pff_receiving_concept_screen_touchdowns|pff_receiving_concept_screen_yards|pff_receiving_concept_screen_yards_after_catch|pff_receiving_concept_screen_yards_after_catch_per_reception|pff_receiving_concept_screen_yards_per_reception,0.098,0.07,3.12,12.25,87.2
150,Tyler Batty,LB,LB,BYU,MIN,,,,0.025,0.389,0.062,0.087,,0,0.087,0.68,1,3,1,missing_pick;missing_age;thin_football_features,ras_score|pffx_yprr|pffx_g_off,0.009,0.009,8.76,36.0,70.8
151,Ruben Hyppolite,LB,LB,Maryland,CHI,4.0,132.0,23.0,0.095,-0.089,-0.008,0.087,,0,0.087,0.75,0.667,2,1,too_few_football_features,ras_score|pffx_g_off|age,0.132,0.128,8.23,,60.0
152,David Walker,OLB,LB,Central Arkansas,TAM,4.0,121.0,25.0,0.095,-0.093,-0.008,0.087,,0,0.087,0.75,0.333,1,1,too_few_football_features,ras_score|age,0.068,0.051,8.62,,
153,Clay Webb,G,OL,Jacksonville State; Georgia,TEN,,,,0.045,0.26,0.042,0.087,,0,0.087,0.815,0.5,27,1,missing_pick;missing_age,ras_score|pffx_g_off|pff_offense_blocking_block_percent|pff_offense_blocking_declined_penalties|pff_offense_blocking_grades_offense|pff_offense_blocking_grades_pass_block|pff_offense_blocking_grades_run_block|pff_offense_blocking_hits_allowed|pff_offense_blocking_hurries_allowed|pff_offense_blocking_non_spike_pass_block|pff_offense_blocking_non_spike_pass_block_percentage|pff_offense_blocking_pass_block_percent|pff_offense_blocking_pbe|pff_offense_blocking_penalties|pff_offense_blocking_pressures_allowed|pff_offense_blocking_sacks_allowed|pff_offense_blocking_snap_counts_block|pff_offense_blocking_snap_counts_ce|pff_offense_blocking_snap_counts_lg|pff_offense_blocking_snap_counts_lt|pff_offense_blocking_snap_counts_offense|pff_offense_blocking_snap_counts_pass_block|pff_offense_blocking_snap_counts_pass_play|pff_offense_blocking_snap_counts_rg|pff_offense_blocking_snap_counts_rt|pff_offense_blocking_snap_counts_run_block|pff_offense_blocking_snap_counts_te,0.003,0.003,8.58,,87.4
154,Riley Leonard,QB,QB,Notre Dame,IND,6.0,189.0,22.0,0.085,0.002,0.001,0.086,,0,0.086,0.85,0.942,941,1,missing_ras,pffx_g_off|pff_passing_allowed_pressure_allowed_pressure_dropbacks|pff_passing_allowed_pressure_ce_percent|pff_passing_allowed_pressure_declined_penalties|pff_passing_allowed_pressure_hits_allowed|pff_passing_allowed_pressure_hurries_allowed|pff_passing_allowed_pressure_lg_percent|pff_passing_allowed_pressure_lt_percent|pff_passing_allowed_pressure_ol_te_percent|pff_passing_allowed_pressure_other_percent|pff_passing_allowed_pressure_penalties|pff_passing_allowed_pressure_pressures_allowed|pff_passing_allowed_pressure_pressures_ce|pff_passing_allowed_pressure_pressures_lg|pff_passing_allowed_pressure_pressures_lt|pff_passing_allowed_pressure_pressures_off|pff_passing_allowed_pressure_pressures_ol_te|pff_passing_allowed_pressure_pressures_other|pff_passing_allowed_pressure_pressures_rg|pff_passing_allowed_pressure_pressures_rt|pff_passing_allowed_pressure_pressures_self|pff_passing_allowed_pressure_pressures_te|pff_passing_allowed_pressure_rg_percent|pff_passing_allowed_pressure_rt_percent|pff_passing_allowed_pressure_sacks_allowed|pff_passing_allowed_pressure_self_percent|pff_passing_allowed_pressure_te_percent|pff_passing_concept_dropbacks|pff_passing_concept_no_screen_accuracy_percent|pff_passing_concept_no_screen_aimed_passes|pff_passing_concept_no_screen_attempts|pff_passing_concept_no_screen_avg_depth_of_target|pff_passing_concept_no_screen_avg_time_to_throw|pff_passing_concept_no_screen_bats|pff_passing_concept_no_screen_big_time_throws,0.058,0.08,,,89.0
155,Cameron Williams,OL,OL,Texas,PHI,6.0,207.0,21.0,0.065,0.073,0.02,0.085,,0,0.085,0.85,0.481,26,1,missing_ras,pffx_g_off|pff_offense_blocking_block_percent|pff_offense_blocking_declined_penalties|pff_offense_blocking_grades_offense|pff_offense_blocking_grades_pass_block|pff_offense_blocking_grades_run_block|pff_offense_blocking_hits_allowed|pff_offense_blocking_hurries_allowed|pff_offense_blocking_non_spike_pass_block|pff_offense_blocking_non_spike_pass_block_percentage|pff_offense_blocking_pass_block_percent|pff_offense_blocking_pbe|pff_offense_blocking_penalties|pff_offense_blocking_pressures_allowed|pff_offense_blocking_sacks_allowed|pff_offense_blocking_snap_counts_block|pff_offense_blocking_snap_counts_ce|pff_offense_blocking_snap_counts_lg|pff_offense_blocking_snap_counts_lt|pff_offense_blocking_snap_counts_offense|pff_offense_blocking_snap_counts_pass_block|pff_offense_blocking_snap_counts_pass_play|pff_offense_blocking_snap_counts_rg|pff_offense_blocking_snap_counts_rt|pff_offense_blocking_snap_counts_run_block|pff_offense_blocking_snap_counts_te|age,0.102,0.108,,,65.1
156,Jack Sawyer,DE,DL,Ohio St.,PIT,4.0,123.0,23.0,0.105,-0.229,-0.021,0.084,,0,0.084,0.18,0,0,1,missing_ras;too_few_football_features;low_position_feature_completeness,age,0.11,0.113,,,
157,Bradyn Swinson,DE,DL,LSU,NWE,5.0,146.0,23.0,0.105,-0.229,-0.021,0.084,,0,0.084,0.18,0,0,1,missing_ras;too_few_football_features;low_position_feature_completeness,age,0.11,0.078,,,
158,Willie Lampkin,G,OL,North Carolina; Coastal Carolina,PHI,,,,0.045,0.245,0.039,0.084,,0,0.084,0.815,0.5,27,1,missing_pick;missing_age,ras_score|pffx_g_off|pff_offense_blocking_block_percent|pff_offense_blocking_declined_penalties|pff_offense_blocking_grades_offense|pff_offense_blocking_grades_pass_block|pff_offense_blocking_grades_run_block|pff_offense_blocking_hits_allowed|pff_offense_blocking_hurries_allowed|pff_offense_blocking_non_spike_pass_block|pff_offense_blocking_non_spike_pass_block_percentage|pff_offense_blocking_pass_block_percent|pff_offense_blocking_pbe|pff_offense_blocking_penalties|pff_offense_blocking_pressures_allowed|pff_offense_blocking_sacks_allowed|pff_offense_blocking_snap_counts_block|pff_offense_blocking_snap_counts_ce|pff_offense_blocking_snap_counts_lg|pff_offense_blocking_snap_counts_lt|pff_offense_blocking_snap_counts_offense|pff_offense_blocking_snap_counts_pass_block|pff_offense_blocking_snap_counts_pass_play|pff_offense_blocking_snap_counts_rg|pff_offense_blocking_snap_counts_rt|pff_offense_blocking_snap_counts_run_block|pff_offense_blocking_snap_counts_te,0.0,0.0,3.05,,76.2
159,Jackson Slater,OL,OL,Sacramento St.,TEN,5.0,167.0,22.0,0.065,0.208,0.019,0.084,,0,0.084,0.252,0.019,1,1,too_few_football_features;low_position_feature_completeness,ras_score|age,0.206,0.141,9.4,,
160,Bhayshul Tuten,RB,RB,Virginia Tech,JAX,4.0,104.0,22.0,0.085,-0.007,-0.002,0.083,,0,0.083,0.85,0.846,582,1,,ras_score|pffx_yprr|pffx_g_off|pff_receiving_concept_base_targets|pff_receiving_concept_declined_penalties|pff_receiving_concept_penalties|pff_receiving_concept_screen_avg_depth_of_target|pff_receiving_concept_screen_avoided_tackles|pff_receiving_concept_screen_caught_percent|pff_receiving_concept_screen_contested_receptions|pff_receiving_concept_screen_contested_targets|pff_receiving_concept_screen_drop_rate|pff_receiving_concept_screen_drops|pff_receiving_concept_screen_epa|pff_receiving_concept_screen_first_downs|pff_receiving_concept_screen_fumbles|pff_receiving_concept_screen_grades_hands_drop|pff_receiving_concept_screen_grades_pass_route|pff_receiving_concept_screen_interceptions|pff_receiving_concept_screen_longest|pff_receiving_concept_screen_pass_block_rate|pff_receiving_concept_screen_pass_blocks|pff_receiving_concept_screen_pass_plays|pff_receiving_concept_screen_positive_epa_percent|pff_receiving_concept_screen_receptions|pff_receiving_concept_screen_route_rate|pff_receiving_concept_screen_routes|pff_receiving_concept_screen_targeted_qb_rating|pff_receiving_concept_screen_targets|pff_receiving_concept_screen_targets_percent|pff_receiving_concept_screen_touchdowns|pff_receiving_concept_screen_yards|pff_receiving_concept_screen_yards_after_catch|pff_receiving_concept_screen_yards_after_catch_per_reception|pff_receiving_concept_screen_yards_per_reception,0.174,0.152,9.56,10.0,86.2
161,Malachi Moore,SAF,DB,Alabama,NYJ,4.0,130.0,23.0,0.1,-0.19,-0.017,0.083,,0,0.083,0.75,0.667,2,1,too_few_football_features,ras_score|pffx_g_off|age,0.086,0.196,6.11,,60.0
162,Mac McWilliams,CB,DB,Central Florida,PHI,5.0,145.0,23.0,0.1,-0.19,-0.017,0.083,,0,0.083,0.75,0.333,1,1,too_few_football_features,ras_score|age,0.093,0.067,7.38,,
163,Jordan James,RB,RB,Oregon,SFO,5.0,147.0,21.0,0.085,-0.015,-0.004,0.081,,0,0.081,0.85,0.84,578,1,,ras_score|pffx_yprr|pffx_g_off|pff_receiving_concept_base_targets|pff_receiving_concept_declined_penalties|pff_receiving_concept_penalties|pff_receiving_concept_screen_avg_depth_of_target|pff_receiving_concept_screen_avoided_tackles|pff_receiving_concept_screen_caught_percent|pff_receiving_concept_screen_contested_receptions|pff_receiving_concept_screen_contested_targets|pff_receiving_concept_screen_drop_rate|pff_receiving_concept_screen_drops|pff_receiving_concept_screen_epa|pff_receiving_concept_screen_first_downs|pff_receiving_concept_screen_fumbles|pff_receiving_concept_screen_grades_hands_drop|pff_receiving_concept_screen_grades_pass_route|pff_receiving_concept_screen_interceptions|pff_receiving_concept_screen_longest|pff_receiving_concept_screen_pass_block_rate|pff_receiving_concept_screen_pass_blocks|pff_receiving_concept_screen_pass_plays|pff_receiving_concept_screen_positive_epa_percent|pff_receiving_concept_screen_receptions|pff_receiving_concept_screen_route_rate|pff_receiving_concept_screen_routes|pff_receiving_concept_screen_targeted_qb_rating|pff_receiving_concept_screen_targets|pff_receiving_concept_screen_targets_percent|pff_receiving_concept_screen_touchdowns|pff_receiving_concept_screen_yards|pff_receiving_concept_screen_yards_after_catch|pff_receiving_concept_screen_yards_after_catch_per_reception|pff_receiving_concept_screen_yards_per_reception,0.21,0.144,4.66,13.0,86.9
164,Tez Johnson,WR,WR,Oregon,TAM,7.0,235.0,23.0,0.065,0.056,0.016,0.081,,0,0.081,0.85,0.961,622,1,,ras_score|pffx_yprr|pffx_g_off|pff_receiving_concept_base_targets|pff_receiving_concept_declined_penalties|pff_receiving_concept_penalties|pff_receiving_concept_screen_avg_depth_of_target|pff_receiving_concept_screen_avoided_tackles|pff_receiving_concept_screen_caught_percent|pff_receiving_concept_screen_contested_receptions|pff_receiving_concept_screen_contested_targets|pff_receiving_concept_screen_drop_rate|pff_receiving_concept_screen_drops|pff_receiving_concept_screen_epa|pff_receiving_concept_screen_first_downs|pff_receiving_concept_screen_fumbles|pff_receiving_concept_screen_grades_hands_drop|pff_receiving_concept_screen_grades_pass_route|pff_receiving_concept_screen_interceptions|pff_receiving_concept_screen_longest|pff_receiving_concept_screen_pass_block_rate|pff_receiving_concept_screen_pass_blocks|pff_receiving_concept_screen_pass_plays|pff_receiving_concept_screen_positive_epa_percent|pff_receiving_concept_screen_receptions|pff_receiving_concept_screen_route_rate|pff_receiving_concept_screen_routes|pff_receiving_concept_screen_targeted_qb_rating|pff_receiving_concept_screen_targets|pff_receiving_concept_screen_targets_percent|pff_receiving_concept_screen_touchdowns|pff_receiving_concept_screen_yards|pff_receiving_concept_screen_yards_after_catch|pff_receiving_concept_screen_yards_after_catch_per_reception|pff_receiving_concept_screen_yards_per_reception,0.089,0.198,7.3,21.88,87.3
165,Jalen Rivers,OL,OL,Miami (FL),CIN,5.0,153.0,22.0,0.065,0.055,0.015,0.08,,0,0.08,0.85,0.5,27,1,,ras_score|pffx_g_off|pff_offense_blocking_block_percent|pff_offense_blocking_declined_penalties|pff_offense_blocking_grades_offense|pff_offense_blocking_grades_pass_block|pff_offense_blocking_grades_run_block|pff_offense_blocking_hits_allowed|pff_offense_blocking_hurries_allowed|pff_offense_blocking_non_spike_pass_block|pff_offense_blocking_non_spike_pass_block_percentage|pff_offense_blocking_pass_block_percent|pff_offense_blocking_pbe|pff_offense_blocking_penalties|pff_offense_blocking_pressures_allowed|pff_offense_blocking_sacks_allowed|pff_offense_blocking_snap_counts_block|pff_offense_blocking_snap_counts_ce|pff_offense_blocking_snap_counts_lg|pff_offense_blocking_snap_counts_lt|pff_offense_blocking_snap_counts_offense|pff_offense_blocking_snap_counts_pass_block|pff_offense_blocking_snap_counts_pass_play|pff_offense_blocking_snap_counts_rg|pff_offense_blocking_snap_counts_rt|pff_offense_blocking_snap_counts_run_block|pff_offense_blocking_snap_counts_te|age,0.149,0.139,6.63,,74.1
166,Jack Kiser,LB,LB,Notre Dame,JAX,4.0,107.0,24.0,0.095,-0.175,-0.016,0.079,,0,0.079,0.75,0.667,2,1,too_few_football_features,ras_score|pffx_g_off|age,0.101,0.108,7.68,,60.0
167,Tyrone Broden,CB,DB,Arkansas; Bowling Green,SEA,,,,0.03,0.306,0.049,0.079,,0,0.079,0.68,1,3,1,missing_pick;missing_age;thin_football_features,ras_score|pffx_yprr|pffx_g_off,0.002,0.002,9.39,7.25,52.9
168,Ricky White,WR,WR,UNLV,SEA,7.0,238.0,23.0,0.065,0.049,0.014,0.079,,0,0.079,0.85,0.988,639,1,,ras_score|pffx_yprr|pffx_g_off|pff_receiving_concept_base_targets|pff_receiving_concept_declined_penalties|pff_receiving_concept_penalties|pff_receiving_concept_screen_avg_depth_of_target|pff_receiving_concept_screen_avoided_tackles|pff_receiving_concept_screen_caught_percent|pff_receiving_concept_screen_contested_receptions|pff_receiving_concept_screen_contested_targets|pff_receiving_concept_screen_drop_rate|pff_receiving_concept_screen_drops|pff_receiving_concept_screen_epa|pff_receiving_concept_screen_first_downs|pff_receiving_concept_screen_fumbles|pff_receiving_concept_screen_grades_hands_drop|pff_receiving_concept_screen_grades_pass_route|pff_receiving_concept_screen_interceptions|pff_receiving_concept_screen_longest|pff_receiving_concept_screen_pass_block_rate|pff_receiving_concept_screen_pass_blocks|pff_receiving_concept_screen_pass_plays|pff_receiving_concept_screen_positive_epa_percent|pff_receiving_concept_screen_receptions|pff_receiving_concept_screen_route_rate|pff_receiving_concept_screen_routes|pff_receiving_concept_screen_targeted_qb_rating|pff_receiving_concept_screen_targets|pff_receiving_concept_screen_targets_percent|pff_receiving_concept_screen_touchdowns|pff_receiving_concept_screen_yards|pff_receiving_concept_screen_yards_after_catch|pff_receiving_concept_screen_yards_after_catch_per_reception|pff_receiving_concept_screen_yards_per_reception,0.071,0.053,3.37,10.95,80.8
169,Jack Nelson,OT,OL,Wisconsin,ATL,7.0,218.0,23.0,0.065,0.048,0.013,0.078,,0,0.078,0.85,0.481,26,1,missing_ras,pffx_g_off|pff_offense_blocking_block_percent|pff_offense_blocking_declined_penalties|pff_offense_blocking_grades_offense|pff_offense_blocking_grades_pass_block|pff_offense_blocking_grades_run_block|pff_offense_blocking_hits_allowed|pff_offense_blocking_hurries_allowed|pff_offense_blocking_non_spike_pass_block|pff_offense_blocking_non_spike_pass_block_percentage|pff_offense_blocking_pass_block_percent|pff_offense_blocking_pbe|pff_offense_blocking_penalties|pff_offense_blocking_pressures_allowed|pff_offense_blocking_sacks_allowed|pff_offense_blocking_snap_counts_block|pff_offense_blocking_snap_counts_ce|pff_offense_blocking_snap_counts_lg|pff_offense_blocking_snap_counts_lt|pff_offense_blocking_snap_counts_offense|pff_offense_blocking_snap_counts_pass_block|pff_offense_blocking_snap_counts_pass_play|pff_offense_blocking_snap_counts_rg|pff_offense_blocking_snap_counts_rt|pff_offense_blocking_snap_counts_run_block|pff_offense_blocking_snap_counts_te|age,0.081,0.06,,,70.6
170,Quinn Ewers,QB,QB,Texas,MIA,7.0,231.0,22.0,0.085,-0.024,-0.007,0.078,,0,0.078,0.85,0.944,943,1,missing_ras,pffx_yprr|pffx_g_off|pff_passing_allowed_pressure_allowed_pressure_dropbacks|pff_passing_allowed_pressure_ce_percent|pff_passing_allowed_pressure_declined_penalties|pff_passing_allowed_pressure_hits_allowed|pff_passing_allowed_pressure_hurries_allowed|pff_passing_allowed_pressure_lg_percent|pff_passing_allowed_pressure_lt_percent|pff_passing_allowed_pressure_ol_te_percent|pff_passing_allowed_pressure_other_percent|pff_passing_allowed_pressure_penalties|pff_passing_allowed_pressure_pressures_allowed|pff_passing_allowed_pressure_pressures_ce|pff_passing_allowed_pressure_pressures_lg|pff_passing_allowed_pressure_pressures_lt|pff_passing_allowed_pressure_pressures_off|pff_passing_allowed_pressure_pressures_ol_te|pff_passing_allowed_pressure_pressures_other|pff_passing_allowed_pressure_pressures_rg|pff_passing_allowed_pressure_pressures_rt|pff_passing_allowed_pressure_pressures_self|pff_passing_allowed_pressure_pressures_te|pff_passing_allowed_pressure_rg_percent|pff_passing_allowed_pressure_rt_percent|pff_passing_allowed_pressure_sacks_allowed|pff_passing_allowed_pressure_self_percent|pff_passing_allowed_pressure_te_percent|pff_passing_concept_dropbacks|pff_passing_concept_no_screen_accuracy_percent|pff_passing_concept_no_screen_aimed_passes|pff_passing_concept_no_screen_attempts|pff_passing_concept_no_screen_avg_depth_of_target|pff_passing_concept_no_screen_avg_time_to_throw|pff_passing_concept_no_screen_bats,0.009,0.048,,0.0,89.8
171,Oronde Gadsden II,TE,TE,Syracuse,LAC,5.0,165.0,22.0,0.035,0.151,0.042,0.077,,0,0.077,0.85,0.865,581,1,,ras_score|pffx_yprr|pffx_g_off|pff_receiving_concept_base_targets|pff_receiving_concept_declined_penalties|pff_receiving_concept_penalties|pff_receiving_concept_screen_avoided_tackles|pff_receiving_concept_screen_contested_receptions|pff_receiving_concept_screen_contested_targets|pff_receiving_concept_screen_drops|pff_receiving_concept_screen_epa|pff_receiving_concept_screen_first_downs|pff_receiving_concept_screen_fumbles|pff_receiving_concept_screen_grades_pass_route|pff_receiving_concept_screen_interceptions|pff_receiving_concept_screen_longest|pff_receiving_concept_screen_pass_block_rate|pff_receiving_concept_screen_pass_blocks|pff_receiving_concept_screen_pass_plays|pff_receiving_concept_screen_positive_epa_percent|pff_receiving_concept_screen_receptions|pff_receiving_concept_screen_route_rate|pff_receiving_concept_screen_routes|pff_receiving_concept_screen_targeted_qb_rating|pff_receiving_concept_screen_targets|pff_receiving_concept_screen_targets_percent|pff_receiving_concept_screen_touchdowns|pff_receiving_concept_screen_yards|pff_receiving_concept_screen_yards_after_catch|pff_receiving_concept_screen_yprr|pff_receiving_concept_slot_avg_depth_of_target|pff_receiving_concept_slot_avoided_tackles|pff_receiving_concept_slot_caught_percent|pff_receiving_concept_slot_contested_catch_rate|pff_receiving_concept_slot_contested_receptions,0.149,0.237,7.95,17.54,82.6
172,Luke Newman,G,OL,Michigan St.,CHI,6.0,195.0,23.0,0.065,0.131,0.012,0.077,,0,0.077,0.252,0.019,1,1,too_few_football_features;low_position_feature_completeness,ras_score|age,0.103,0.074,9.67,,
173,Cam Jackson,DT,DL,Florida,CAR,5.0,140.0,23.0,0.105,-0.315,-0.028,0.077,,0,0.077,0.75,0.333,1,1,too_few_football_features,ras_score|age,0.125,0.088,3.89,,
174,Jake Majors,C,OL,Texas,PHI,,,,0.045,0.195,0.031,0.076,,0,0.076,0.815,0.5,27,1,missing_pick;missing_age,ras_score|pffx_g_off|pff_offense_blocking_block_percent|pff_offense_blocking_declined_penalties|pff_offense_blocking_grades_offense|pff_offense_blocking_grades_pass_block|pff_offense_blocking_grades_run_block|pff_offense_blocking_hits_allowed|pff_offense_blocking_hurries_allowed|pff_offense_blocking_non_spike_pass_block|pff_offense_blocking_non_spike_pass_block_percentage|pff_offense_blocking_pass_block_percent|pff_offense_blocking_pbe|pff_offense_blocking_penalties|pff_offense_blocking_pressures_allowed|pff_offense_blocking_sacks_allowed|pff_offense_blocking_snap_counts_block|pff_offense_blocking_snap_counts_ce|pff_offense_blocking_snap_counts_lg|pff_offense_blocking_snap_counts_lt|pff_offense_blocking_snap_counts_offense|pff_offense_blocking_snap_counts_pass_block|pff_offense_blocking_snap_counts_pass_play|pff_offense_blocking_snap_counts_rg|pff_offense_blocking_snap_counts_rt|pff_offense_blocking_snap_counts_run_block|pff_offense_blocking_snap_counts_te,0.009,0.009,7.89,,70.7
175,Brashard Smith,RB,RB,SMU,KAN,7.0,228.0,22.0,0.035,0.145,0.041,0.076,,0,0.076,0.85,0.897,617,1,,ras_score|pffx_yprr|pffx_g_off|pff_receiving_concept_base_targets|pff_receiving_concept_declined_penalties|pff_receiving_concept_penalties|pff_receiving_concept_screen_avg_depth_of_target|pff_receiving_concept_screen_avoided_tackles|pff_receiving_concept_screen_caught_percent|pff_receiving_concept_screen_contested_receptions|pff_receiving_concept_screen_contested_targets|pff_receiving_concept_screen_drop_rate|pff_receiving_concept_screen_drops|pff_receiving_concept_screen_epa|pff_receiving_concept_screen_first_downs|pff_receiving_concept_screen_fumbles|pff_receiving_concept_screen_grades_hands_drop|pff_receiving_concept_screen_grades_pass_route|pff_receiving_concept_screen_interceptions|pff_receiving_concept_screen_longest|pff_receiving_concept_screen_pass_block_rate|pff_receiving_concept_screen_pass_blocks|pff_receiving_concept_screen_pass_plays|pff_receiving_concept_screen_positive_epa_percent|pff_receiving_concept_screen_receptions|pff_receiving_concept_screen_route_rate|pff_receiving_concept_screen_routes|pff_receiving_concept_screen_targeted_qb_rating|pff_receiving_concept_screen_targets|pff_receiving_concept_screen_targets_percent|pff_receiving_concept_screen_touchdowns|pff_receiving_concept_screen_yards|pff_receiving_concept_screen_yards_after_catch|pff_receiving_concept_screen_yards_after_catch_per_reception|pff_receiving_concept_screen_yards_per_reception,0.031,0.062,7.21,16.25,90.2
176,Chandler Brayboy,WR,WR,Elon,JAX,,,,0.045,0.34,0.031,0.076,,0,0.076,0.148,0.002,1,1,missing_pick;missing_age;too_few_football_features;low_position_feature_completeness,ras_score,0.012,0.012,9.52,,
177,LeQuint Allen,RB,RB,Syracuse,JAX,7.0,236.0,21.0,0.035,0.143,0.04,0.075,,0,0.075,0.85,0.872,600,1,missing_ras,pffx_yprr|pffx_g_off|pff_receiving_concept_base_targets|pff_receiving_concept_declined_penalties|pff_receiving_concept_penalties|pff_receiving_concept_screen_avg_depth_of_target|pff_receiving_concept_screen_avoided_tackles|pff_receiving_concept_screen_caught_percent|pff_receiving_concept_screen_contested_catch_rate|pff_receiving_concept_screen_contested_receptions|pff_receiving_concept_screen_contested_targets|pff_receiving_concept_screen_drop_rate|pff_receiving_concept_screen_drops|pff_receiving_concept_screen_epa|pff_receiving_concept_screen_first_downs|pff_receiving_concept_screen_fumbles|pff_receiving_concept_screen_grades_hands_drop|pff_receiving_concept_screen_grades_pass_route|pff_receiving_concept_screen_interceptions|pff_receiving_concept_screen_longest|pff_receiving_concept_screen_pass_block_rate|pff_receiving_concept_screen_pass_blocks|pff_receiving_concept_screen_pass_plays|pff_receiving_concept_screen_positive_epa_percent|pff_receiving_concept_screen_receptions|pff_receiving_concept_screen_route_rate|pff_receiving_concept_screen_routes|pff_receiving_concept_screen_targeted_qb_rating|pff_receiving_concept_screen_targets|pff_receiving_concept_screen_targets_percent|pff_receiving_concept_screen_touchdowns|pff_receiving_concept_screen_yards|pff_receiving_concept_screen_yards_after_catch|pff_receiving_concept_screen_yards_after_catch_per_reception|pff_receiving_concept_screen_yards_per_reception,0.045,0.071,,7.32,81.5
178,KeAndre Lambert-Smith,WR,WR,Auburn,LAC,5.0,158.0,23.0,0.065,0.034,0.01,0.075,,0,0.075,0.85,0.955,618,1,,ras_score|pffx_yprr|pffx_g_off|pff_receiving_concept_base_targets|pff_receiving_concept_declined_penalties|pff_receiving_concept_penalties|pff_receiving_concept_screen_avg_depth_of_target|pff_receiving_concept_screen_avoided_tackles|pff_receiving_concept_screen_caught_percent|pff_receiving_concept_screen_contested_receptions|pff_receiving_concept_screen_contested_targets|pff_receiving_concept_screen_drop_rate|pff_receiving_concept_screen_drops|pff_receiving_concept_screen_epa|pff_receiving_concept_screen_first_downs|pff_receiving_concept_screen_fumbles|pff_receiving_concept_screen_grades_hands_drop|pff_receiving_concept_screen_grades_pass_route|pff_receiving_concept_screen_interceptions|pff_receiving_concept_screen_longest|pff_receiving_concept_screen_pass_block_rate|pff_receiving_concept_screen_pass_blocks|pff_receiving_concept_screen_pass_plays|pff_receiving_concept_screen_positive_epa_percent|pff_receiving_concept_screen_receptions|pff_receiving_concept_screen_route_rate|pff_receiving_concept_screen_routes|pff_receiving_concept_screen_targeted_qb_rating|pff_receiving_concept_screen_targets|pff_receiving_concept_screen_targets_percent|pff_receiving_concept_screen_touchdowns|pff_receiving_concept_screen_yards|pff_receiving_concept_screen_yards_after_catch|pff_receiving_concept_screen_yards_after_catch_per_reception|pff_receiving_concept_screen_yards_per_reception,0.108,0.077,9.03,21.17,78.6
179,Coziah Izzard,DT,DL,Penn State,NO,,,,0.035,0.434,0.039,0.074,,0,0.074,0.68,0.333,1,1,missing_pick;missing_age;too_few_football_features,ras_score,0.009,0.009,9.71,,
180,Jordan Hancock,SAF,DB,Ohio St.,BUF,5.0,170.0,22.0,0.05,0.262,0.024,0.074,,0,0.074,0.75,0.333,1,1,too_few_football_features,ras_score|age,0.173,0.119,9.82,,
181,Joaquin Davis,WR,WR,North Carolina Central,MIN,,,,0.045,0.3,0.027,0.072,,0,0.072,0.148,0.002,1,1,missing_pick;missing_age;too_few_football_features;low_position_feature_completeness,ras_score,0.012,0.012,9.33,,
182,Treven Ma'ae,DE,DL,Baylor; Oregon,LV,,,,0.035,0.408,0.037,0.072,,0,0.072,0.68,0.333,1,1,missing_pick;missing_age;too_few_football_features,ras_score,0.012,0.012,9.58,,
183,Seth Henigan,QB,QB,Memphis,IND,,,,0.065,0.035,0.006,0.071,,0,0.071,0.815,0.942,941,1,missing_pick;missing_age,ras_score|pffx_yprr|pffx_g_off|pff_passing_allowed_pressure_allowed_pressure_dropbacks|pff_passing_allowed_pressure_ce_percent|pff_passing_allowed_pressure_declined_penalties|pff_passing_allowed_pressure_hits_allowed|pff_passing_allowed_pressure_hurries_allowed|pff_passing_allowed_pressure_lg_percent|pff_passing_allowed_pressure_lt_percent|pff_passing_allowed_pressure_ol_te_percent|pff_passing_allowed_pressure_other_percent|pff_passing_allowed_pressure_penalties|pff_passing_allowed_pressure_pressures_allowed|pff_passing_allowed_pressure_pressures_ce|pff_passing_allowed_pressure_pressures_lg|pff_passing_allowed_pressure_pressures_lt|pff_passing_allowed_pressure_pressures_off|pff_passing_allowed_pressure_pressures_ol_te|pff_passing_allowed_pressure_pressures_other|pff_passing_allowed_pressure_pressures_rg|pff_passing_allowed_pressure_pressures_rt|pff_passing_allowed_pressure_pressures_self|pff_passing_allowed_pressure_pressures_te|pff_passing_allowed_pressure_rg_percent|pff_passing_allowed_pressure_rt_percent|pff_passing_allowed_pressure_sacks_allowed|pff_passing_allowed_pressure_self_percent|pff_passing_allowed_pressure_te_percent|pff_passing_concept_dropbacks|pff_passing_concept_no_screen_accuracy_percent|pff_passing_concept_no_screen_aimed_passes|pff_passing_concept_no_screen_attempts|pff_passing_concept_no_screen_avg_depth_of_target|pff_passing_concept_no_screen_avg_time_to_throw,0.0,0.0,6.31,0.0,90.0
184,Zeek Biggers,DL,DL,Georgia Tech,MIA,7.0,253.0,21.0,0.055,0.172,0.016,0.071,,0,0.071,0.75,0.333,1,1,too_few_football_features,ras_score|age,0.009,0.048,8.21,,
185,JJ Roberts,DB,DB,Marshall,TB,,,,0.03,0.448,0.04,0.07,,0,0.07,0.68,0.333,1,1,missing_pick;missing_age;too_few_football_features,ras_score,0.012,0.012,9.68,,
186,Drew Moss,G,OL,Colorado State; Lamar,TEN,,,,0.045,0.154,0.025,0.07,,0,0.07,0.815,0.5,27,1,missing_pick;missing_age,ras_score|pffx_g_off|pff_offense_blocking_block_percent|pff_offense_blocking_declined_penalties|pff_offense_blocking_grades_offense|pff_offense_blocking_grades_pass_block|pff_offense_blocking_grades_run_block|pff_offense_blocking_hits_allowed|pff_offense_blocking_hurries_allowed|pff_offense_blocking_non_spike_pass_block|pff_offense_blocking_non_spike_pass_block_percentage|pff_offense_blocking_pass_block_percent|pff_offense_blocking_pbe|pff_offense_blocking_penalties|pff_offense_blocking_pressures_allowed|pff_offense_blocking_sacks_allowed|pff_offense_blocking_snap_counts_block|pff_offense_blocking_snap_counts_ce|pff_offense_blocking_snap_counts_lg|pff_offense_blocking_snap_counts_lt|pff_offense_blocking_snap_counts_offense|pff_offense_blocking_snap_counts_pass_block|pff_offense_blocking_snap_counts_pass_play|pff_offense_blocking_snap_counts_rg|pff_offense_blocking_snap_counts_rt|pff_offense_blocking_snap_counts_run_block|pff_offense_blocking_snap_counts_te,0.012,0.012,9.26,,74.1
187,Jay Toia,DT,DL,UCLA,DAL,7.0,217.0,22.0,0.055,0.15,0.013,0.068,,0,0.068,0.715,0.667,2,1,missing_ras;too_few_football_features,pffx_yprr|pffx_g_off|age,0.071,0.053,,0.0,67.2
188,Joseph Michalski,C,OL,Oklahoma State,DEN,,,,0.045,0.142,0.023,0.068,,0,0.068,0.78,0.481,26,1,missing_pick;missing_age;missing_ras,pffx_g_off|pff_offense_blocking_block_percent|pff_offense_blocking_declined_penalties|pff_offense_blocking_grades_offense|pff_offense_blocking_grades_pass_block|pff_offense_blocking_grades_run_block|pff_offense_blocking_hits_allowed|pff_offense_blocking_hurries_allowed|pff_offense_blocking_non_spike_pass_block|pff_offense_blocking_non_spike_pass_block_percentage|pff_offense_blocking_pass_block_percent|pff_offense_blocking_pbe|pff_offense_blocking_penalties|pff_offense_blocking_pressures_allowed|pff_offense_blocking_sacks_allowed|pff_offense_blocking_snap_counts_block|pff_offense_blocking_snap_counts_ce|pff_offense_blocking_snap_counts_lg|pff_offense_blocking_snap_counts_lt|pff_offense_blocking_snap_counts_offense|pff_offense_blocking_snap_counts_pass_block|pff_offense_blocking_snap_counts_pass_play|pff_offense_blocking_snap_counts_rg|pff_offense_blocking_snap_counts_rt|pff_offense_blocking_snap_counts_run_block|pff_offense_blocking_snap_counts_te,0.012,0.012,,,66.3
189,Wande Owens,DB,DB,New Hampshire; Yale,BUF,,,,0.03,0.418,0.038,0.068,,0,0.068,0.68,0.333,1,1,missing_pick;missing_age;too_few_football_features,ras_score,0.012,0.012,9.59,,
190,Tyler Cooper,G,OL,Minnesota,WAS,,,,0.045,0.138,0.022,0.067,,0,0.067,0.815,0.5,27,1,missing_pick;missing_age,ras_score|pffx_g_off|pff_offense_blocking_block_percent|pff_offense_blocking_declined_penalties|pff_offense_blocking_grades_offense|pff_offense_blocking_grades_pass_block|pff_offense_blocking_grades_run_block|pff_offense_blocking_hits_allowed|pff_offense_blocking_hurries_allowed|pff_offense_blocking_non_spike_pass_block|pff_offense_blocking_non_spike_pass_block_percentage|pff_offense_blocking_pass_block_percent|pff_offense_blocking_pbe|pff_offense_blocking_penalties|pff_offense_blocking_pressures_allowed|pff_offense_blocking_sacks_allowed|pff_offense_blocking_snap_counts_block|pff_offense_blocking_snap_counts_ce|pff_offense_blocking_snap_counts_lg|pff_offense_blocking_snap_counts_lt|pff_offense_blocking_snap_counts_offense|pff_offense_blocking_snap_counts_pass_block|pff_offense_blocking_snap_counts_pass_play|pff_offense_blocking_snap_counts_rg|pff_offense_blocking_snap_counts_rt|pff_offense_blocking_snap_counts_run_block|pff_offense_blocking_snap_counts_te,0.0,0.0,8.43,,71.7
191,Fadil Diggs,DE,DL,Syracuse,NOR,7.0,254.0,23.0,0.055,0.131,0.012,0.067,,0,0.067,0.75,0.333,1,1,too_few_football_features,ras_score|age,0.0,0.007,9.36,,
192,Konata Mumpfield,WR,WR,Pittsburgh,LAR,7.0,242.0,22.0,0.065,0.004,0.001,0.066,,0,0.066,0.85,0.988,639,1,,ras_score|pffx_yprr|pffx_g_off|pff_receiving_concept_base_targets|pff_receiving_concept_declined_penalties|pff_receiving_concept_penalties|pff_receiving_concept_screen_avg_depth_of_target|pff_receiving_concept_screen_avoided_tackles|pff_receiving_concept_screen_caught_percent|pff_receiving_concept_screen_contested_receptions|pff_receiving_concept_screen_contested_targets|pff_receiving_concept_screen_drop_rate|pff_receiving_concept_screen_drops|pff_receiving_concept_screen_epa|pff_receiving_concept_screen_first_downs|pff_receiving_concept_screen_fumbles|pff_receiving_concept_screen_grades_hands_drop|pff_receiving_concept_screen_grades_pass_route|pff_receiving_concept_screen_interceptions|pff_receiving_concept_screen_longest|pff_receiving_concept_screen_pass_block_rate|pff_receiving_concept_screen_pass_blocks|pff_receiving_concept_screen_pass_plays|pff_receiving_concept_screen_positive_epa_percent|pff_receiving_concept_screen_receptions|pff_receiving_concept_screen_route_rate|pff_receiving_concept_screen_routes|pff_receiving_concept_screen_targeted_qb_rating|pff_receiving_concept_screen_targets|pff_receiving_concept_screen_targets_percent|pff_receiving_concept_screen_touchdowns|pff_receiving_concept_screen_yards|pff_receiving_concept_screen_yards_after_catch|pff_receiving_concept_screen_yards_after_catch_per_reception|pff_receiving_concept_screen_yards_per_reception,0.04,0.068,6.35,13.76,69.7
193,Hunter Wohler,SAF,DB,Wisconsin,IND,7.0,232.0,22.0,0.05,0.18,0.016,0.066,,0,0.066,0.75,0.333,1,1,too_few_football_features,ras_score|age,0.088,0.064,9.26,,
194,Brandon George,LB,LB,Pittsburgh,KC,,,,0.025,0.456,0.041,0.066,,0,0.066,0.68,0.667,2,1,missing_pick;missing_age;too_few_football_features,ras_score|pffx_g_off,0.012,0.012,9.98,,61.1
195,Collin Oliver,DE,DL,Oklahoma St.,GNB,5.0,159.0,22.0,0.055,0.119,0.011,0.066,,0,0.066,0.75,0.333,1,1,too_few_football_features,ras_score|age,0.157,0.109,8.93,,
196,Jacob Bayer,C,OL,Arkansas State; Lamar,CIN,,,,0.045,0.129,0.021,0.066,,0,0.066,0.815,0.5,27,1,missing_pick;missing_age,ras_score|pffx_g_off|pff_offense_blocking_block_percent|pff_offense_blocking_declined_penalties|pff_offense_blocking_grades_offense|pff_offense_blocking_grades_pass_block|pff_offense_blocking_grades_run_block|pff_offense_blocking_hits_allowed|pff_offense_blocking_hurries_allowed|pff_offense_blocking_non_spike_pass_block|pff_offense_blocking_non_spike_pass_block_percentage|pff_offense_blocking_pass_block_percent|pff_offense_blocking_pbe|pff_offense_blocking_penalties|pff_offense_blocking_pressures_allowed|pff_offense_blocking_sacks_allowed|pff_offense_blocking_snap_counts_block|pff_offense_blocking_snap_counts_ce|pff_offense_blocking_snap_counts_lg|pff_offense_blocking_snap_counts_lt|pff_offense_blocking_snap_counts_offense|pff_offense_blocking_snap_counts_pass_block|pff_offense_blocking_snap_counts_pass_play|pff_offense_blocking_snap_counts_rg|pff_offense_blocking_snap_counts_rt|pff_offense_blocking_snap_counts_run_block|pff_offense_blocking_snap_counts_te,0.0,0.0,7.02,,82.9
197,Federico Maranges,C,OL,Florida Atlantic,SEA,,,,0.045,0.125,0.02,0.065,,0,0.065,0.815,0.5,27,1,missing_pick;missing_age,ras_score|pffx_g_off|pff_offense_blocking_block_percent|pff_offense_blocking_declined_penalties|pff_offense_blocking_grades_offense|pff_offense_blocking_grades_pass_block|pff_offense_blocking_grades_run_block|pff_offense_blocking_hits_allowed|pff_offense_blocking_hurries_allowed|pff_offense_blocking_non_spike_pass_block|pff_offense_blocking_non_spike_pass_block_percentage|pff_offense_blocking_pass_block_percent|pff_offense_blocking_pbe|pff_offense_blocking_penalties|pff_offense_blocking_pressures_allowed|pff_offense_blocking_sacks_allowed|pff_offense_blocking_snap_counts_block|pff_offense_blocking_snap_counts_ce|pff_offense_blocking_snap_counts_lg|pff_offense_blocking_snap_counts_lt|pff_offense_blocking_snap_counts_offense|pff_offense_blocking_snap_counts_pass_block|pff_offense_blocking_snap_counts_pass_play|pff_offense_blocking_snap_counts_rg|pff_offense_blocking_snap_counts_rt|pff_offense_blocking_snap_counts_run_block|pff_offense_blocking_snap_counts_te,0.0,0.0,8.24,,71.8
198,Chase Lundt,OL,OL,Connecticut,BUF,6.0,206.0,25.0,0.065,-0.003,-0.001,0.064,,0,0.064,0.85,0.5,27,1,,ras_score|pffx_g_off|pff_offense_blocking_block_percent|pff_offense_blocking_declined_penalties|pff_offense_blocking_grades_offense|pff_offense_blocking_grades_pass_block|pff_offense_blocking_grades_run_block|pff_offense_blocking_hits_allowed|pff_offense_blocking_hurries_allowed|pff_offense_blocking_non_spike_pass_block|pff_offense_blocking_non_spike_pass_block_percentage|pff_offense_blocking_pass_block_percent|pff_offense_blocking_pbe|pff_offense_blocking_penalties|pff_offense_blocking_pressures_allowed|pff_offense_blocking_sacks_allowed|pff_offense_blocking_snap_counts_block|pff_offense_blocking_snap_counts_ce|pff_offense_blocking_snap_counts_lg|pff_offense_blocking_snap_counts_lt|pff_offense_blocking_snap_counts_offense|pff_offense_blocking_snap_counts_pass_block|pff_offense_blocking_snap_counts_pass_play|pff_offense_blocking_snap_counts_rg|pff_offense_blocking_snap_counts_rt|pff_offense_blocking_snap_counts_run_block|pff_offense_blocking_snap_counts_te|age,0.003,0.009,6.47,,78.3
199,Elijah Ponder,LB,LB,Cal Poly (San Luis Obispo),NE,,,,0.025,0.432,0.039,0.064,,0,0.064,0.68,0.333,1,1,missing_pick;missing_age;too_few_football_features,ras_score,0.012,0.012,9.7,,
200,Jaylen Reed,SAF,DB,Penn St.,HOU,6.0,187.0,22.0,0.05,0.154,0.014,0.064,,0,0.064,0.75,0.333,1,1,too_few_football_features,ras_score|age,0.095,0.069,9.07,,
201,Jack Henderson,SAF,DB,Minnesota; Southeastern Louisiana,PIT,,,,0.03,0.376,0.034,0.064,,0,0.064,0.68,0.333,1,1,missing_pick;missing_age;too_few_football_features,ras_score,0.012,0.012,9.38,,
202,Graham Mertz,QB,QB,Florida,HOU,6.0,197.0,24.0,0.085,-0.076,-0.021,0.064,,0,0.064,0.85,0.932,931,1,missing_ras,pffx_g_off|pff_passing_allowed_pressure_allowed_pressure_dropbacks|pff_passing_allowed_pressure_ce_percent|pff_passing_allowed_pressure_declined_penalties|pff_passing_allowed_pressure_hits_allowed|pff_passing_allowed_pressure_hurries_allowed|pff_passing_allowed_pressure_lg_percent|pff_passing_allowed_pressure_lt_percent|pff_passing_allowed_pressure_ol_te_percent|pff_passing_allowed_pressure_other_percent|pff_passing_allowed_pressure_penalties|pff_passing_allowed_pressure_pressures_allowed|pff_passing_allowed_pressure_pressures_ce|pff_passing_allowed_pressure_pressures_lg|pff_passing_allowed_pressure_pressures_lt|pff_passing_allowed_pressure_pressures_off|pff_passing_allowed_pressure_pressures_ol_te|pff_passing_allowed_pressure_pressures_other|pff_passing_allowed_pressure_pressures_rg|pff_passing_allowed_pressure_pressures_rt|pff_passing_allowed_pressure_pressures_self|pff_passing_allowed_pressure_pressures_te|pff_passing_allowed_pressure_rg_percent|pff_passing_allowed_pressure_rt_percent|pff_passing_allowed_pressure_sacks_allowed|pff_passing_allowed_pressure_self_percent|pff_passing_allowed_pressure_te_percent|pff_passing_concept_dropbacks|pff_passing_concept_no_screen_accuracy_percent|pff_passing_concept_no_screen_aimed_passes|pff_passing_concept_no_screen_attempts|pff_passing_concept_no_screen_avg_depth_of_target|pff_passing_concept_no_screen_avg_time_to_throw|pff_passing_concept_no_screen_bats|pff_passing_concept_no_screen_big_time_throws,0.068,0.051,,,88.0
203,Xavier Restrepo,WR,WR,Miami,TEN,,,,0.045,0.117,0.019,0.064,,0,0.064,0.815,0.975,631,1,missing_pick;missing_age,ras_score|pffx_yprr|pffx_g_off|pff_receiving_concept_base_targets|pff_receiving_concept_declined_penalties|pff_receiving_concept_penalties|pff_receiving_concept_screen_avg_depth_of_target|pff_receiving_concept_screen_avoided_tackles|pff_receiving_concept_screen_caught_percent|pff_receiving_concept_screen_contested_receptions|pff_receiving_concept_screen_contested_targets|pff_receiving_concept_screen_drop_rate|pff_receiving_concept_screen_drops|pff_receiving_concept_screen_epa|pff_receiving_concept_screen_first_downs|pff_receiving_concept_screen_fumbles|pff_receiving_concept_screen_grades_hands_drop|pff_receiving_concept_screen_grades_pass_route|pff_receiving_concept_screen_interceptions|pff_receiving_concept_screen_longest|pff_receiving_concept_screen_pass_block_rate|pff_receiving_concept_screen_pass_blocks|pff_receiving_concept_screen_pass_plays|pff_receiving_concept_screen_positive_epa_percent|pff_receiving_concept_screen_receptions|pff_receiving_concept_screen_route_rate|pff_receiving_concept_screen_routes|pff_receiving_concept_screen_targeted_qb_rating|pff_receiving_concept_screen_targets|pff_receiving_concept_screen_targets_percent|pff_receiving_concept_screen_touchdowns|pff_receiving_concept_screen_yards|pff_receiving_concept_screen_yards_after_catch|pff_receiving_concept_screen_yards_after_catch_per_reception|pff_receiving_concept_screen_yards_per_reception,0.012,0.012,3.95,20.8,87.0
204,Coleman Owen,WR,WR,Ohio; Northern Arizona,IND,,,,0.045,0.112,0.018,0.063,,0,0.063,0.815,0.977,632,1,missing_pick;missing_age,ras_score|pffx_yprr|pffx_g_off|pff_receiving_concept_base_targets|pff_receiving_concept_declined_penalties|pff_receiving_concept_penalties|pff_receiving_concept_screen_avg_depth_of_target|pff_receiving_concept_screen_avoided_tackles|pff_receiving_concept_screen_caught_percent|pff_receiving_concept_screen_contested_receptions|pff_receiving_concept_screen_contested_targets|pff_receiving_concept_screen_drop_rate|pff_receiving_concept_screen_drops|pff_receiving_concept_screen_epa|pff_receiving_concept_screen_first_downs|pff_receiving_concept_screen_fumbles|pff_receiving_concept_screen_grades_hands_drop|pff_receiving_concept_screen_grades_pass_route|pff_receiving_concept_screen_interceptions|pff_receiving_concept_screen_longest|pff_receiving_concept_screen_pass_block_rate|pff_receiving_concept_screen_pass_blocks|pff_receiving_concept_screen_pass_plays|pff_receiving_concept_screen_positive_epa_percent|pff_receiving_concept_screen_receptions|pff_receiving_concept_screen_route_rate|pff_receiving_concept_screen_routes|pff_receiving_concept_screen_targeted_qb_rating|pff_receiving_concept_screen_targets|pff_receiving_concept_screen_targets_percent|pff_receiving_concept_screen_touchdowns|pff_receiving_concept_screen_yards|pff_receiving_concept_screen_yards_after_catch|pff_receiving_concept_screen_yards_after_catch_per_reception|pff_receiving_concept_screen_yards_per_reception,0.0,0.0,7.31,14.32,90.2
205,Valentin Senn,OL,OL,Connecticut; Colorado,ARI,,,,0.045,0.197,0.018,0.063,,0,0.063,0.182,0.019,1,1,missing_pick;missing_age;too_few_football_features;low_position_feature_completeness,ras_score,0.008,0.008,9.16,,
206,Smael Mondon,LB,LB,Georgia,PHI,5.0,161.0,22.0,0.045,0.196,0.018,0.063,,0,0.063,0.75,0.333,1,1,too_few_football_features,ras_score|age,0.177,0.122,9.42,,
207,Jamaal Pritchett,WR,WR,South Alabama; Tuskegee University,NYJ,,,,0.045,0.11,0.018,0.063,,0,0.063,0.815,0.972,629,1,missing_pick;missing_age,ras_score|pffx_yprr|pffx_g_off|pff_receiving_concept_base_targets|pff_receiving_concept_declined_penalties|pff_receiving_concept_penalties|pff_receiving_concept_screen_avg_depth_of_target|pff_receiving_concept_screen_avoided_tackles|pff_receiving_concept_screen_caught_percent|pff_receiving_concept_screen_contested_receptions|pff_receiving_concept_screen_contested_targets|pff_receiving_concept_screen_drop_rate|pff_receiving_concept_screen_drops|pff_receiving_concept_screen_epa|pff_receiving_concept_screen_first_downs|pff_receiving_concept_screen_fumbles|pff_receiving_concept_screen_grades_hands_drop|pff_receiving_concept_screen_grades_pass_route|pff_receiving_concept_screen_interceptions|pff_receiving_concept_screen_longest|pff_receiving_concept_screen_pass_block_rate|pff_receiving_concept_screen_pass_blocks|pff_receiving_concept_screen_pass_plays|pff_receiving_concept_screen_positive_epa_percent|pff_receiving_concept_screen_receptions|pff_receiving_concept_screen_route_rate|pff_receiving_concept_screen_routes|pff_receiving_concept_screen_targeted_qb_rating|pff_receiving_concept_screen_targets|pff_receiving_concept_screen_targets_percent|pff_receiving_concept_screen_touchdowns|pff_receiving_concept_screen_yards|pff_receiving_concept_screen_yards_after_catch|pff_receiving_concept_screen_yards_after_catch_per_reception|pff_receiving_concept_screen_yards_per_reception,0.012,0.012,3.46,20.57,85.9
208,Sebastian Valdez,DL,DL,Washington; Montana State,SF,,,,0.035,0.303,0.027,0.062,,0,0.062,0.68,0.333,1,1,missing_pick;missing_age;too_few_football_features,ras_score,0.009,0.009,9.28,,
209,Joe Huber,OL,OL,Wisconsin,MIN,,,,0.045,0.105,0.017,0.062,,0,0.062,0.815,0.5,27,1,missing_pick;missing_age,ras_score|pffx_g_off|pff_offense_blocking_block_percent|pff_offense_blocking_declined_penalties|pff_offense_blocking_grades_offense|pff_offense_blocking_grades_pass_block|pff_offense_blocking_grades_run_block|pff_offense_blocking_hits_allowed|pff_offense_blocking_hurries_allowed|pff_offense_blocking_non_spike_pass_block|pff_offense_blocking_non_spike_pass_block_percentage|pff_offense_blocking_pass_block_percent|pff_offense_blocking_pbe|pff_offense_blocking_penalties|pff_offense_blocking_pressures_allowed|pff_offense_blocking_sacks_allowed|pff_offense_blocking_snap_counts_block|pff_offense_blocking_snap_counts_ce|pff_offense_blocking_snap_counts_lg|pff_offense_blocking_snap_counts_lt|pff_offense_blocking_snap_counts_offense|pff_offense_blocking_snap_counts_pass_block|pff_offense_blocking_snap_counts_pass_play|pff_offense_blocking_snap_counts_rg|pff_offense_blocking_snap_counts_rt|pff_offense_blocking_snap_counts_run_block|pff_offense_blocking_snap_counts_te,0.009,0.009,8.93,,69.6
210,Marcus Mbow,OL,OL,Purdue,NYG,5.0,154.0,22.0,0.065,-0.012,-0.003,0.062,,0,0.062,0.85,0.481,26,1,missing_ras,pffx_g_off|pff_offense_blocking_block_percent|pff_offense_blocking_declined_penalties|pff_offense_blocking_grades_offense|pff_offense_blocking_grades_pass_block|pff_offense_blocking_grades_run_block|pff_offense_blocking_hits_allowed|pff_offense_blocking_hurries_allowed|pff_offense_blocking_non_spike_pass_block|pff_offense_blocking_non_spike_pass_block_percentage|pff_offense_blocking_pass_block_percent|pff_offense_blocking_pbe|pff_offense_blocking_penalties|pff_offense_blocking_pressures_allowed|pff_offense_blocking_sacks_allowed|pff_offense_blocking_snap_counts_block|pff_offense_blocking_snap_counts_ce|pff_offense_blocking_snap_counts_lg|pff_offense_blocking_snap_counts_lt|pff_offense_blocking_snap_counts_offense|pff_offense_blocking_snap_counts_pass_block|pff_offense_blocking_snap_counts_pass_play|pff_offense_blocking_snap_counts_rg|pff_offense_blocking_snap_counts_rt|pff_offense_blocking_snap_counts_run_block|pff_offense_blocking_snap_counts_te|age,0.167,0.151,,,70.2
211,Kyonte Hamilton,DL,DL,Rutgers,HOU,7.0,224.0,22.0,0.055,0.073,0.007,0.062,,0,0.062,0.75,0.667,2,1,too_few_football_features,ras_score|pffx_g_off|age,0.081,0.06,9.29,,59.9
212,Justin Osborne,C,OL,SMU; Auburn,CLE,,,,0.045,0.103,0.017,0.062,,0,0.062,0.815,0.5,27,1,missing_pick;missing_age,ras_score|pffx_g_off|pff_offense_blocking_block_percent|pff_offense_blocking_declined_penalties|pff_offense_blocking_grades_offense|pff_offense_blocking_grades_pass_block|pff_offense_blocking_grades_run_block|pff_offense_blocking_hits_allowed|pff_offense_blocking_hurries_allowed|pff_offense_blocking_non_spike_pass_block|pff_offense_blocking_non_spike_pass_block_percentage|pff_offense_blocking_pass_block_percent|pff_offense_blocking_pbe|pff_offense_blocking_penalties|pff_offense_blocking_pressures_allowed|pff_offense_blocking_sacks_allowed|pff_offense_blocking_snap_counts_block|pff_offense_blocking_snap_counts_ce|pff_offense_blocking_snap_counts_lg|pff_offense_blocking_snap_counts_lt|pff_offense_blocking_snap_counts_offense|pff_offense_blocking_snap_counts_pass_block|pff_offense_blocking_snap_counts_pass_play|pff_offense_blocking_snap_counts_rg|pff_offense_blocking_snap_counts_rt|pff_offense_blocking_snap_counts_run_block|pff_offense_blocking_snap_counts_te,0.0,0.0,9.06,,80.8
213,Marques Sigle,SAF,DB,Kansas St.,SFO,5.0,160.0,23.0,0.05,0.127,0.011,0.061,,0,0.061,0.75,0.333,1,1,too_few_football_features,ras_score|age,0.108,0.21,9.64,,
214,Antwaun Powell-Ryland,DE,DL,Virginia Tech,PHI,6.0,209.0,23.0,0.055,0.066,0.006,0.061,,0,0.061,0.75,0.333,1,1,too_few_football_features,ras_score|age,0.073,0.054,9.18,,
215,Logan Brown,OT,OL,Kansas; Wisconsin,SEA,,,,0.045,0.097,0.016,0.061,,0,0.061,0.815,0.426,23,1,missing_pick;missing_age,ras_score|pffx_g_off|pff_offense_blocking_block_percent|pff_offense_blocking_declined_penalties|pff_offense_blocking_grades_offense|pff_offense_blocking_grades_run_block|pff_offense_blocking_hits_allowed|pff_offense_blocking_hurries_allowed|pff_offense_blocking_non_spike_pass_block|pff_offense_blocking_penalties|pff_offense_blocking_pressures_allowed|pff_offense_blocking_sacks_allowed|pff_offense_blocking_snap_counts_block|pff_offense_blocking_snap_counts_ce|pff_offense_blocking_snap_counts_lg|pff_offense_blocking_snap_counts_lt|pff_offense_blocking_snap_counts_offense|pff_offense_blocking_snap_counts_pass_block|pff_offense_blocking_snap_counts_pass_play|pff_offense_blocking_snap_counts_rg|pff_offense_blocking_snap_counts_rt|pff_offense_blocking_snap_counts_run_block|pff_offense_blocking_snap_counts_te,0.012,0.012,9.49,,77.3
216,Donovan McMillon,DB,DB,Pittsburgh; Florida,CLE,,,,0.03,0.335,0.03,0.06,,0,0.06,0.68,0.333,1,1,missing_pick;missing_age;too_few_football_features,ras_score,0.009,0.009,9.2,,
217,Rylie Mills,DL,DL,Notre Dame,SEA,5.0,142.0,24.0,0.105,-0.5,-0.045,0.06,,0,0.06,0.18,0,0,1,missing_ras;too_few_football_features;low_position_feature_completeness,age,0.11,0.078,,,
218,Dalton Cooper,OT,OL,Oklahoma State; Texas State-San Marcos,GB,,,,0.045,0.093,0.015,0.06,,0,0.06,0.815,0.5,27,1,missing_pick;missing_age,ras_score|pffx_g_off|pff_offense_blocking_block_percent|pff_offense_blocking_declined_penalties|pff_offense_blocking_grades_offense|pff_offense_blocking_grades_pass_block|pff_offense_blocking_grades_run_block|pff_offense_blocking_hits_allowed|pff_offense_blocking_hurries_allowed|pff_offense_blocking_non_spike_pass_block|pff_offense_blocking_non_spike_pass_block_percentage|pff_offense_blocking_pass_block_percent|pff_offense_blocking_pbe|pff_offense_blocking_penalties|pff_offense_blocking_pressures_allowed|pff_offense_blocking_sacks_allowed|pff_offense_blocking_snap_counts_block|pff_offense_blocking_snap_counts_ce|pff_offense_blocking_snap_counts_lg|pff_offense_blocking_snap_counts_lt|pff_offense_blocking_snap_counts_offense|pff_offense_blocking_snap_counts_pass_block|pff_offense_blocking_snap_counts_pass_play|pff_offense_blocking_snap_counts_rg|pff_offense_blocking_snap_counts_rt|pff_offense_blocking_snap_counts_run_block|pff_offense_blocking_snap_counts_te,0.0,0.0,9.08,,75.3
219,Kaden Prather,WR,WR,Maryland,BUF,7.0,240.0,23.0,0.065,-0.019,-0.005,0.06,,0,0.06,0.85,0.98,634,2,deduped,ras_score|pffx_yprr|pffx_g_off|pff_receiving_concept_base_targets|pff_receiving_concept_declined_penalties|pff_receiving_concept_penalties|pff_receiving_concept_screen_avg_depth_of_target|pff_receiving_concept_screen_avoided_tackles|pff_receiving_concept_screen_caught_percent|pff_receiving_concept_screen_contested_catch_rate|pff_receiving_concept_screen_contested_receptions|pff_receiving_concept_screen_contested_targets|pff_receiving_concept_screen_drop_rate|pff_receiving_concept_screen_drops|pff_receiving_concept_screen_epa|pff_receiving_concept_screen_first_downs|pff_receiving_concept_screen_fumbles|pff_receiving_concept_screen_grades_hands_drop|pff_receiving_concept_screen_grades_pass_route|pff_receiving_concept_screen_interceptions|pff_receiving_concept_screen_longest|pff_receiving_concept_screen_pass_block_rate|pff_receiving_concept_screen_pass_blocks|pff_receiving_concept_screen_pass_plays|pff_receiving_concept_screen_positive_epa_percent|pff_receiving_concept_screen_receptions|pff_receiving_concept_screen_route_rate|pff_receiving_concept_screen_routes|pff_receiving_concept_screen_targeted_qb_rating|pff_receiving_concept_screen_targets|pff_receiving_concept_screen_targets_percent|pff_receiving_concept_screen_touchdowns|pff_receiving_concept_screen_yards|pff_receiving_concept_screen_yards_after_catch|pff_receiving_concept_screen_yards_after_catch_per_reception,0.009,0.013,7.67,9.64,88.9
220,Jared Harrison-Hunte,DL,DL,SMU; Miami,CAR,,,,0.035,0.27,0.024,0.059,,0,0.059,0.68,0.333,1,1,missing_pick;missing_age;too_few_football_features,ras_score,0.007,0.007,9.2,,
221,Warren Brinson,DL,DL,Georgia,GNB,6.0,198.0,23.0,0.055,0.042,0.004,0.059,,0,0.059,0.75,0.333,1,1,too_few_football_features,ras_score|age,0.073,0.089,9.1,,
222,Kitan Crawford,SAF,DB,Nevada,ARI,7.0,225.0,23.0,0.05,0.097,0.009,0.059,,0,0.059,0.75,0.667,2,1,too_few_football_features,ras_score|pffx_g_off|age,0.1,0.072,9.54,,60.0
223,Hollin Pierce,OT,OL,Rutgers,PHI,,,,0.045,0.085,0.014,0.059,,0,0.059,0.78,0.481,26,1,missing_pick;missing_age;missing_ras,pffx_g_off|pff_offense_blocking_block_percent|pff_offense_blocking_declined_penalties|pff_offense_blocking_grades_offense|pff_offense_blocking_grades_pass_block|pff_offense_blocking_grades_run_block|pff_offense_blocking_hits_allowed|pff_offense_blocking_hurries_allowed|pff_offense_blocking_non_spike_pass_block|pff_offense_blocking_non_spike_pass_block_percentage|pff_offense_blocking_pass_block_percent|pff_offense_blocking_pbe|pff_offense_blocking_penalties|pff_offense_blocking_pressures_allowed|pff_offense_blocking_sacks_allowed|pff_offense_blocking_snap_counts_block|pff_offense_blocking_snap_counts_ce|pff_offense_blocking_snap_counts_lg|pff_offense_blocking_snap_counts_lt|pff_offense_blocking_snap_counts_offense|pff_offense_blocking_snap_counts_pass_block|pff_offense_blocking_snap_counts_pass_play|pff_offense_blocking_snap_counts_rg|pff_offense_blocking_snap_counts_rt|pff_offense_blocking_snap_counts_run_block|pff_offense_blocking_snap_counts_te,0.003,0.003,,,72.4
224,Josh Kelly,WR,WR,Texas Tech; Washington State; Fresno State,HOU,,,,0.045,0.085,0.014,0.059,,0,0.059,0.815,0.997,645,1,missing_pick;missing_age,ras_score|pffx_yprr|pffx_g_off|pff_receiving_concept_base_targets|pff_receiving_concept_declined_penalties|pff_receiving_concept_penalties|pff_receiving_concept_screen_avg_depth_of_target|pff_receiving_concept_screen_avoided_tackles|pff_receiving_concept_screen_caught_percent|pff_receiving_concept_screen_contested_catch_rate|pff_receiving_concept_screen_contested_receptions|pff_receiving_concept_screen_contested_targets|pff_receiving_concept_screen_drop_rate|pff_receiving_concept_screen_drops|pff_receiving_concept_screen_epa|pff_receiving_concept_screen_first_downs|pff_receiving_concept_screen_fumbles|pff_receiving_concept_screen_grades_hands_drop|pff_receiving_concept_screen_grades_pass_route|pff_receiving_concept_screen_interceptions|pff_receiving_concept_screen_longest|pff_receiving_concept_screen_pass_block_rate|pff_receiving_concept_screen_pass_blocks|pff_receiving_concept_screen_pass_plays|pff_receiving_concept_screen_positive_epa_percent|pff_receiving_concept_screen_receptions|pff_receiving_concept_screen_route_rate|pff_receiving_concept_screen_routes|pff_receiving_concept_screen_targeted_qb_rating|pff_receiving_concept_screen_targets|pff_receiving_concept_screen_targets_percent|pff_receiving_concept_screen_touchdowns|pff_receiving_concept_screen_yards|pff_receiving_concept_screen_yards_after_catch|pff_receiving_concept_screen_yards_after_catch_per_reception,0.003,0.003,3.98,15.69,77.3
225,Myles Hinton,OT,OL,Michigan,PHI,6.0,191.0,23.0,0.065,-0.023,-0.006,0.059,,0,0.059,0.85,0.481,26,1,missing_ras,pffx_g_off|pff_offense_blocking_block_percent|pff_offense_blocking_declined_penalties|pff_offense_blocking_grades_offense|pff_offense_blocking_grades_pass_block|pff_offense_blocking_grades_run_block|pff_offense_blocking_hits_allowed|pff_offense_blocking_hurries_allowed|pff_offense_blocking_non_spike_pass_block|pff_offense_blocking_non_spike_pass_block_percentage|pff_offense_blocking_pass_block_percent|pff_offense_blocking_pbe|pff_offense_blocking_penalties|pff_offense_blocking_pressures_allowed|pff_offense_blocking_sacks_allowed|pff_offense_blocking_snap_counts_block|pff_offense_blocking_snap_counts_ce|pff_offense_blocking_snap_counts_lg|pff_offense_blocking_snap_counts_lt|pff_offense_blocking_snap_counts_offense|pff_offense_blocking_snap_counts_pass_block|pff_offense_blocking_snap_counts_pass_play|pff_offense_blocking_snap_counts_rg|pff_offense_blocking_snap_counts_rt|pff_offense_blocking_snap_counts_run_block|pff_offense_blocking_snap_counts_te|age,0.071,0.053,,,72.4
226,Jaden Robinson,CB,DB,Oregon State,DEN,,,,0.03,0.314,0.028,0.058,,0,0.058,0.68,0.333,1,1,missing_pick;missing_age;too_few_football_features,ras_score,0.0,0.0,9.11,,
227,Josh Fryar,OT,OL,Ohio State,ARI,,,,0.045,0.081,0.013,0.058,,0,0.058,0.815,0.5,27,1,missing_pick;missing_age,ras_score|pffx_g_off|pff_offense_blocking_block_percent|pff_offense_blocking_declined_penalties|pff_offense_blocking_grades_offense|pff_offense_blocking_grades_pass_block|pff_offense_blocking_grades_run_block|pff_offense_blocking_hits_allowed|pff_offense_blocking_hurries_allowed|pff_offense_blocking_non_spike_pass_block|pff_offense_blocking_non_spike_pass_block_percentage|pff_offense_blocking_pass_block_percent|pff_offense_blocking_pbe|pff_offense_blocking_penalties|pff_offense_blocking_pressures_allowed|pff_offense_blocking_sacks_allowed|pff_offense_blocking_snap_counts_block|pff_offense_blocking_snap_counts_ce|pff_offense_blocking_snap_counts_lg|pff_offense_blocking_snap_counts_lt|pff_offense_blocking_snap_counts_offense|pff_offense_blocking_snap_counts_pass_block|pff_offense_blocking_snap_counts_pass_play|pff_offense_blocking_snap_counts_rg|pff_offense_blocking_snap_counts_rt|pff_offense_blocking_snap_counts_run_block|pff_offense_blocking_snap_counts_te,0.009,0.009,9.2,,74.0
228,Nick Nash,WR,WR,San Jose State,WAS,,,,0.045,0.079,0.013,0.058,,0,0.058,0.815,0.966,625,1,missing_pick;missing_age,ras_score|pffx_yprr|pffx_g_off|pff_receiving_concept_base_targets|pff_receiving_concept_declined_penalties|pff_receiving_concept_penalties|pff_receiving_concept_screen_avg_depth_of_target|pff_receiving_concept_screen_avoided_tackles|pff_receiving_concept_screen_caught_percent|pff_receiving_concept_screen_contested_receptions|pff_receiving_concept_screen_contested_targets|pff_receiving_concept_screen_drop_rate|pff_receiving_concept_screen_drops|pff_receiving_concept_screen_epa|pff_receiving_concept_screen_first_downs|pff_receiving_concept_screen_fumbles|pff_receiving_concept_screen_grades_hands_drop|pff_receiving_concept_screen_grades_pass_route|pff_receiving_concept_screen_interceptions|pff_receiving_concept_screen_longest|pff_receiving_concept_screen_pass_block_rate|pff_receiving_concept_screen_pass_blocks|pff_receiving_concept_screen_pass_plays|pff_receiving_concept_screen_positive_epa_percent|pff_receiving_concept_screen_receptions|pff_receiving_concept_screen_route_rate|pff_receiving_concept_screen_routes|pff_receiving_concept_screen_targeted_qb_rating|pff_receiving_concept_screen_targets|pff_receiving_concept_screen_targets_percent|pff_receiving_concept_screen_touchdowns|pff_receiving_concept_screen_yards|pff_receiving_concept_screen_yards_after_catch|pff_receiving_concept_screen_yards_after_catch_per_reception|pff_receiving_concept_screen_yards_per_reception,0.0,0.0,6.0,10.19,91.1
229,Darius Cooper,WR,WR,Tarleton State,PHI,,,,0.045,0.14,0.013,0.058,,0,0.058,0.148,0.002,1,1,missing_pick;missing_age;too_few_football_features;low_position_feature_completeness,ras_score,0.0,0.0,8.58,,
230,Carter Runyon,TE,TE,Towson; Shenandoah University,LV,,,,0.015,0.472,0.042,0.057,,0,0.057,0.148,0.001,1,1,missing_pick;missing_age;too_few_football_features;low_position_feature_completeness,ras_score,0.012,0.012,9.38,,
231,Max Brosmer,QB,QB,Minnesota; New Hampshire,MIN,,,,0.065,-0.051,-0.008,0.057,,0,0.057,0.78,0.943,942,1,missing_pick;missing_age;missing_ras,pffx_yprr|pffx_g_off|pff_passing_allowed_pressure_allowed_pressure_dropbacks|pff_passing_allowed_pressure_ce_percent|pff_passing_allowed_pressure_declined_penalties|pff_passing_allowed_pressure_hits_allowed|pff_passing_allowed_pressure_hurries_allowed|pff_passing_allowed_pressure_lg_percent|pff_passing_allowed_pressure_lt_percent|pff_passing_allowed_pressure_ol_te_percent|pff_passing_allowed_pressure_other_percent|pff_passing_allowed_pressure_penalties|pff_passing_allowed_pressure_pressures_allowed|pff_passing_allowed_pressure_pressures_ce|pff_passing_allowed_pressure_pressures_lg|pff_passing_allowed_pressure_pressures_lt|pff_passing_allowed_pressure_pressures_off|pff_passing_allowed_pressure_pressures_ol_te|pff_passing_allowed_pressure_pressures_other|pff_passing_allowed_pressure_pressures_rg|pff_passing_allowed_pressure_pressures_rt|pff_passing_allowed_pressure_pressures_self|pff_passing_allowed_pressure_pressures_te|pff_passing_allowed_pressure_rg_percent|pff_passing_allowed_pressure_rt_percent|pff_passing_allowed_pressure_sacks_allowed|pff_passing_allowed_pressure_self_percent|pff_passing_allowed_pressure_te_percent|pff_passing_concept_dropbacks|pff_passing_concept_no_screen_accuracy_percent|pff_passing_concept_no_screen_aimed_passes|pff_passing_concept_no_screen_attempts|pff_passing_concept_no_screen_avg_depth_of_target|pff_passing_concept_no_screen_avg_time_to_throw|pff_passing_concept_no_screen_bats,0.0,0.0,,0.0,90.3
232,Connor Bazelak,QB,QB,Bowling Green; Indiana; Missouri,TB,,,,0.065,-0.053,-0.008,0.057,,0,0.057,0.815,0.945,944,1,missing_pick;missing_age,ras_score|pffx_yprr|pffx_g_off|pff_passing_allowed_pressure_allowed_pressure_dropbacks|pff_passing_allowed_pressure_ce_percent|pff_passing_allowed_pressure_declined_penalties|pff_passing_allowed_pressure_hits_allowed|pff_passing_allowed_pressure_hurries_allowed|pff_passing_allowed_pressure_lg_percent|pff_passing_allowed_pressure_lt_percent|pff_passing_allowed_pressure_ol_te_percent|pff_passing_allowed_pressure_other_percent|pff_passing_allowed_pressure_penalties|pff_passing_allowed_pressure_pressures_allowed|pff_passing_allowed_pressure_pressures_ce|pff_passing_allowed_pressure_pressures_lg|pff_passing_allowed_pressure_pressures_lt|pff_passing_allowed_pressure_pressures_off|pff_passing_allowed_pressure_pressures_ol_te|pff_passing_allowed_pressure_pressures_other|pff_passing_allowed_pressure_pressures_rg|pff_passing_allowed_pressure_pressures_rt|pff_passing_allowed_pressure_pressures_self|pff_passing_allowed_pressure_pressures_te|pff_passing_allowed_pressure_rg_percent|pff_passing_allowed_pressure_rt_percent|pff_passing_allowed_pressure_sacks_allowed|pff_passing_allowed_pressure_self_percent|pff_passing_allowed_pressure_te_percent|pff_passing_concept_dropbacks|pff_passing_concept_no_screen_accuracy_percent|pff_passing_concept_no_screen_aimed_passes|pff_passing_concept_no_screen_attempts|pff_passing_concept_no_screen_avg_depth_of_target|pff_passing_concept_no_screen_avg_time_to_throw,0.0,0.0,6.2,0.0,89.4
233,Connor Colby,OL,OL,Iowa,SFO,7.0,249.0,22.0,0.065,-0.031,-0.009,0.056,,0,0.056,0.85,0.5,27,1,,ras_score|pffx_g_off|pff_offense_blocking_block_percent|pff_offense_blocking_declined_penalties|pff_offense_blocking_grades_offense|pff_offense_blocking_grades_pass_block|pff_offense_blocking_grades_run_block|pff_offense_blocking_hits_allowed|pff_offense_blocking_hurries_allowed|pff_offense_blocking_non_spike_pass_block|pff_offense_blocking_non_spike_pass_block_percentage|pff_offense_blocking_pass_block_percent|pff_offense_blocking_pbe|pff_offense_blocking_penalties|pff_offense_blocking_pressures_allowed|pff_offense_blocking_sacks_allowed|pff_offense_blocking_snap_counts_block|pff_offense_blocking_snap_counts_ce|pff_offense_blocking_snap_counts_lg|pff_offense_blocking_snap_counts_lt|pff_offense_blocking_snap_counts_offense|pff_offense_blocking_snap_counts_pass_block|pff_offense_blocking_snap_counts_pass_play|pff_offense_blocking_snap_counts_rg|pff_offense_blocking_snap_counts_rt|pff_offense_blocking_snap_counts_run_block|pff_offense_blocking_snap_counts_te|age,0.11,0.113,9.48,,70.6
234,John Williams,OL,OL,Cincinnati,GNB,7.0,250.0,23.0,0.065,-0.031,-0.009,0.056,,0,0.056,0.85,0.5,27,1,,ras_score|pffx_g_off|pff_offense_blocking_block_percent|pff_offense_blocking_declined_penalties|pff_offense_blocking_grades_offense|pff_offense_blocking_grades_pass_block|pff_offense_blocking_grades_run_block|pff_offense_blocking_hits_allowed|pff_offense_blocking_hurries_allowed|pff_offense_blocking_non_spike_pass_block|pff_offense_blocking_non_spike_pass_block_percentage|pff_offense_blocking_pass_block_percent|pff_offense_blocking_pbe|pff_offense_blocking_penalties|pff_offense_blocking_pressures_allowed|pff_offense_blocking_sacks_allowed|pff_offense_blocking_snap_counts_block|pff_offense_blocking_snap_counts_ce|pff_offense_blocking_snap_counts_lg|pff_offense_blocking_snap_counts_lt|pff_offense_blocking_snap_counts_offense|pff_offense_blocking_snap_counts_pass_block|pff_offense_blocking_snap_counts_pass_play|pff_offense_blocking_snap_counts_rg|pff_offense_blocking_snap_counts_rt|pff_offense_blocking_snap_counts_run_block|pff_offense_blocking_snap_counts_te|age,0.009,0.013,9.07,,69.2
235,Devin Neal,RB,RB,Kansas,NOR,6.0,184.0,22.0,0.035,0.076,0.021,0.056,,0,0.056,0.85,0.846,582,1,,ras_score|pffx_yprr|pffx_g_off|pff_receiving_concept_base_targets|pff_receiving_concept_declined_penalties|pff_receiving_concept_penalties|pff_receiving_concept_screen_avg_depth_of_target|pff_receiving_concept_screen_avoided_tackles|pff_receiving_concept_screen_caught_percent|pff_receiving_concept_screen_contested_receptions|pff_receiving_concept_screen_contested_targets|pff_receiving_concept_screen_drop_rate|pff_receiving_concept_screen_drops|pff_receiving_concept_screen_epa|pff_receiving_concept_screen_first_downs|pff_receiving_concept_screen_fumbles|pff_receiving_concept_screen_grades_hands_drop|pff_receiving_concept_screen_grades_pass_route|pff_receiving_concept_screen_interceptions|pff_receiving_concept_screen_longest|pff_receiving_concept_screen_pass_block_rate|pff_receiving_concept_screen_pass_blocks|pff_receiving_concept_screen_pass_plays|pff_receiving_concept_screen_positive_epa_percent|pff_receiving_concept_screen_receptions|pff_receiving_concept_screen_route_rate|pff_receiving_concept_screen_routes|pff_receiving_concept_screen_targeted_qb_rating|pff_receiving_concept_screen_targets|pff_receiving_concept_screen_targets_percent|pff_receiving_concept_screen_touchdowns|pff_receiving_concept_screen_yards|pff_receiving_concept_screen_yards_after_catch|pff_receiving_concept_screen_yards_after_catch_per_reception|pff_receiving_concept_screen_yards_per_reception,0.062,0.082,6.66,11.0,88.8
236,Tru Edwards,WR,WR,Louisiana Tech; Hawaii; Navarro,LA,,,,0.045,0.069,0.011,0.056,,0,0.056,0.815,0.988,639,1,missing_pick;missing_age,ras_score|pffx_yprr|pffx_g_off|pff_receiving_concept_base_targets|pff_receiving_concept_declined_penalties|pff_receiving_concept_penalties|pff_receiving_concept_screen_avg_depth_of_target|pff_receiving_concept_screen_avoided_tackles|pff_receiving_concept_screen_caught_percent|pff_receiving_concept_screen_contested_receptions|pff_receiving_concept_screen_contested_targets|pff_receiving_concept_screen_drop_rate|pff_receiving_concept_screen_drops|pff_receiving_concept_screen_epa|pff_receiving_concept_screen_first_downs|pff_receiving_concept_screen_fumbles|pff_receiving_concept_screen_grades_hands_drop|pff_receiving_concept_screen_grades_pass_route|pff_receiving_concept_screen_interceptions|pff_receiving_concept_screen_longest|pff_receiving_concept_screen_pass_block_rate|pff_receiving_concept_screen_pass_blocks|pff_receiving_concept_screen_pass_plays|pff_receiving_concept_screen_positive_epa_percent|pff_receiving_concept_screen_receptions|pff_receiving_concept_screen_route_rate|pff_receiving_concept_screen_routes|pff_receiving_concept_screen_targeted_qb_rating|pff_receiving_concept_screen_targets|pff_receiving_concept_screen_targets_percent|pff_receiving_concept_screen_touchdowns|pff_receiving_concept_screen_yards|pff_receiving_concept_screen_yards_after_catch|pff_receiving_concept_screen_yards_after_catch_per_reception|pff_receiving_concept_screen_yards_per_reception,0.018,0.018,7.35,21.33,87.3
237,Dominic Lovett,WR,WR,Georgia,DET,7.0,244.0,22.0,0.065,-0.032,-0.009,0.056,,0,0.056,0.85,0.964,624,1,,ras_score|pffx_yprr|pffx_g_off|pff_receiving_concept_base_targets|pff_receiving_concept_declined_penalties|pff_receiving_concept_penalties|pff_receiving_concept_screen_avg_depth_of_target|pff_receiving_concept_screen_avoided_tackles|pff_receiving_concept_screen_caught_percent|pff_receiving_concept_screen_contested_receptions|pff_receiving_concept_screen_contested_targets|pff_receiving_concept_screen_drop_rate|pff_receiving_concept_screen_drops|pff_receiving_concept_screen_epa|pff_receiving_concept_screen_first_downs|pff_receiving_concept_screen_fumbles|pff_receiving_concept_screen_grades_hands_drop|pff_receiving_concept_screen_grades_pass_route|pff_receiving_concept_screen_interceptions|pff_receiving_concept_screen_longest|pff_receiving_concept_screen_pass_block_rate|pff_receiving_concept_screen_pass_blocks|pff_receiving_concept_screen_pass_plays|pff_receiving_concept_screen_positive_epa_percent|pff_receiving_concept_screen_receptions|pff_receiving_concept_screen_route_rate|pff_receiving_concept_screen_routes|pff_receiving_concept_screen_targeted_qb_rating|pff_receiving_concept_screen_targets|pff_receiving_concept_screen_targets_percent|pff_receiving_concept_screen_touchdowns|pff_receiving_concept_screen_yards|pff_receiving_concept_screen_yards_after_catch|pff_receiving_concept_screen_yards_after_catch_per_reception|pff_receiving_concept_screen_yards_per_reception,0.103,0.074,6.66,12.36,65.8
238,Robert McDaniel,DB,DB,Jackson State University; Alcorn State,WAS,,,,0.03,0.284,0.026,0.056,,0,0.056,0.68,0.333,1,1,missing_pick;missing_age;too_few_football_features,ras_score,0.003,0.003,8.84,,
239,Tyler Baron,DE,DL,Miami (FL),NYJ,5.0,176.0,23.0,0.055,0.001,0,0.055,,0,0.055,0.75,0.333,1,1,too_few_football_features,ras_score|age,0.073,0.054,8.64,,
240,Quincy Riley,CB,DB,Louisville,NOR,4.0,131.0,24.0,0.1,-0.5,-0.045,0.055,,0,0.055,0.18,0,0,1,missing_ras;too_few_football_features;low_position_feature_completeness,age,0.101,0.206,,,
241,Ja'Corey Brooks,WR,WR,Louisville,WAS,,,,0.045,0.062,0.01,0.055,,0,0.055,0.815,0.954,617,1,missing_pick;missing_age,ras_score|pffx_yprr|pffx_g_off|pff_receiving_concept_base_targets|pff_receiving_concept_declined_penalties|pff_receiving_concept_penalties|pff_receiving_concept_screen_avg_depth_of_target|pff_receiving_concept_screen_avoided_tackles|pff_receiving_concept_screen_caught_percent|pff_receiving_concept_screen_contested_receptions|pff_receiving_concept_screen_contested_targets|pff_receiving_concept_screen_drop_rate|pff_receiving_concept_screen_drops|pff_receiving_concept_screen_epa|pff_receiving_concept_screen_first_downs|pff_receiving_concept_screen_fumbles|pff_receiving_concept_screen_grades_hands_drop|pff_receiving_concept_screen_grades_pass_route|pff_receiving_concept_screen_interceptions|pff_receiving_concept_screen_longest|pff_receiving_concept_screen_pass_block_rate|pff_receiving_concept_screen_pass_blocks|pff_receiving_concept_screen_pass_plays|pff_receiving_concept_screen_positive_epa_percent|pff_receiving_concept_screen_receptions|pff_receiving_concept_screen_route_rate|pff_receiving_concept_screen_routes|pff_receiving_concept_screen_targeted_qb_rating|pff_receiving_concept_screen_targets|pff_receiving_concept_screen_targets_percent|pff_receiving_concept_screen_touchdowns|pff_receiving_concept_screen_yards|pff_receiving_concept_screen_yards_after_catch|pff_receiving_concept_screen_yards_after_catch_per_reception|pff_receiving_concept_screen_yards_per_reception,0.0,0.0,4.15,14.57,78.3
242,Garmon Randolph,LB,LB,Baylor,LAC,,,,0.025,0.331,0.03,0.055,,0,0.055,0.68,0.333,1,1,missing_pick;missing_age;too_few_football_features,ras_score,0.012,0.012,9.17,,
243,Brady Cook,QB,QB,Missouri,NYJ,,,,0.065,-0.065,-0.01,0.055,,0,0.055,0.815,0.943,942,1,missing_pick;missing_age,ras_score|pffx_yprr|pffx_g_off|pff_passing_allowed_pressure_allowed_pressure_dropbacks|pff_passing_allowed_pressure_ce_percent|pff_passing_allowed_pressure_declined_penalties|pff_passing_allowed_pressure_hits_allowed|pff_passing_allowed_pressure_hurries_allowed|pff_passing_allowed_pressure_lg_percent|pff_passing_allowed_pressure_lt_percent|pff_passing_allowed_pressure_ol_te_percent|pff_passing_allowed_pressure_other_percent|pff_passing_allowed_pressure_penalties|pff_passing_allowed_pressure_pressures_allowed|pff_passing_allowed_pressure_pressures_ce|pff_passing_allowed_pressure_pressures_lg|pff_passing_allowed_pressure_pressures_lt|pff_passing_allowed_pressure_pressures_off|pff_passing_allowed_pressure_pressures_ol_te|pff_passing_allowed_pressure_pressures_other|pff_passing_allowed_pressure_pressures_rg|pff_passing_allowed_pressure_pressures_rt|pff_passing_allowed_pressure_pressures_self|pff_passing_allowed_pressure_pressures_te|pff_passing_allowed_pressure_rg_percent|pff_passing_allowed_pressure_rt_percent|pff_passing_allowed_pressure_sacks_allowed|pff_passing_allowed_pressure_self_percent|pff_passing_allowed_pressure_te_percent|pff_passing_concept_dropbacks|pff_passing_concept_no_screen_accuracy_percent|pff_passing_concept_no_screen_aimed_passes|pff_passing_concept_no_screen_attempts|pff_passing_concept_no_screen_avg_depth_of_target|pff_passing_concept_no_screen_avg_time_to_throw,0.0,0.0,9.71,0.0,85.2
244,Francisco Mauigoa,LB,LB,Miami (FL),NYJ,5.0,162.0,22.0,0.045,0.107,0.01,0.055,,0,0.055,0.75,0.667,2,1,too_few_football_features,ras_score|pffx_g_off|age,0.138,0.132,9.13,,60.0
245,Gus Hartwig,C,OL,Purdue,NYJ,,,,0.045,0.059,0.01,0.055,,0,0.055,0.815,0.5,27,1,missing_pick;missing_age,ras_score|pffx_g_off|pff_offense_blocking_block_percent|pff_offense_blocking_declined_penalties|pff_offense_blocking_grades_offense|pff_offense_blocking_grades_pass_block|pff_offense_blocking_grades_run_block|pff_offense_blocking_hits_allowed|pff_offense_blocking_hurries_allowed|pff_offense_blocking_non_spike_pass_block|pff_offense_blocking_non_spike_pass_block_percentage|pff_offense_blocking_pass_block_percent|pff_offense_blocking_pbe|pff_offense_blocking_penalties|pff_offense_blocking_pressures_allowed|pff_offense_blocking_sacks_allowed|pff_offense_blocking_snap_counts_block|pff_offense_blocking_snap_counts_ce|pff_offense_blocking_snap_counts_lg|pff_offense_blocking_snap_counts_lt|pff_offense_blocking_snap_counts_offense|pff_offense_blocking_snap_counts_pass_block|pff_offense_blocking_snap_counts_pass_play|pff_offense_blocking_snap_counts_rg|pff_offense_blocking_snap_counts_rt|pff_offense_blocking_snap_counts_run_block|pff_offense_blocking_snap_counts_te,0.009,0.009,6.53,,69.1
246,Jackson Meeks,WR,WR,Syracuse,DET,,,,0.045,0.054,0.009,0.054,,0,0.054,0.815,0.968,626,1,missing_pick;missing_age,ras_score|pffx_yprr|pffx_g_off|pff_receiving_concept_base_targets|pff_receiving_concept_declined_penalties|pff_receiving_concept_penalties|pff_receiving_concept_screen_avg_depth_of_target|pff_receiving_concept_screen_avoided_tackles|pff_receiving_concept_screen_caught_percent|pff_receiving_concept_screen_contested_receptions|pff_receiving_concept_screen_contested_targets|pff_receiving_concept_screen_drop_rate|pff_receiving_concept_screen_drops|pff_receiving_concept_screen_epa|pff_receiving_concept_screen_first_downs|pff_receiving_concept_screen_fumbles|pff_receiving_concept_screen_grades_hands_drop|pff_receiving_concept_screen_grades_pass_route|pff_receiving_concept_screen_interceptions|pff_receiving_concept_screen_longest|pff_receiving_concept_screen_pass_block_rate|pff_receiving_concept_screen_pass_blocks|pff_receiving_concept_screen_pass_plays|pff_receiving_concept_screen_positive_epa_percent|pff_receiving_concept_screen_receptions|pff_receiving_concept_screen_route_rate|pff_receiving_concept_screen_routes|pff_receiving_concept_screen_targeted_qb_rating|pff_receiving_concept_screen_targets|pff_receiving_concept_screen_targets_percent|pff_receiving_concept_screen_touchdowns|pff_receiving_concept_screen_yards|pff_receiving_concept_screen_yards_after_catch|pff_receiving_concept_screen_yards_after_catch_per_reception|pff_receiving_concept_screen_yards_per_reception,0.0,0.0,6.65,16.2,81.4
247,Hunter Dekkers,QB,QB,Iowa Western CC; Iowa State,NO,,,,0.065,-0.071,-0.011,0.054,,0,0.054,0.815,0.948,947,1,missing_pick;missing_age,ras_score|pffx_yprr|pffx_g_off|pff_passing_allowed_pressure_allowed_pressure_dropbacks|pff_passing_allowed_pressure_ce_percent|pff_passing_allowed_pressure_declined_penalties|pff_passing_allowed_pressure_hits_allowed|pff_passing_allowed_pressure_hurries_allowed|pff_passing_allowed_pressure_lg_percent|pff_passing_allowed_pressure_lt_percent|pff_passing_allowed_pressure_ol_te_percent|pff_passing_allowed_pressure_other_percent|pff_passing_allowed_pressure_penalties|pff_passing_allowed_pressure_pressures_allowed|pff_passing_allowed_pressure_pressures_ce|pff_passing_allowed_pressure_pressures_lg|pff_passing_allowed_pressure_pressures_lt|pff_passing_allowed_pressure_pressures_off|pff_passing_allowed_pressure_pressures_ol_te|pff_passing_allowed_pressure_pressures_other|pff_passing_allowed_pressure_pressures_rg|pff_passing_allowed_pressure_pressures_rt|pff_passing_allowed_pressure_pressures_self|pff_passing_allowed_pressure_pressures_te|pff_passing_allowed_pressure_rg_percent|pff_passing_allowed_pressure_rt_percent|pff_passing_allowed_pressure_sacks_allowed|pff_passing_allowed_pressure_self_percent|pff_passing_allowed_pressure_te_percent|pff_passing_concept_dropbacks|pff_passing_concept_no_screen_accuracy_percent|pff_passing_concept_no_screen_aimed_passes|pff_passing_concept_no_screen_attempts|pff_passing_concept_no_screen_avg_depth_of_target|pff_passing_concept_no_screen_avg_time_to_throw,0.0,0.0,7.55,0.0,84.4
248,Keydrain Calligan,DB,DB,Southeastern Louisiana; Jackson State University,TEN,,,,0.03,0.263,0.024,0.054,,0,0.054,0.68,0.333,1,1,missing_pick;missing_age;too_few_football_features,ras_score,0.003,0.003,8.78,,
249,Amari Kight,OT,OL,UCF; Alabama,SEA,,,,0.045,0.054,0.009,0.054,,0,0.054,0.815,0.5,27,1,missing_pick;missing_age,ras_score|pffx_g_off|pff_offense_blocking_block_percent|pff_offense_blocking_declined_penalties|pff_offense_blocking_grades_offense|pff_offense_blocking_grades_pass_block|pff_offense_blocking_grades_run_block|pff_offense_blocking_hits_allowed|pff_offense_blocking_hurries_allowed|pff_offense_blocking_non_spike_pass_block|pff_offense_blocking_non_spike_pass_block_percentage|pff_offense_blocking_pass_block_percent|pff_offense_blocking_pbe|pff_offense_blocking_penalties|pff_offense_blocking_pressures_allowed|pff_offense_blocking_sacks_allowed|pff_offense_blocking_snap_counts_block|pff_offense_blocking_snap_counts_ce|pff_offense_blocking_snap_counts_lg|pff_offense_blocking_snap_counts_lt|pff_offense_blocking_snap_counts_offense|pff_offense_blocking_snap_counts_pass_block|pff_offense_blocking_snap_counts_pass_play|pff_offense_blocking_snap_counts_rg|pff_offense_blocking_snap_counts_rt|pff_offense_blocking_snap_counts_run_block|pff_offense_blocking_snap_counts_te,0.0,0.0,3.01,,71.6
250,Andrew Armstrong,WR,WR,Arkansas; East Texas A&M,KC,,,,0.045,0.053,0.008,0.053,,0,0.053,0.815,0.964,624,1,missing_pick;missing_age,ras_score|pffx_yprr|pffx_g_off|pff_receiving_concept_base_targets|pff_receiving_concept_declined_penalties|pff_receiving_concept_penalties|pff_receiving_concept_screen_avg_depth_of_target|pff_receiving_concept_screen_avoided_tackles|pff_receiving_concept_screen_caught_percent|pff_receiving_concept_screen_contested_receptions|pff_receiving_concept_screen_contested_targets|pff_receiving_concept_screen_drop_rate|pff_receiving_concept_screen_drops|pff_receiving_concept_screen_epa|pff_receiving_concept_screen_first_downs|pff_receiving_concept_screen_fumbles|pff_receiving_concept_screen_grades_hands_drop|pff_receiving_concept_screen_grades_pass_route|pff_receiving_concept_screen_interceptions|pff_receiving_concept_screen_longest|pff_receiving_concept_screen_pass_block_rate|pff_receiving_concept_screen_pass_blocks|pff_receiving_concept_screen_pass_plays|pff_receiving_concept_screen_positive_epa_percent|pff_receiving_concept_screen_receptions|pff_receiving_concept_screen_route_rate|pff_receiving_concept_screen_routes|pff_receiving_concept_screen_targeted_qb_rating|pff_receiving_concept_screen_targets|pff_receiving_concept_screen_targets_percent|pff_receiving_concept_screen_touchdowns|pff_receiving_concept_screen_yards|pff_receiving_concept_screen_yards_after_catch|pff_receiving_concept_screen_yards_after_catch_per_reception|pff_receiving_concept_screen_yards_per_reception,0.0,0.0,8.57,11.86,89.1
251,Malik Verdon,LB,LB,Iowa State,ATL,,,,0.025,0.314,0.028,0.053,,0,0.053,0.68,0.333,1,1,missing_pick;missing_age;too_few_football_features,ras_score,0.005,0.005,9.15,,
252,Dean Clark,DB,DB,Fresno State; Kent State,NYJ,,,,0.03,0.257,0.023,0.053,,0,0.053,0.68,0.667,2,1,missing_pick;missing_age;too_few_football_features,ras_score|pffx_g_off,0.013,0.013,9.33,,60.0
253,Zah Frazier,CB,DB,Texas-San Antonio,CHI,5.0,169.0,24.0,0.05,0.033,0.003,0.053,,0,0.053,0.75,0.333,1,1,too_few_football_features,ras_score|age,0.108,0.077,9.36,,
254,Fatorma Mulbah,DT,DL,West Virginia; Penn State,NYJ,,,,0.035,0.197,0.018,0.053,,0,0.053,0.68,0.333,1,1,missing_pick;missing_age;too_few_football_features,ras_score,0.0,0.0,9.06,,
255,JJ Pegues,DT,DL,Mississippi,LVR,6.0,180.0,23.0,0.055,-0.014,-0.002,0.053,,0,0.053,0.75,1,3,1,thin_football_features,ras_score|pffx_yprr|pffx_g_off|age,0.042,0.069,4.82,0.0,92.3
256,Brandon Crenshaw-Dickson,OT,OL,Florida; San Diego State,TEN,,,,0.045,0.045,0.007,0.052,,0,0.052,0.815,0.5,27,1,missing_pick;missing_age,ras_score|pffx_g_off|pff_offense_blocking_block_percent|pff_offense_blocking_declined_penalties|pff_offense_blocking_grades_offense|pff_offense_blocking_grades_pass_block|pff_offense_blocking_grades_run_block|pff_offense_blocking_hits_allowed|pff_offense_blocking_hurries_allowed|pff_offense_blocking_non_spike_pass_block|pff_offense_blocking_non_spike_pass_block_percentage|pff_offense_blocking_pass_block_percent|pff_offense_blocking_pbe|pff_offense_blocking_penalties|pff_offense_blocking_pressures_allowed|pff_offense_blocking_sacks_allowed|pff_offense_blocking_snap_counts_block|pff_offense_blocking_snap_counts_ce|pff_offense_blocking_snap_counts_lg|pff_offense_blocking_snap_counts_lt|pff_offense_blocking_snap_counts_offense|pff_offense_blocking_snap_counts_pass_block|pff_offense_blocking_snap_counts_pass_play|pff_offense_blocking_snap_counts_rg|pff_offense_blocking_snap_counts_rt|pff_offense_blocking_snap_counts_run_block|pff_offense_blocking_snap_counts_te,0.004,0.004,2.54,,72.8
257,Tahj Brooks,RB,RB,Texas Tech,CIN,6.0,193.0,23.0,0.035,0.061,0.017,0.052,,0,0.052,0.85,0.875,602,1,,ras_score|pffx_yprr|pffx_g_off|pff_receiving_concept_base_targets|pff_receiving_concept_declined_penalties|pff_receiving_concept_penalties|pff_receiving_concept_screen_avg_depth_of_target|pff_receiving_concept_screen_avoided_tackles|pff_receiving_concept_screen_caught_percent|pff_receiving_concept_screen_contested_receptions|pff_receiving_concept_screen_contested_targets|pff_receiving_concept_screen_drop_rate|pff_receiving_concept_screen_drops|pff_receiving_concept_screen_epa|pff_receiving_concept_screen_first_downs|pff_receiving_concept_screen_fumbles|pff_receiving_concept_screen_grades_hands_drop|pff_receiving_concept_screen_grades_pass_route|pff_receiving_concept_screen_interceptions|pff_receiving_concept_screen_longest|pff_receiving_concept_screen_pass_block_rate|pff_receiving_concept_screen_pass_blocks|pff_receiving_concept_screen_pass_plays|pff_receiving_concept_screen_positive_epa_percent|pff_receiving_concept_screen_receptions|pff_receiving_concept_screen_route_rate|pff_receiving_concept_screen_routes|pff_receiving_concept_screen_targeted_qb_rating|pff_receiving_concept_screen_targets|pff_receiving_concept_screen_targets_percent|pff_receiving_concept_screen_touchdowns|pff_receiving_concept_screen_yards|pff_receiving_concept_screen_yards_after_catch|pff_receiving_concept_screen_yards_after_catch_per_reception|pff_receiving_concept_screen_yards_per_reception,0.078,0.058,8.58,12.5,87.1
258,Jaden Smith,WR,WR,Nevada; Tarleton State; Montana State,TB,,,,0.045,0.042,0.007,0.052,,0,0.052,0.815,0.985,637,1,missing_pick;missing_age,ras_score|pffx_yprr|pffx_g_off|pff_receiving_concept_base_targets|pff_receiving_concept_declined_penalties|pff_receiving_concept_penalties|pff_receiving_concept_screen_avg_depth_of_target|pff_receiving_concept_screen_avoided_tackles|pff_receiving_concept_screen_caught_percent|pff_receiving_concept_screen_contested_receptions|pff_receiving_concept_screen_contested_targets|pff_receiving_concept_screen_drop_rate|pff_receiving_concept_screen_drops|pff_receiving_concept_screen_epa|pff_receiving_concept_screen_first_downs|pff_receiving_concept_screen_fumbles|pff_receiving_concept_screen_grades_hands_drop|pff_receiving_concept_screen_grades_pass_route|pff_receiving_concept_screen_interceptions|pff_receiving_concept_screen_longest|pff_receiving_concept_screen_pass_block_rate|pff_receiving_concept_screen_pass_blocks|pff_receiving_concept_screen_pass_plays|pff_receiving_concept_screen_positive_epa_percent|pff_receiving_concept_screen_receptions|pff_receiving_concept_screen_route_rate|pff_receiving_concept_screen_routes|pff_receiving_concept_screen_targeted_qb_rating|pff_receiving_concept_screen_targets|pff_receiving_concept_screen_targets_percent|pff_receiving_concept_screen_touchdowns|pff_receiving_concept_screen_yards|pff_receiving_concept_screen_yards_after_catch|pff_receiving_concept_screen_yards_after_catch_per_reception|pff_receiving_concept_screen_yards_per_reception,0.0,0.0,7.64,15.94,84.6
259,Theo Wease Jr.,WR,WR,Missouri; Oklahoma,MIA,,,,0.045,0.042,0.007,0.052,,0,0.052,0.815,0.974,630,1,missing_pick;missing_age,ras_score|pffx_yprr|pffx_g_off|pff_receiving_concept_base_targets|pff_receiving_concept_declined_penalties|pff_receiving_concept_penalties|pff_receiving_concept_screen_avg_depth_of_target|pff_receiving_concept_screen_avoided_tackles|pff_receiving_concept_screen_caught_percent|pff_receiving_concept_screen_contested_receptions|pff_receiving_concept_screen_contested_targets|pff_receiving_concept_screen_drop_rate|pff_receiving_concept_screen_drops|pff_receiving_concept_screen_epa|pff_receiving_concept_screen_first_downs|pff_receiving_concept_screen_fumbles|pff_receiving_concept_screen_grades_hands_drop|pff_receiving_concept_screen_grades_pass_route|pff_receiving_concept_screen_interceptions|pff_receiving_concept_screen_longest|pff_receiving_concept_screen_pass_block_rate|pff_receiving_concept_screen_pass_blocks|pff_receiving_concept_screen_pass_plays|pff_receiving_concept_screen_positive_epa_percent|pff_receiving_concept_screen_receptions|pff_receiving_concept_screen_route_rate|pff_receiving_concept_screen_routes|pff_receiving_concept_screen_targeted_qb_rating|pff_receiving_concept_screen_targets|pff_receiving_concept_screen_targets_percent|pff_receiving_concept_screen_touchdowns|pff_receiving_concept_screen_yards|pff_receiving_concept_screen_yards_after_catch|pff_receiving_concept_screen_yards_after_catch_per_reception|pff_receiving_concept_screen_yards_per_reception,0.012,0.012,4.27,11.61,77.6
260,Simeon Barrow Jr.,DT,DL,Miami; Michigan State,MIA,,,,0.035,0.184,0.017,0.052,,0,0.052,0.68,0.333,1,1,missing_pick;missing_age;too_few_football_features,ras_score,0.0,0.0,9.05,,
261,Mitchell Evans,TE,TE,Notre Dame,CAR,5.0,163.0,22.0,0.035,0.059,0.016,0.051,,0,0.051,0.85,0.853,573,1,,ras_score|pffx_yprr|pffx_g_off|pff_receiving_concept_base_targets|pff_receiving_concept_declined_penalties|pff_receiving_concept_penalties|pff_receiving_concept_screen_avg_depth_of_target|pff_receiving_concept_screen_avoided_tackles|pff_receiving_concept_screen_caught_percent|pff_receiving_concept_screen_contested_receptions|pff_receiving_concept_screen_contested_targets|pff_receiving_concept_screen_drop_rate|pff_receiving_concept_screen_drops|pff_receiving_concept_screen_epa|pff_receiving_concept_screen_first_downs|pff_receiving_concept_screen_fumbles|pff_receiving_concept_screen_grades_hands_drop|pff_receiving_concept_screen_grades_pass_route|pff_receiving_concept_screen_interceptions|pff_receiving_concept_screen_longest|pff_receiving_concept_screen_pass_block_rate|pff_receiving_concept_screen_pass_blocks|pff_receiving_concept_screen_pass_plays|pff_receiving_concept_screen_positive_epa_percent|pff_receiving_concept_screen_receptions|pff_receiving_concept_screen_route_rate|pff_receiving_concept_screen_routes|pff_receiving_concept_screen_targeted_qb_rating|pff_receiving_concept_screen_targets|pff_receiving_concept_screen_targets_percent|pff_receiving_concept_screen_touchdowns|pff_receiving_concept_screen_yards|pff_receiving_concept_screen_yards_after_catch|pff_receiving_concept_screen_yards_after_catch_per_reception|pff_receiving_concept_screen_yards_per_reception,0.107,0.111,7.24,13.75,65.3
262,Luke Grimm,WR,WR,Kansas,LAC,,,,0.045,0.039,0.006,0.051,,0,0.051,0.815,0.985,637,1,missing_pick;missing_age,ras_score|pffx_yprr|pffx_g_off|pff_receiving_concept_base_targets|pff_receiving_concept_declined_penalties|pff_receiving_concept_penalties|pff_receiving_concept_screen_avg_depth_of_target|pff_receiving_concept_screen_avoided_tackles|pff_receiving_concept_screen_caught_percent|pff_receiving_concept_screen_contested_catch_rate|pff_receiving_concept_screen_contested_receptions|pff_receiving_concept_screen_contested_targets|pff_receiving_concept_screen_drop_rate|pff_receiving_concept_screen_drops|pff_receiving_concept_screen_epa|pff_receiving_concept_screen_first_downs|pff_receiving_concept_screen_fumbles|pff_receiving_concept_screen_grades_hands_drop|pff_receiving_concept_screen_grades_pass_route|pff_receiving_concept_screen_interceptions|pff_receiving_concept_screen_longest|pff_receiving_concept_screen_pass_block_rate|pff_receiving_concept_screen_pass_blocks|pff_receiving_concept_screen_pass_plays|pff_receiving_concept_screen_positive_epa_percent|pff_receiving_concept_screen_receptions|pff_receiving_concept_screen_route_rate|pff_receiving_concept_screen_routes|pff_receiving_concept_screen_targeted_qb_rating|pff_receiving_concept_screen_targets|pff_receiving_concept_screen_targets_percent|pff_receiving_concept_screen_touchdowns|pff_receiving_concept_screen_yards|pff_receiving_concept_screen_yards_after_catch|pff_receiving_concept_screen_yards_after_catch_per_reception,0.003,0.003,8.13,17.48,86.8
263,Ollie Gordon,RB,RB,Oklahoma St.,MIA,6.0,179.0,21.0,0.035,0.058,0.016,0.051,,0,0.051,0.85,0.849,584,1,,ras_score|pffx_yprr|pffx_g_off|pff_receiving_concept_base_targets|pff_receiving_concept_declined_penalties|pff_receiving_concept_penalties|pff_receiving_concept_screen_avg_depth_of_target|pff_receiving_concept_screen_avoided_tackles|pff_receiving_concept_screen_caught_percent|pff_receiving_concept_screen_contested_receptions|pff_receiving_concept_screen_contested_targets|pff_receiving_concept_screen_drop_rate|pff_receiving_concept_screen_drops|pff_receiving_concept_screen_epa|pff_receiving_concept_screen_first_downs|pff_receiving_concept_screen_fumbles|pff_receiving_concept_screen_grades_hands_drop|pff_receiving_concept_screen_grades_pass_route|pff_receiving_concept_screen_interceptions|pff_receiving_concept_screen_longest|pff_receiving_concept_screen_pass_block_rate|pff_receiving_concept_screen_pass_blocks|pff_receiving_concept_screen_pass_plays|pff_receiving_concept_screen_positive_epa_percent|pff_receiving_concept_screen_receptions|pff_receiving_concept_screen_route_rate|pff_receiving_concept_screen_routes|pff_receiving_concept_screen_targeted_qb_rating|pff_receiving_concept_screen_targets|pff_receiving_concept_screen_targets_percent|pff_receiving_concept_screen_touchdowns|pff_receiving_concept_screen_yards|pff_receiving_concept_screen_yards_after_catch|pff_receiving_concept_screen_yards_after_catch_per_reception|pff_receiving_concept_screen_yards_per_reception,0.044,0.07,6.21,7.0,84.5
264,Cade McDonald,WR,WR,Miami (Ohio); Michigan State,CLE,,,,0.045,0.038,0.006,0.051,,0,0.051,0.815,0.978,633,1,missing_pick;missing_age,ras_score|pffx_yprr|pffx_g_off|pff_receiving_concept_base_targets|pff_receiving_concept_declined_penalties|pff_receiving_concept_penalties|pff_receiving_concept_screen_avg_depth_of_target|pff_receiving_concept_screen_avoided_tackles|pff_receiving_concept_screen_caught_percent|pff_receiving_concept_screen_contested_receptions|pff_receiving_concept_screen_contested_targets|pff_receiving_concept_screen_drop_rate|pff_receiving_concept_screen_drops|pff_receiving_concept_screen_epa|pff_receiving_concept_screen_first_downs|pff_receiving_concept_screen_fumbles|pff_receiving_concept_screen_grades_hands_drop|pff_receiving_concept_screen_grades_pass_route|pff_receiving_concept_screen_interceptions|pff_receiving_concept_screen_longest|pff_receiving_concept_screen_pass_block_rate|pff_receiving_concept_screen_pass_blocks|pff_receiving_concept_screen_pass_plays|pff_receiving_concept_screen_positive_epa_percent|pff_receiving_concept_screen_receptions|pff_receiving_concept_screen_route_rate|pff_receiving_concept_screen_routes|pff_receiving_concept_screen_targeted_qb_rating|pff_receiving_concept_screen_targets|pff_receiving_concept_screen_targets_percent|pff_receiving_concept_screen_touchdowns|pff_receiving_concept_screen_yards|pff_receiving_concept_screen_yards_after_catch|pff_receiving_concept_screen_yards_after_catch_per_reception|pff_receiving_concept_screen_yards_per_reception,0.008,0.008,6.0,13.0,72.4
265,Jalen Kimber,CB,DB,Penn State; Florida,CIN,,,,0.03,0.232,0.021,0.051,,0,0.051,0.68,0.333,1,1,missing_pick;missing_age;too_few_football_features,ras_score,0.0,0.0,8.7,,
266,Trikweze Bridges,SAF,DB,Florida,LAC,7.0,256.0,24.0,0.05,0.008,0.001,0.051,,0,0.051,0.75,0.333,1,1,too_few_football_features,ras_score|age,0.0,0.042,9.17,,
267,Kain Medrano,LB,LB,UCLA,WAS,6.0,205.0,24.0,0.045,0.056,0.005,0.05,,0,0.05,0.75,0.667,2,1,too_few_football_features,ras_score|pffx_g_off|age,0.089,0.065,9.83,,60.0
268,Quandarrius Robinson,LB,LB,Alabama,DEN,4.0,134.0,24.0,0.095,-0.5,-0.045,0.05,,0,0.05,0.18,0,0,1,missing_ras;too_few_football_features;low_position_feature_completeness,age,0.101,0.108,,,
269,Kai Kroeger,P,ST,South Carolina,HOU,,,,0.005,0.5,0.045,0.05,,0,0.05,0.645,0.333,1,1,missing_pick;missing_age;missing_ras;too_few_football_features,pffx_g_off,0.0,0.0,,,92.1
270,Will Sheppard,WR,WR,Colorado; Vanderbilt,GB,,,,0.045,0.03,0.005,0.05,,0,0.05,0.815,0.988,639,1,missing_pick;missing_age,ras_score|pffx_yprr|pffx_g_off|pff_receiving_concept_base_targets|pff_receiving_concept_declined_penalties|pff_receiving_concept_penalties|pff_receiving_concept_screen_avg_depth_of_target|pff_receiving_concept_screen_avoided_tackles|pff_receiving_concept_screen_caught_percent|pff_receiving_concept_screen_contested_receptions|pff_receiving_concept_screen_contested_targets|pff_receiving_concept_screen_drop_rate|pff_receiving_concept_screen_drops|pff_receiving_concept_screen_epa|pff_receiving_concept_screen_first_downs|pff_receiving_concept_screen_fumbles|pff_receiving_concept_screen_grades_hands_drop|pff_receiving_concept_screen_grades_pass_route|pff_receiving_concept_screen_interceptions|pff_receiving_concept_screen_longest|pff_receiving_concept_screen_pass_block_rate|pff_receiving_concept_screen_pass_blocks|pff_receiving_concept_screen_pass_plays|pff_receiving_concept_screen_positive_epa_percent|pff_receiving_concept_screen_receptions|pff_receiving_concept_screen_route_rate|pff_receiving_concept_screen_routes|pff_receiving_concept_screen_targeted_qb_rating|pff_receiving_concept_screen_targets|pff_receiving_concept_screen_targets_percent|pff_receiving_concept_screen_touchdowns|pff_receiving_concept_screen_yards|pff_receiving_concept_screen_yards_after_catch|pff_receiving_concept_screen_yards_after_catch_per_reception|pff_receiving_concept_screen_yards_per_reception,0.012,0.012,8.72,12.8,60.8
271,Eli Pancol,WR,WR,Duke,IND,,,,0.045,0.029,0.005,0.05,,0,0.05,0.815,0.943,610,1,missing_pick;missing_age,ras_score|pffx_yprr|pffx_g_off|pff_receiving_concept_base_targets|pff_receiving_concept_declined_penalties|pff_receiving_concept_penalties|pff_receiving_concept_screen_avg_depth_of_target|pff_receiving_concept_screen_avoided_tackles|pff_receiving_concept_screen_caught_percent|pff_receiving_concept_screen_contested_receptions|pff_receiving_concept_screen_contested_targets|pff_receiving_concept_screen_drop_rate|pff_receiving_concept_screen_drops|pff_receiving_concept_screen_epa|pff_receiving_concept_screen_first_downs|pff_receiving_concept_screen_fumbles|pff_receiving_concept_screen_grades_hands_drop|pff_receiving_concept_screen_grades_pass_route|pff_receiving_concept_screen_interceptions|pff_receiving_concept_screen_longest|pff_receiving_concept_screen_pass_block_rate|pff_receiving_concept_screen_pass_blocks|pff_receiving_concept_screen_pass_plays|pff_receiving_concept_screen_positive_epa_percent|pff_receiving_concept_screen_receptions|pff_receiving_concept_screen_route_rate|pff_receiving_concept_screen_routes|pff_receiving_concept_screen_targeted_qb_rating|pff_receiving_concept_screen_targets|pff_receiving_concept_screen_targets_percent|pff_receiving_concept_screen_touchdowns|pff_receiving_concept_screen_yards|pff_receiving_concept_screen_yards_after_catch|pff_receiving_concept_screen_yards_after_catch_per_reception|pff_receiving_concept_screen_yards_per_reception,0.009,0.009,9.73,14.08,70.6
272,Mapalo Mwansa,LB,LB,,CAR,,,,0.025,0.271,0.024,0.049,,0,0.049,0.68,0.333,1,1,missing_pick;missing_age;too_few_football_features,ras_score,0.0,0.0,8.98,,
273,Chaz Chambliss,LB,LB,Georgia,MIN,,,,0.025,0.271,0.024,0.049,,0,0.049,0.68,0.333,1,1,missing_pick;missing_age;too_few_football_features,ras_score,0.0,0.0,8.98,,
274,Brennan Presley,WR,WR,Oklahoma State,LA,,,,0.045,0.023,0.004,0.049,,0,0.049,0.815,0.985,637,1,missing_pick;missing_age,ras_score|pffx_yprr|pffx_g_off|pff_receiving_concept_base_targets|pff_receiving_concept_declined_penalties|pff_receiving_concept_penalties|pff_receiving_concept_screen_avg_depth_of_target|pff_receiving_concept_screen_avoided_tackles|pff_receiving_concept_screen_caught_percent|pff_receiving_concept_screen_contested_catch_rate|pff_receiving_concept_screen_contested_receptions|pff_receiving_concept_screen_contested_targets|pff_receiving_concept_screen_drop_rate|pff_receiving_concept_screen_drops|pff_receiving_concept_screen_epa|pff_receiving_concept_screen_first_downs|pff_receiving_concept_screen_fumbles|pff_receiving_concept_screen_grades_hands_drop|pff_receiving_concept_screen_grades_pass_route|pff_receiving_concept_screen_interceptions|pff_receiving_concept_screen_longest|pff_receiving_concept_screen_pass_block_rate|pff_receiving_concept_screen_pass_blocks|pff_receiving_concept_screen_pass_plays|pff_receiving_concept_screen_positive_epa_percent|pff_receiving_concept_screen_receptions|pff_receiving_concept_screen_route_rate|pff_receiving_concept_screen_routes|pff_receiving_concept_screen_targeted_qb_rating|pff_receiving_concept_screen_targets|pff_receiving_concept_screen_targets_percent|pff_receiving_concept_screen_touchdowns|pff_receiving_concept_screen_yards|pff_receiving_concept_screen_yards_after_catch|pff_receiving_concept_screen_yards_after_catch_per_reception,0.0,0.0,7.36,6.78,83.3
275,Johnathan Edwards,DB,DB,Tulane,IND,,,,0.03,0.206,0.019,0.049,,0,0.049,0.68,0.333,1,1,missing_pick;missing_age;too_few_football_features,ras_score,0.0,0.0,8.58,,
276,Tommy Akingbesote,DT,DL,Maryland,DAL,7.0,247.0,22.0,0.055,-0.075,-0.007,0.048,,0,0.048,0.75,0.333,1,1,too_few_football_features,ras_score|age,0.135,0.095,6.54,,
277,Luke Floriea,WR,WR,Kent State,CLE,,,,0.045,0.014,0.002,0.047,,0,0.047,0.815,0.971,628,1,missing_pick;missing_age,ras_score|pffx_yprr|pffx_g_off|pff_receiving_concept_base_targets|pff_receiving_concept_declined_penalties|pff_receiving_concept_penalties|pff_receiving_concept_screen_avg_depth_of_target|pff_receiving_concept_screen_avoided_tackles|pff_receiving_concept_screen_caught_percent|pff_receiving_concept_screen_contested_receptions|pff_receiving_concept_screen_contested_targets|pff_receiving_concept_screen_drop_rate|pff_receiving_concept_screen_drops|pff_receiving_concept_screen_epa|pff_receiving_concept_screen_first_downs|pff_receiving_concept_screen_fumbles|pff_receiving_concept_screen_grades_hands_drop|pff_receiving_concept_screen_grades_pass_route|pff_receiving_concept_screen_interceptions|pff_receiving_concept_screen_longest|pff_receiving_concept_screen_pass_block_rate|pff_receiving_concept_screen_pass_blocks|pff_receiving_concept_screen_pass_plays|pff_receiving_concept_screen_positive_epa_percent|pff_receiving_concept_screen_receptions|pff_receiving_concept_screen_route_rate|pff_receiving_concept_screen_routes|pff_receiving_concept_screen_targeted_qb_rating|pff_receiving_concept_screen_targets|pff_receiving_concept_screen_targets_percent|pff_receiving_concept_screen_touchdowns|pff_receiving_concept_screen_yards|pff_receiving_concept_screen_yards_after_catch|pff_receiving_concept_screen_yards_after_catch_per_reception|pff_receiving_concept_screen_yards_per_reception,0.003,0.003,4.62,15.14,83.2
278,Maxen Hook,SAF,DB,Toledo,SEA,,,,0.03,0.191,0.017,0.047,,0,0.047,0.68,0.333,1,1,missing_pick;missing_age;too_few_football_features,ras_score,0.0,0.0,8.51,,
279,Kisean Johnson,WR,WR,Western Kentucky; Alabama State,GB,,,,0.045,0.013,0.002,0.047,,0,0.047,0.815,0.969,627,1,missing_pick;missing_age,ras_score|pffx_yprr|pffx_g_off|pff_receiving_concept_base_targets|pff_receiving_concept_declined_penalties|pff_receiving_concept_penalties|pff_receiving_concept_screen_avg_depth_of_target|pff_receiving_concept_screen_avoided_tackles|pff_receiving_concept_screen_caught_percent|pff_receiving_concept_screen_contested_receptions|pff_receiving_concept_screen_contested_targets|pff_receiving_concept_screen_drop_rate|pff_receiving_concept_screen_drops|pff_receiving_concept_screen_epa|pff_receiving_concept_screen_first_downs|pff_receiving_concept_screen_fumbles|pff_receiving_concept_screen_grades_hands_drop|pff_receiving_concept_screen_grades_pass_route|pff_receiving_concept_screen_interceptions|pff_receiving_concept_screen_longest|pff_receiving_concept_screen_pass_block_rate|pff_receiving_concept_screen_pass_blocks|pff_receiving_concept_screen_pass_plays|pff_receiving_concept_screen_positive_epa_percent|pff_receiving_concept_screen_receptions|pff_receiving_concept_screen_route_rate|pff_receiving_concept_screen_routes|pff_receiving_concept_screen_targeted_qb_rating|pff_receiving_concept_screen_targets|pff_receiving_concept_screen_targets_percent|pff_receiving_concept_screen_touchdowns|pff_receiving_concept_screen_yards|pff_receiving_concept_screen_yards_after_catch|pff_receiving_concept_screen_yards_after_catch_per_reception|pff_receiving_concept_screen_yards_per_reception,0.0,0.0,4.28,16.53,65.1
280,Adin Huntington,DL,DL,Tulane; Louisiana-Monroe; Kent State,CLE,,,,0.035,0.132,0.012,0.047,,0,0.047,0.68,0.667,2,1,missing_pick;missing_age;too_few_football_features,ras_score|pffx_g_off,0.012,0.012,9.64,,55.1
281,Traeshon Holden,WR,WR,Oregon; Alabama,DAL,,,,0.045,0.011,0.002,0.047,,0,0.047,0.815,0.975,631,1,missing_pick;missing_age,ras_score|pffx_yprr|pffx_g_off|pff_receiving_concept_base_targets|pff_receiving_concept_declined_penalties|pff_receiving_concept_penalties|pff_receiving_concept_screen_avg_depth_of_target|pff_receiving_concept_screen_avoided_tackles|pff_receiving_concept_screen_caught_percent|pff_receiving_concept_screen_contested_receptions|pff_receiving_concept_screen_contested_targets|pff_receiving_concept_screen_drop_rate|pff_receiving_concept_screen_drops|pff_receiving_concept_screen_epa|pff_receiving_concept_screen_first_downs|pff_receiving_concept_screen_fumbles|pff_receiving_concept_screen_grades_hands_drop|pff_receiving_concept_screen_grades_pass_route|pff_receiving_concept_screen_interceptions|pff_receiving_concept_screen_longest|pff_receiving_concept_screen_pass_block_rate|pff_receiving_concept_screen_pass_blocks|pff_receiving_concept_screen_pass_plays|pff_receiving_concept_screen_positive_epa_percent|pff_receiving_concept_screen_receptions|pff_receiving_concept_screen_route_rate|pff_receiving_concept_screen_routes|pff_receiving_concept_screen_targeted_qb_rating|pff_receiving_concept_screen_targets|pff_receiving_concept_screen_targets_percent|pff_receiving_concept_screen_touchdowns|pff_receiving_concept_screen_yards|pff_receiving_concept_screen_yards_after_catch|pff_receiving_concept_screen_yards_after_catch_per_reception|pff_receiving_concept_screen_yards_per_reception,0.01,0.01,5.41,25.25,65.5
282,Mose Vavao,C,OL,Fresno State,IND,,,,0.045,0.01,0.002,0.047,,0,0.047,0.815,0.5,27,1,missing_pick;missing_age,ras_score|pffx_g_off|pff_offense_blocking_block_percent|pff_offense_blocking_declined_penalties|pff_offense_blocking_grades_offense|pff_offense_blocking_grades_pass_block|pff_offense_blocking_grades_run_block|pff_offense_blocking_hits_allowed|pff_offense_blocking_hurries_allowed|pff_offense_blocking_non_spike_pass_block|pff_offense_blocking_non_spike_pass_block_percentage|pff_offense_blocking_pass_block_percent|pff_offense_blocking_pbe|pff_offense_blocking_penalties|pff_offense_blocking_pressures_allowed|pff_offense_blocking_sacks_allowed|pff_offense_blocking_snap_counts_block|pff_offense_blocking_snap_counts_ce|pff_offense_blocking_snap_counts_lg|pff_offense_blocking_snap_counts_lt|pff_offense_blocking_snap_counts_offense|pff_offense_blocking_snap_counts_pass_block|pff_offense_blocking_snap_counts_pass_play|pff_offense_blocking_snap_counts_rg|pff_offense_blocking_snap_counts_rt|pff_offense_blocking_snap_counts_run_block|pff_offense_blocking_snap_counts_te,0.009,0.009,8.53,,67.8
283,Wyett Ekeler,SAF,DB,Wyoming,IND,,,,0.03,0.18,0.016,0.046,,0,0.046,0.68,0.333,1,1,missing_pick;missing_age;too_few_football_features,ras_score,0.0,0.0,8.5,,
284,Robert Longerbeam,DB,DB,Rutgers,BAL,6.0,212.0,24.0,0.05,-0.043,-0.004,0.046,,0,0.046,0.75,0.333,1,1,too_few_football_features,ras_score|age,0.073,0.054,8.72,,
285,Myles Price,WR,WR,Indiana; Texas Tech,MIN,,,,0.045,0.007,0.001,0.046,,0,0.046,0.815,0.94,608,1,missing_pick;missing_age,ras_score|pffx_yprr|pffx_g_off|pff_receiving_concept_base_targets|pff_receiving_concept_declined_penalties|pff_receiving_concept_penalties|pff_receiving_concept_screen_avg_depth_of_target|pff_receiving_concept_screen_avoided_tackles|pff_receiving_concept_screen_caught_percent|pff_receiving_concept_screen_contested_receptions|pff_receiving_concept_screen_contested_targets|pff_receiving_concept_screen_drop_rate|pff_receiving_concept_screen_drops|pff_receiving_concept_screen_epa|pff_receiving_concept_screen_first_downs|pff_receiving_concept_screen_fumbles|pff_receiving_concept_screen_grades_hands_drop|pff_receiving_concept_screen_grades_pass_route|pff_receiving_concept_screen_interceptions|pff_receiving_concept_screen_longest|pff_receiving_concept_screen_pass_block_rate|pff_receiving_concept_screen_pass_blocks|pff_receiving_concept_screen_pass_plays|pff_receiving_concept_screen_positive_epa_percent|pff_receiving_concept_screen_receptions|pff_receiving_concept_screen_route_rate|pff_receiving_concept_screen_routes|pff_receiving_concept_screen_targeted_qb_rating|pff_receiving_concept_screen_targets|pff_receiving_concept_screen_targets_percent|pff_receiving_concept_screen_touchdowns|pff_receiving_concept_screen_yards|pff_receiving_concept_screen_yards_after_catch|pff_receiving_concept_screen_yards_after_catch_per_reception|pff_receiving_concept_screen_yards_per_reception,0.01,0.01,5.26,16.36,79.6
286,Jordan Moore,WR,WR,Duke,CIN,,,,0.045,0.004,0.001,0.046,,0,0.046,0.815,0.954,617,1,missing_pick;missing_age,ras_score|pffx_yprr|pffx_g_off|pff_receiving_concept_base_targets|pff_receiving_concept_declined_penalties|pff_receiving_concept_penalties|pff_receiving_concept_screen_avg_depth_of_target|pff_receiving_concept_screen_avoided_tackles|pff_receiving_concept_screen_caught_percent|pff_receiving_concept_screen_contested_catch_rate|pff_receiving_concept_screen_contested_receptions|pff_receiving_concept_screen_contested_targets|pff_receiving_concept_screen_drop_rate|pff_receiving_concept_screen_drops|pff_receiving_concept_screen_epa|pff_receiving_concept_screen_first_downs|pff_receiving_concept_screen_fumbles|pff_receiving_concept_screen_grades_hands_drop|pff_receiving_concept_screen_grades_pass_route|pff_receiving_concept_screen_interceptions|pff_receiving_concept_screen_longest|pff_receiving_concept_screen_pass_block_rate|pff_receiving_concept_screen_pass_blocks|pff_receiving_concept_screen_pass_plays|pff_receiving_concept_screen_positive_epa_percent|pff_receiving_concept_screen_receptions|pff_receiving_concept_screen_route_rate|pff_receiving_concept_screen_routes|pff_receiving_concept_screen_targeted_qb_rating|pff_receiving_concept_screen_targets|pff_receiving_concept_screen_targets_percent|pff_receiving_concept_screen_touchdowns|pff_receiving_concept_screen_yards|pff_receiving_concept_screen_yards_after_catch|pff_receiving_concept_screen_yards_after_catch_per_reception,0.0,0.0,8.43,14.27,74.3
287,Cam Horsley,DT,DL,Boston College,TEN,,,,0.035,0.118,0.011,0.046,,0,0.046,0.68,0.333,1,1,missing_pick;missing_age;too_few_football_features,ras_score,0.0,0.0,8.54,,
288,Korie Black,CB,DB,Oklahoma St.,NYG,7.0,246.0,23.0,0.05,-0.051,-0.005,0.045,,0,0.045,0.75,0.333,1,1,too_few_football_features,ras_score|age,0.058,0.08,8.42,,
289,DJ Uiagalelei,QB,QB,Florida State; Oregon State; Clemson,LAC,,,,0.065,-0.123,-0.02,0.045,,0,0.045,0.78,0.934,933,1,missing_pick;missing_age;missing_ras,pffx_g_off|pff_passing_allowed_pressure_allowed_pressure_dropbacks|pff_passing_allowed_pressure_ce_percent|pff_passing_allowed_pressure_declined_penalties|pff_passing_allowed_pressure_hits_allowed|pff_passing_allowed_pressure_hurries_allowed|pff_passing_allowed_pressure_lg_percent|pff_passing_allowed_pressure_lt_percent|pff_passing_allowed_pressure_ol_te_percent|pff_passing_allowed_pressure_other_percent|pff_passing_allowed_pressure_penalties|pff_passing_allowed_pressure_pressures_allowed|pff_passing_allowed_pressure_pressures_ce|pff_passing_allowed_pressure_pressures_lg|pff_passing_allowed_pressure_pressures_lt|pff_passing_allowed_pressure_pressures_off|pff_passing_allowed_pressure_pressures_ol_te|pff_passing_allowed_pressure_pressures_other|pff_passing_allowed_pressure_pressures_rg|pff_passing_allowed_pressure_pressures_rt|pff_passing_allowed_pressure_pressures_self|pff_passing_allowed_pressure_pressures_te|pff_passing_allowed_pressure_rg_percent|pff_passing_allowed_pressure_rt_percent|pff_passing_allowed_pressure_sacks_allowed|pff_passing_allowed_pressure_self_percent|pff_passing_allowed_pressure_te_percent|pff_passing_concept_dropbacks|pff_passing_concept_no_screen_accuracy_percent|pff_passing_concept_no_screen_aimed_passes|pff_passing_concept_no_screen_attempts|pff_passing_concept_no_screen_avg_depth_of_target|pff_passing_concept_no_screen_avg_time_to_throw|pff_passing_concept_no_screen_bats|pff_passing_concept_no_screen_big_time_throws,0.0,0.0,,,84.4
290,Aiden Williams,OT,OL,Duluth/University of Minnesota,PIT,,,,0.045,0,0,0.045,,0,0.045,0.11,0,0,1,missing_pick;missing_age;missing_ras;too_few_football_features;low_position_feature_completeness,,0.003,0.003,,,
291,Ja'Seem Reed,WR,WR,San Diego,CAR,,,,0.045,0,0,0.045,,0,0.045,0.11,0,0,1,missing_pick;missing_age;missing_ras;too_few_football_features;low_position_feature_completeness,,0.003,0.003,,,
292,Rushawn Baker,RB,RB,Elon; Bucknell,NE,,,,0.015,0.333,0.03,0.045,,0,0.045,0.148,0.001,1,1,missing_pick;missing_age;too_few_football_features;low_position_feature_completeness,ras_score,0.006,0.006,9.1,,
293,Kam Arnold,LB,LB,Boston College,KC,,,,0.025,0.221,0.02,0.045,,0,0.045,0.68,0.667,2,1,missing_pick;missing_age;too_few_football_features,ras_score|pffx_g_off,0.018,0.018,9.31,,60.0
294,Patrick Jenkins,DE,DL,Tulane; TCU,ATL,,,,0.035,0.105,0.009,0.044,,0,0.044,0.68,0.333,1,1,missing_pick;missing_age;too_few_football_features,ras_score,0.0,0.0,8.41,,
295,Melvin Smith Jr.,DB,DB,Southern Arkansas,KC,,,,0.03,0.16,0.014,0.044,,0,0.044,0.68,0.333,1,1,missing_pick;missing_age;too_few_football_features,ras_score,0.0,0.0,8.45,,
296,R.J. Mickens,SAF,DB,Clemson,LAC,6.0,214.0,24.0,0.05,-0.065,-0.006,0.044,,0,0.044,0.75,0.333,1,1,too_few_football_features,ras_score|age,0.062,0.082,8.58,,
297,Branson Combs,LB,LB,Wake Forest,JAX,,,,0.025,0.212,0.019,0.044,,0,0.044,0.68,0.333,1,1,missing_pick;missing_age;too_few_football_features,ras_score,0.01,0.01,8.79,,
298,Keenan Garber,CB,DB,Kansas State,DET,,,,0.03,0.088,0.014,0.044,,0,0.044,0.68,1,3,1,missing_pick;missing_age;thin_football_features,ras_score|pffx_yprr|pffx_g_off,0.009,0.009,9.71,0.0,58.0
299,Junior Bergen,WR,WR,Montana,SFO,7.0,252.0,,0.065,-0.233,-0.021,0.044,,0,0.044,0.183,0.002,1,1,missing_age;too_few_football_features;low_position_feature_completeness,ras_score,0.0,0.007,5.82,,
300,JP Richardson,WR,WR,TCU; Oklahoma State,CHI,,,,0.045,-0.007,-0.001,0.044,,0,0.044,0.815,0.972,629,1,missing_pick;missing_age,ras_score|pffx_yprr|pffx_g_off|pff_receiving_concept_base_targets|pff_receiving_concept_declined_penalties|pff_receiving_concept_penalties|pff_receiving_concept_screen_avg_depth_of_target|pff_receiving_concept_screen_avoided_tackles|pff_receiving_concept_screen_caught_percent|pff_receiving_concept_screen_contested_receptions|pff_receiving_concept_screen_contested_targets|pff_receiving_concept_screen_drop_rate|pff_receiving_concept_screen_drops|pff_receiving_concept_screen_epa|pff_receiving_concept_screen_first_downs|pff_receiving_concept_screen_fumbles|pff_receiving_concept_screen_grades_hands_drop|pff_receiving_concept_screen_grades_pass_route|pff_receiving_concept_screen_interceptions|pff_receiving_concept_screen_longest|pff_receiving_concept_screen_pass_block_rate|pff_receiving_concept_screen_pass_blocks|pff_receiving_concept_screen_pass_plays|pff_receiving_concept_screen_positive_epa_percent|pff_receiving_concept_screen_receptions|pff_receiving_concept_screen_route_rate|pff_receiving_concept_screen_routes|pff_receiving_concept_screen_targeted_qb_rating|pff_receiving_concept_screen_targets|pff_receiving_concept_screen_targets_percent|pff_receiving_concept_screen_touchdowns|pff_receiving_concept_screen_yards|pff_receiving_concept_screen_yards_after_catch|pff_receiving_concept_screen_yards_after_catch_per_reception|pff_receiving_concept_screen_yards_per_reception,0.012,0.012,7.13,12.75,86.7
301,Moliki Matavao,TE,TE,UCLA,NOR,7.0,248.0,22.0,0.035,0.032,0.009,0.044,,0,0.044,0.85,0.83,558,1,,ras_score|pffx_yprr|pffx_g_off|pff_receiving_concept_base_targets|pff_receiving_concept_declined_penalties|pff_receiving_concept_penalties|pff_receiving_concept_screen_avg_depth_of_target|pff_receiving_concept_screen_avoided_tackles|pff_receiving_concept_screen_caught_percent|pff_receiving_concept_screen_contested_receptions|pff_receiving_concept_screen_contested_targets|pff_receiving_concept_screen_drop_rate|pff_receiving_concept_screen_drops|pff_receiving_concept_screen_epa|pff_receiving_concept_screen_first_downs|pff_receiving_concept_screen_fumbles|pff_receiving_concept_screen_grades_hands_drop|pff_receiving_concept_screen_grades_pass_route|pff_receiving_concept_screen_interceptions|pff_receiving_concept_screen_longest|pff_receiving_concept_screen_pass_block_rate|pff_receiving_concept_screen_pass_blocks|pff_receiving_concept_screen_pass_plays|pff_receiving_concept_screen_positive_epa_percent|pff_receiving_concept_screen_receptions|pff_receiving_concept_screen_route_rate|pff_receiving_concept_screen_routes|pff_receiving_concept_screen_targeted_qb_rating|pff_receiving_concept_screen_targets|pff_receiving_concept_screen_targets_percent|pff_receiving_concept_screen_touchdowns|pff_receiving_concept_screen_yards|pff_receiving_concept_screen_yards_after_catch|pff_receiving_concept_screen_yards_after_catch_per_reception|pff_receiving_concept_screen_yards_per_reception,0.079,0.058,6.59,13.13,65.3
302,Jimmy Horn,WR,WR,Colorado,CAR,6.0,208.0,22.0,0.065,-0.076,-0.021,0.044,,0,0.044,0.85,0.949,614,1,,ras_score|pffx_yprr|pffx_g_off|pff_receiving_concept_base_targets|pff_receiving_concept_declined_penalties|pff_receiving_concept_penalties|pff_receiving_concept_screen_avg_depth_of_target|pff_receiving_concept_screen_avoided_tackles|pff_receiving_concept_screen_caught_percent|pff_receiving_concept_screen_contested_receptions|pff_receiving_concept_screen_contested_targets|pff_receiving_concept_screen_drop_rate|pff_receiving_concept_screen_drops|pff_receiving_concept_screen_epa|pff_receiving_concept_screen_first_downs|pff_receiving_concept_screen_fumbles|pff_receiving_concept_screen_grades_hands_drop|pff_receiving_concept_screen_grades_pass_route|pff_receiving_concept_screen_interceptions|pff_receiving_concept_screen_longest|pff_receiving_concept_screen_pass_block_rate|pff_receiving_concept_screen_pass_blocks|pff_receiving_concept_screen_pass_plays|pff_receiving_concept_screen_positive_epa_percent|pff_receiving_concept_screen_receptions|pff_receiving_concept_screen_route_rate|pff_receiving_concept_screen_routes|pff_receiving_concept_screen_targeted_qb_rating|pff_receiving_concept_screen_targets|pff_receiving_concept_screen_targets_percent|pff_receiving_concept_screen_touchdowns|pff_receiving_concept_screen_yards|pff_receiving_concept_screen_yards_after_catch|pff_receiving_concept_screen_yards_after_catch_per_reception|pff_receiving_concept_screen_yards_per_reception,0.071,0.053,4.48,15.67,63.6
303,Ahmed Hassanein,DE,DL,Boise St.,DET,6.0,196.0,23.0,0.055,-0.128,-0.012,0.043,,0,0.043,0.75,0.333,1,1,too_few_football_features,ras_score|age,0.079,0.058,7.08,,
304,Elijah Williams,DE,DL,Morgan State,MIN,,,,0.035,0.092,0.008,0.043,,0,0.043,0.68,0.333,1,1,missing_pick;missing_age;too_few_football_features,ras_score,0.0,0.0,8.27,,
305,Jeremiah Webb,WR,WR,South Alabama; South Dakota,NE,,,,0.045,-0.011,-0.002,0.043,,0,0.043,0.78,0.975,631,1,missing_pick;missing_age;missing_ras,pffx_yprr|pffx_g_off|pff_receiving_concept_base_targets|pff_receiving_concept_declined_penalties|pff_receiving_concept_penalties|pff_receiving_concept_screen_avg_depth_of_target|pff_receiving_concept_screen_avoided_tackles|pff_receiving_concept_screen_caught_percent|pff_receiving_concept_screen_contested_receptions|pff_receiving_concept_screen_contested_targets|pff_receiving_concept_screen_drop_rate|pff_receiving_concept_screen_drops|pff_receiving_concept_screen_epa|pff_receiving_concept_screen_first_downs|pff_receiving_concept_screen_fumbles|pff_receiving_concept_screen_grades_hands_drop|pff_receiving_concept_screen_grades_pass_route|pff_receiving_concept_screen_interceptions|pff_receiving_concept_screen_longest|pff_receiving_concept_screen_pass_block_rate|pff_receiving_concept_screen_pass_blocks|pff_receiving_concept_screen_pass_plays|pff_receiving_concept_screen_positive_epa_percent|pff_receiving_concept_screen_receptions|pff_receiving_concept_screen_route_rate|pff_receiving_concept_screen_routes|pff_receiving_concept_screen_targeted_qb_rating|pff_receiving_concept_screen_targets|pff_receiving_concept_screen_targets_percent|pff_receiving_concept_screen_touchdowns|pff_receiving_concept_screen_yards|pff_receiving_concept_screen_yards_after_catch|pff_receiving_concept_screen_yards_after_catch_per_reception|pff_receiving_concept_screen_yards_per_reception|pff_receiving_concept_screen_yprr,0.003,0.003,,14.14,87.3
306,Damien Martinez,RB,RB,Miami (FL),SEA,7.0,223.0,21.0,0.035,0.029,0.008,0.043,,0,0.043,0.85,0.842,579,1,,ras_score|pffx_yprr|pffx_g_off|pff_receiving_concept_base_targets|pff_receiving_concept_declined_penalties|pff_receiving_concept_penalties|pff_receiving_concept_screen_avg_depth_of_target|pff_receiving_concept_screen_avoided_tackles|pff_receiving_concept_screen_caught_percent|pff_receiving_concept_screen_contested_receptions|pff_receiving_concept_screen_contested_targets|pff_receiving_concept_screen_drop_rate|pff_receiving_concept_screen_drops|pff_receiving_concept_screen_epa|pff_receiving_concept_screen_first_downs|pff_receiving_concept_screen_fumbles|pff_receiving_concept_screen_grades_hands_drop|pff_receiving_concept_screen_grades_pass_route|pff_receiving_concept_screen_interceptions|pff_receiving_concept_screen_longest|pff_receiving_concept_screen_pass_block_rate|pff_receiving_concept_screen_pass_blocks|pff_receiving_concept_screen_pass_plays|pff_receiving_concept_screen_positive_epa_percent|pff_receiving_concept_screen_receptions|pff_receiving_concept_screen_route_rate|pff_receiving_concept_screen_routes|pff_receiving_concept_screen_targeted_qb_rating|pff_receiving_concept_screen_targets|pff_receiving_concept_screen_targets_percent|pff_receiving_concept_screen_touchdowns|pff_receiving_concept_screen_yards|pff_receiving_concept_screen_yards_after_catch|pff_receiving_concept_screen_yards_after_catch_per_reception|pff_receiving_concept_screen_yards_per_reception,0.086,0.063,8.19,13.0,91.2
307,Luke Felix-Fualalo,OT,OL,Hawaii; Utah,PHI,,,,0.045,-0.012,-0.002,0.043,,0,0.043,0.815,0.5,27,1,missing_pick;missing_age,ras_score|pffx_g_off|pff_offense_blocking_block_percent|pff_offense_blocking_declined_penalties|pff_offense_blocking_grades_offense|pff_offense_blocking_grades_pass_block|pff_offense_blocking_grades_run_block|pff_offense_blocking_hits_allowed|pff_offense_blocking_hurries_allowed|pff_offense_blocking_non_spike_pass_block|pff_offense_blocking_non_spike_pass_block_percentage|pff_offense_blocking_pass_block_percent|pff_offense_blocking_pbe|pff_offense_blocking_penalties|pff_offense_blocking_pressures_allowed|pff_offense_blocking_sacks_allowed|pff_offense_blocking_snap_counts_block|pff_offense_blocking_snap_counts_ce|pff_offense_blocking_snap_counts_lg|pff_offense_blocking_snap_counts_lt|pff_offense_blocking_snap_counts_offense|pff_offense_blocking_snap_counts_pass_block|pff_offense_blocking_snap_counts_pass_play|pff_offense_blocking_snap_counts_rg|pff_offense_blocking_snap_counts_rt|pff_offense_blocking_snap_counts_run_block|pff_offense_blocking_snap_counts_te,0.006,0.006,3.23,,74.8
308,Thomas Fidone,TE,TE,Nebraska,NYG,7.0,219.0,22.0,0.035,0.029,0.008,0.043,,0,0.043,0.85,0.856,575,1,,ras_score|pffx_yprr|pffx_g_off|pff_receiving_concept_base_targets|pff_receiving_concept_declined_penalties|pff_receiving_concept_penalties|pff_receiving_concept_screen_avg_depth_of_target|pff_receiving_concept_screen_avoided_tackles|pff_receiving_concept_screen_caught_percent|pff_receiving_concept_screen_contested_receptions|pff_receiving_concept_screen_contested_targets|pff_receiving_concept_screen_drop_rate|pff_receiving_concept_screen_drops|pff_receiving_concept_screen_epa|pff_receiving_concept_screen_first_downs|pff_receiving_concept_screen_fumbles|pff_receiving_concept_screen_grades_hands_drop|pff_receiving_concept_screen_grades_pass_route|pff_receiving_concept_screen_interceptions|pff_receiving_concept_screen_longest|pff_receiving_concept_screen_pass_block_rate|pff_receiving_concept_screen_pass_blocks|pff_receiving_concept_screen_pass_plays|pff_receiving_concept_screen_positive_epa_percent|pff_receiving_concept_screen_receptions|pff_receiving_concept_screen_route_rate|pff_receiving_concept_screen_routes|pff_receiving_concept_screen_targeted_qb_rating|pff_receiving_concept_screen_targets|pff_receiving_concept_screen_targets_percent|pff_receiving_concept_screen_touchdowns|pff_receiving_concept_screen_yards|pff_receiving_concept_screen_yards_after_catch|pff_receiving_concept_screen_yards_after_catch_per_reception|pff_receiving_concept_screen_yards_per_reception,0.107,0.076,9.49,14.8,62.6
309,Denzel Burke,CB,DB,Ohio St.,ARI,5.0,174.0,22.0,0.05,-0.086,-0.008,0.042,,0,0.042,0.18,0,0,1,missing_ras;too_few_football_features;low_position_feature_completeness,age,0.121,0.219,,,
310,Anthony Campbell,DT,DL,Miami; Louisiana-Monroe; Independence Comm. College,GB,,,,0.035,0.079,0.007,0.042,,0,0.042,0.68,0.333,1,1,missing_pick;missing_age;too_few_football_features,ras_score,0.0,0.0,8.24,,
311,Zemaiah Vaughn,CB,DB,Utah,MIN,,,,0.03,0.133,0.012,0.042,,0,0.042,0.68,0.667,2,1,missing_pick;missing_age;too_few_football_features,ras_score|pffx_g_off,0.001,0.001,8.48,,60.0
312,Jakobie Keeney-James,WR,WR,UMass Amherst; Eastern Washington,GB,,,,0.045,-0.019,-0.003,0.042,,0,0.042,0.815,0.951,615,1,missing_pick;missing_age,ras_score|pffx_yprr|pffx_g_off|pff_receiving_concept_base_targets|pff_receiving_concept_declined_penalties|pff_receiving_concept_penalties|pff_receiving_concept_screen_avg_depth_of_target|pff_receiving_concept_screen_avoided_tackles|pff_receiving_concept_screen_caught_percent|pff_receiving_concept_screen_contested_receptions|pff_receiving_concept_screen_contested_targets|pff_receiving_concept_screen_drop_rate|pff_receiving_concept_screen_drops|pff_receiving_concept_screen_epa|pff_receiving_concept_screen_first_downs|pff_receiving_concept_screen_fumbles|pff_receiving_concept_screen_grades_hands_drop|pff_receiving_concept_screen_grades_pass_route|pff_receiving_concept_screen_interceptions|pff_receiving_concept_screen_longest|pff_receiving_concept_screen_pass_block_rate|pff_receiving_concept_screen_pass_blocks|pff_receiving_concept_screen_pass_plays|pff_receiving_concept_screen_positive_epa_percent|pff_receiving_concept_screen_receptions|pff_receiving_concept_screen_route_rate|pff_receiving_concept_screen_routes|pff_receiving_concept_screen_targeted_qb_rating|pff_receiving_concept_screen_targets|pff_receiving_concept_screen_targets_percent|pff_receiving_concept_screen_touchdowns|pff_receiving_concept_screen_yards|pff_receiving_concept_screen_yards_after_catch|pff_receiving_concept_screen_yards_after_catch_per_reception|pff_receiving_concept_screen_yards_per_reception,0.012,0.012,9.58,12.75,72.5
313,Branson Taylor,OL,OL,Pittsburgh,LAC,6.0,199.0,23.0,0.065,-0.082,-0.023,0.042,,0,0.042,0.85,0.5,27,1,,ras_score|pffx_g_off|pff_offense_blocking_block_percent|pff_offense_blocking_declined_penalties|pff_offense_blocking_grades_offense|pff_offense_blocking_grades_pass_block|pff_offense_blocking_grades_run_block|pff_offense_blocking_hits_allowed|pff_offense_blocking_hurries_allowed|pff_offense_blocking_non_spike_pass_block|pff_offense_blocking_non_spike_pass_block_percentage|pff_offense_blocking_pass_block_percent|pff_offense_blocking_pbe|pff_offense_blocking_penalties|pff_offense_blocking_pressures_allowed|pff_offense_blocking_sacks_allowed|pff_offense_blocking_snap_counts_block|pff_offense_blocking_snap_counts_ce|pff_offense_blocking_snap_counts_lg|pff_offense_blocking_snap_counts_lt|pff_offense_blocking_snap_counts_offense|pff_offense_blocking_snap_counts_pass_block|pff_offense_blocking_snap_counts_pass_play|pff_offense_blocking_snap_counts_rg|pff_offense_blocking_snap_counts_rt|pff_offense_blocking_snap_counts_run_block|pff_offense_blocking_snap_counts_te|age,0.075,0.091,8.52,,59.8
314,Tory Horton,WR,WR,Colorado St.,SEA,5.0,166.0,22.0,0.065,-0.083,-0.023,0.042,,0,0.042,0.85,0.963,623,1,,ras_score|pffx_yprr|pffx_g_off|pff_receiving_concept_base_targets|pff_receiving_concept_declined_penalties|pff_receiving_concept_penalties|pff_receiving_concept_screen_avg_depth_of_target|pff_receiving_concept_screen_avoided_tackles|pff_receiving_concept_screen_caught_percent|pff_receiving_concept_screen_contested_receptions|pff_receiving_concept_screen_contested_targets|pff_receiving_concept_screen_drop_rate|pff_receiving_concept_screen_drops|pff_receiving_concept_screen_epa|pff_receiving_concept_screen_first_downs|pff_receiving_concept_screen_fumbles|pff_receiving_concept_screen_grades_hands_drop|pff_receiving_concept_screen_grades_pass_route|pff_receiving_concept_screen_interceptions|pff_receiving_concept_screen_longest|pff_receiving_concept_screen_pass_block_rate|pff_receiving_concept_screen_pass_blocks|pff_receiving_concept_screen_pass_plays|pff_receiving_concept_screen_positive_epa_percent|pff_receiving_concept_screen_receptions|pff_receiving_concept_screen_route_rate|pff_receiving_concept_screen_routes|pff_receiving_concept_screen_targeted_qb_rating|pff_receiving_concept_screen_targets|pff_receiving_concept_screen_targets_percent|pff_receiving_concept_screen_touchdowns|pff_receiving_concept_screen_yards|pff_receiving_concept_screen_yards_after_catch|pff_receiving_concept_screen_yards_after_catch_per_reception|pff_receiving_concept_screen_yards_per_reception,0.22,0.185,9.83,36.0,84.5
315,Connor O'Toole,LB,LB,Utah,SEA,,,,0.025,0.105,0.017,0.042,,0,0.042,0.68,1,3,1,missing_pick;missing_age;thin_football_features,ras_score|pffx_yprr|pffx_g_off,0.009,0.009,9.5,5.0,48.8
316,Kobe King,LB,LB,Penn St.,MIN,6.0,201.0,22.0,0.045,-0.038,-0.003,0.042,,0,0.042,0.75,0.333,1,1,too_few_football_features,ras_score|age,0.094,0.068,8.02,,
317,Carson Bruener,LB,LB,Washington,PIT,7.0,226.0,24.0,0.045,-0.039,-0.004,0.041,,0,0.041,0.75,0.667,2,1,too_few_football_features,ras_score|pffx_g_off|age,0.038,0.032,8.85,,60.0
318,Isaiah Bond,WR,WR,Texas; Alabama,CLE,,,,0.045,-0.022,-0.004,0.041,,0,0.041,0.815,0.968,626,1,missing_pick;missing_age,ras_score|pffx_yprr|pffx_g_off|pff_receiving_concept_base_targets|pff_receiving_concept_declined_penalties|pff_receiving_concept_penalties|pff_receiving_concept_screen_avg_depth_of_target|pff_receiving_concept_screen_avoided_tackles|pff_receiving_concept_screen_caught_percent|pff_receiving_concept_screen_contested_receptions|pff_receiving_concept_screen_contested_targets|pff_receiving_concept_screen_drop_rate|pff_receiving_concept_screen_drops|pff_receiving_concept_screen_epa|pff_receiving_concept_screen_first_downs|pff_receiving_concept_screen_fumbles|pff_receiving_concept_screen_grades_hands_drop|pff_receiving_concept_screen_grades_pass_route|pff_receiving_concept_screen_interceptions|pff_receiving_concept_screen_longest|pff_receiving_concept_screen_pass_block_rate|pff_receiving_concept_screen_pass_blocks|pff_receiving_concept_screen_pass_plays|pff_receiving_concept_screen_positive_epa_percent|pff_receiving_concept_screen_receptions|pff_receiving_concept_screen_route_rate|pff_receiving_concept_screen_routes|pff_receiving_concept_screen_targeted_qb_rating|pff_receiving_concept_screen_targets|pff_receiving_concept_screen_targets_percent|pff_receiving_concept_screen_touchdowns|pff_receiving_concept_screen_yards|pff_receiving_concept_screen_yards_after_catch|pff_receiving_concept_screen_yards_after_catch_per_reception|pff_receiving_concept_screen_yards_per_reception,0.012,0.012,4.23,12.7,68.9
319,Ke'Shawn Williams,WR,WR,Indiana; Wake Forest,CIN,,,,0.045,-0.026,-0.004,0.041,,0,0.041,0.815,0.954,617,1,missing_pick;missing_age,ras_score|pffx_yprr|pffx_g_off|pff_receiving_concept_base_targets|pff_receiving_concept_declined_penalties|pff_receiving_concept_penalties|pff_receiving_concept_screen_avg_depth_of_target|pff_receiving_concept_screen_avoided_tackles|pff_receiving_concept_screen_caught_percent|pff_receiving_concept_screen_contested_catch_rate|pff_receiving_concept_screen_contested_receptions|pff_receiving_concept_screen_contested_targets|pff_receiving_concept_screen_drop_rate|pff_receiving_concept_screen_drops|pff_receiving_concept_screen_epa|pff_receiving_concept_screen_first_downs|pff_receiving_concept_screen_fumbles|pff_receiving_concept_screen_grades_hands_drop|pff_receiving_concept_screen_grades_pass_route|pff_receiving_concept_screen_interceptions|pff_receiving_concept_screen_longest|pff_receiving_concept_screen_pass_block_rate|pff_receiving_concept_screen_pass_blocks|pff_receiving_concept_screen_pass_plays|pff_receiving_concept_screen_positive_epa_percent|pff_receiving_concept_screen_receptions|pff_receiving_concept_screen_route_rate|pff_receiving_concept_screen_routes|pff_receiving_concept_screen_targeted_qb_rating|pff_receiving_concept_screen_targets|pff_receiving_concept_screen_targets_percent|pff_receiving_concept_screen_touchdowns|pff_receiving_concept_screen_yards|pff_receiving_concept_screen_yards_after_catch|pff_receiving_concept_screen_yards_after_catch_per_reception,0.0,0.0,5.62,10.19,83.9
320,Nick Jackson,LB,LB,Iowa; Virginia,TB,,,,0.025,0.099,0.016,0.041,,0,0.041,0.68,1,3,1,missing_pick;missing_age;thin_football_features,ras_score|pffx_yprr|pffx_g_off,0.02,0.02,4.54,26.0,87.3
321,Amar Johnson,RB,RB,South Dakota State,LAC,,,,0.015,0.278,0.025,0.04,,0,0.04,0.148,0.001,1,1,missing_pick;missing_age;too_few_football_features;low_position_feature_completeness,ras_score,0.0,0.0,8.8,,
322,Austin McNamara,P,ST,Texas Tech,NYJ,,,,0.005,0.389,0.035,0.04,,0,0.04,0.645,0.333,1,1,missing_pick;missing_age;missing_ras;too_few_football_features,pffx_g_off,0.003,0.003,,,71.8
323,Marquise Robinson,DB,DB,Arkansas; South Alabama,BAL,,,,0.03,0.109,0.01,0.04,,0,0.04,0.68,0.667,2,1,missing_pick;missing_age;too_few_football_features,ras_score|pffx_g_off,0.0,0.0,8.38,,60.0
324,Elijah Roberts,DT,DL,SMU,TAM,5.0,157.0,23.0,0.055,-0.169,-0.015,0.04,,0,0.04,0.75,0.333,1,1,too_few_football_features,ras_score|age,0.093,0.2,6.83,,
325,Brant Banks,OT,OL,Rice,GB,,,,0.045,-0.033,-0.005,0.04,,0,0.04,0.78,0.481,26,1,missing_pick;missing_age;missing_ras,pffx_g_off|pff_offense_blocking_block_percent|pff_offense_blocking_declined_penalties|pff_offense_blocking_grades_offense|pff_offense_blocking_grades_pass_block|pff_offense_blocking_grades_run_block|pff_offense_blocking_hits_allowed|pff_offense_blocking_hurries_allowed|pff_offense_blocking_non_spike_pass_block|pff_offense_blocking_non_spike_pass_block_percentage|pff_offense_blocking_pass_block_percent|pff_offense_blocking_pbe|pff_offense_blocking_penalties|pff_offense_blocking_pressures_allowed|pff_offense_blocking_sacks_allowed|pff_offense_blocking_snap_counts_block|pff_offense_blocking_snap_counts_ce|pff_offense_blocking_snap_counts_lg|pff_offense_blocking_snap_counts_lt|pff_offense_blocking_snap_counts_offense|pff_offense_blocking_snap_counts_pass_block|pff_offense_blocking_snap_counts_pass_play|pff_offense_blocking_snap_counts_rg|pff_offense_blocking_snap_counts_rt|pff_offense_blocking_snap_counts_run_block|pff_offense_blocking_snap_counts_te,0.012,0.012,,,67.3
326,Jalen McLeod,DE,DL,Auburn,JAX,6.0,194.0,23.0,0.055,-0.174,-0.016,0.039,,0,0.039,0.715,0.333,1,1,missing_ras;too_few_football_features,pffx_g_off|age,0.084,0.062,,,60.0
327,Marques Cox,OT,OL,Kentucky; Northern Illinois,ARI,,,,0.045,-0.037,-0.006,0.039,,0,0.039,0.815,0.5,27,1,missing_pick;missing_age,ras_score|pffx_g_off|pff_offense_blocking_block_percent|pff_offense_blocking_declined_penalties|pff_offense_blocking_grades_offense|pff_offense_blocking_grades_pass_block|pff_offense_blocking_grades_run_block|pff_offense_blocking_hits_allowed|pff_offense_blocking_hurries_allowed|pff_offense_blocking_non_spike_pass_block|pff_offense_blocking_non_spike_pass_block_percentage|pff_offense_blocking_pass_block_percent|pff_offense_blocking_pbe|pff_offense_blocking_penalties|pff_offense_blocking_pressures_allowed|pff_offense_blocking_sacks_allowed|pff_offense_blocking_snap_counts_block|pff_offense_blocking_snap_counts_ce|pff_offense_blocking_snap_counts_lg|pff_offense_blocking_snap_counts_lt|pff_offense_blocking_snap_counts_offense|pff_offense_blocking_snap_counts_pass_block|pff_offense_blocking_snap_counts_pass_play|pff_offense_blocking_snap_counts_rg|pff_offense_blocking_snap_counts_rt|pff_offense_blocking_snap_counts_run_block|pff_offense_blocking_snap_counts_te,0.0,0.0,5.97,,71.2
328,Seth McLaughlin,C,OL,Ohio State; Alabama,DET,,,,0.045,-0.038,-0.006,0.039,,0,0.039,0.78,0.481,26,1,missing_pick;missing_age;missing_ras,pffx_g_off|pff_offense_blocking_block_percent|pff_offense_blocking_declined_penalties|pff_offense_blocking_grades_offense|pff_offense_blocking_grades_pass_block|pff_offense_blocking_grades_run_block|pff_offense_blocking_hits_allowed|pff_offense_blocking_hurries_allowed|pff_offense_blocking_non_spike_pass_block|pff_offense_blocking_non_spike_pass_block_percentage|pff_offense_blocking_pass_block_percent|pff_offense_blocking_pbe|pff_offense_blocking_penalties|pff_offense_blocking_pressures_allowed|pff_offense_blocking_sacks_allowed|pff_offense_blocking_snap_counts_block|pff_offense_blocking_snap_counts_ce|pff_offense_blocking_snap_counts_lg|pff_offense_blocking_snap_counts_lt|pff_offense_blocking_snap_counts_offense|pff_offense_blocking_snap_counts_pass_block|pff_offense_blocking_snap_counts_pass_play|pff_offense_blocking_snap_counts_rg|pff_offense_blocking_snap_counts_rt|pff_offense_blocking_snap_counts_run_block|pff_offense_blocking_snap_counts_te,0.003,0.003,,,59.2
329,Bilhal Kone,CB,DB,Western Michigan,BAL,6.0,178.0,23.0,0.05,-0.124,-0.011,0.039,,0,0.039,0.75,0.333,1,1,too_few_football_features,ras_score|age,0.073,0.054,7.8,,
330,Ben Scott,OL,OL,Nebraska; Arizona State,TB,,,,0.045,-0.039,-0.006,0.039,,0,0.039,0.815,0.5,27,1,missing_pick;missing_age,ras_score|pffx_g_off|pff_offense_blocking_block_percent|pff_offense_blocking_declined_penalties|pff_offense_blocking_grades_offense|pff_offense_blocking_grades_pass_block|pff_offense_blocking_grades_run_block|pff_offense_blocking_hits_allowed|pff_offense_blocking_hurries_allowed|pff_offense_blocking_non_spike_pass_block|pff_offense_blocking_non_spike_pass_block_percentage|pff_offense_blocking_pass_block_percent|pff_offense_blocking_pbe|pff_offense_blocking_penalties|pff_offense_blocking_pressures_allowed|pff_offense_blocking_sacks_allowed|pff_offense_blocking_snap_counts_block|pff_offense_blocking_snap_counts_ce|pff_offense_blocking_snap_counts_lg|pff_offense_blocking_snap_counts_lt|pff_offense_blocking_snap_counts_offense|pff_offense_blocking_snap_counts_pass_block|pff_offense_blocking_snap_counts_pass_play|pff_offense_blocking_snap_counts_rg|pff_offense_blocking_snap_counts_rt|pff_offense_blocking_snap_counts_run_block|pff_offense_blocking_snap_counts_te,0.009,0.009,8.72,,63.9
331,A.J. Henning,WR,WR,Northwestern; Michigan,MIA,,,,0.045,-0.041,-0.007,0.038,,0,0.038,0.815,0.986,638,1,missing_pick;missing_age,ras_score|pffx_yprr|pffx_g_off|pff_receiving_concept_base_targets|pff_receiving_concept_declined_penalties|pff_receiving_concept_penalties|pff_receiving_concept_screen_avg_depth_of_target|pff_receiving_concept_screen_avoided_tackles|pff_receiving_concept_screen_caught_percent|pff_receiving_concept_screen_contested_catch_rate|pff_receiving_concept_screen_contested_receptions|pff_receiving_concept_screen_contested_targets|pff_receiving_concept_screen_drop_rate|pff_receiving_concept_screen_drops|pff_receiving_concept_screen_epa|pff_receiving_concept_screen_first_downs|pff_receiving_concept_screen_fumbles|pff_receiving_concept_screen_grades_hands_drop|pff_receiving_concept_screen_grades_pass_route|pff_receiving_concept_screen_interceptions|pff_receiving_concept_screen_longest|pff_receiving_concept_screen_pass_block_rate|pff_receiving_concept_screen_pass_blocks|pff_receiving_concept_screen_pass_plays|pff_receiving_concept_screen_positive_epa_percent|pff_receiving_concept_screen_receptions|pff_receiving_concept_screen_route_rate|pff_receiving_concept_screen_routes|pff_receiving_concept_screen_targeted_qb_rating|pff_receiving_concept_screen_targets|pff_receiving_concept_screen_targets_percent|pff_receiving_concept_screen_touchdowns|pff_receiving_concept_screen_yards|pff_receiving_concept_screen_yards_after_catch|pff_receiving_concept_screen_yards_after_catch_per_reception,0.008,0.008,7.51,7.35,69.0
332,Jacoby Jones,WR,WR,UCF; Ohio,WAS,,,,0.045,-0.041,-0.007,0.038,,0,0.038,0.815,0.943,610,1,missing_pick;missing_age,ras_score|pffx_yprr|pffx_g_off|pff_receiving_concept_base_targets|pff_receiving_concept_declined_penalties|pff_receiving_concept_penalties|pff_receiving_concept_screen_avg_depth_of_target|pff_receiving_concept_screen_avoided_tackles|pff_receiving_concept_screen_caught_percent|pff_receiving_concept_screen_contested_receptions|pff_receiving_concept_screen_contested_targets|pff_receiving_concept_screen_drop_rate|pff_receiving_concept_screen_drops|pff_receiving_concept_screen_epa|pff_receiving_concept_screen_first_downs|pff_receiving_concept_screen_fumbles|pff_receiving_concept_screen_grades_hands_drop|pff_receiving_concept_screen_grades_pass_route|pff_receiving_concept_screen_interceptions|pff_receiving_concept_screen_longest|pff_receiving_concept_screen_pass_block_rate|pff_receiving_concept_screen_pass_blocks|pff_receiving_concept_screen_pass_plays|pff_receiving_concept_screen_positive_epa_percent|pff_receiving_concept_screen_receptions|pff_receiving_concept_screen_route_rate|pff_receiving_concept_screen_routes|pff_receiving_concept_screen_targeted_qb_rating|pff_receiving_concept_screen_targets|pff_receiving_concept_screen_targets_percent|pff_receiving_concept_screen_touchdowns|pff_receiving_concept_screen_yards|pff_receiving_concept_screen_yards_after_catch|pff_receiving_concept_screen_yards_after_catch_per_reception|pff_receiving_concept_screen_yards_per_reception,0.0,0.0,4.47,16.0,77.3
333,Alijah Clark,DB,DB,Syracuse; Rutgers,DAL,,,,0.03,0.093,0.008,0.038,,0,0.038,0.68,0.333,1,1,missing_pick;missing_age;too_few_football_features,ras_score,0.0,0.0,8.14,,
334,Keyon Martin,CB,DB,Louisiana-Lafayette; Youngstown State,BAL,,,,0.03,0.093,0.008,0.038,,0,0.038,0.68,0.333,1,1,missing_pick;missing_age;too_few_football_features,ras_score,0.0,0.0,8.14,,
335,Alex Huntley,DT,DL,South Carolina,MIA,,,,0.035,0.021,0.003,0.038,,0,0.038,0.68,1,3,1,missing_pick;missing_age;thin_football_features,ras_score|pffx_yprr|pffx_g_off,0.0,0.0,5.53,0.0,61.7
336,Shaun Dolac,LB,LB,Buffalo,LA,,,,0.025,0.141,0.013,0.038,,0,0.038,0.68,0.667,2,1,missing_pick;missing_age;too_few_football_features,ras_score|pffx_g_off,0.012,0.012,8.84,,60.0
337,Courtney Jackson,WR,WR,Arkansas State,TEN,,,,0.045,-0.048,-0.008,0.037,,0,0.037,0.815,0.949,614,1,missing_pick;missing_age,ras_score|pffx_yprr|pffx_g_off|pff_receiving_concept_base_targets|pff_receiving_concept_declined_penalties|pff_receiving_concept_penalties|pff_receiving_concept_screen_avg_depth_of_target|pff_receiving_concept_screen_avoided_tackles|pff_receiving_concept_screen_caught_percent|pff_receiving_concept_screen_contested_receptions|pff_receiving_concept_screen_contested_targets|pff_receiving_concept_screen_drop_rate|pff_receiving_concept_screen_drops|pff_receiving_concept_screen_epa|pff_receiving_concept_screen_first_downs|pff_receiving_concept_screen_fumbles|pff_receiving_concept_screen_grades_hands_drop|pff_receiving_concept_screen_grades_pass_route|pff_receiving_concept_screen_interceptions|pff_receiving_concept_screen_longest|pff_receiving_concept_screen_pass_block_rate|pff_receiving_concept_screen_pass_blocks|pff_receiving_concept_screen_pass_plays|pff_receiving_concept_screen_positive_epa_percent|pff_receiving_concept_screen_receptions|pff_receiving_concept_screen_route_rate|pff_receiving_concept_screen_routes|pff_receiving_concept_screen_targeted_qb_rating|pff_receiving_concept_screen_targets|pff_receiving_concept_screen_targets_percent|pff_receiving_concept_screen_touchdowns|pff_receiving_concept_screen_yards|pff_receiving_concept_screen_yards_after_catch|pff_receiving_concept_screen_yards_after_catch_per_reception|pff_receiving_concept_screen_yards_per_reception,0.012,0.012,7.53,19.8,61.1
338,Reid Holskey,OT,OL,Miami (Ohio),NYG,,,,0.045,-0.048,-0.008,0.037,,0,0.037,0.815,0.5,27,1,missing_pick;missing_age,ras_score|pffx_g_off|pff_offense_blocking_block_percent|pff_offense_blocking_declined_penalties|pff_offense_blocking_grades_offense|pff_offense_blocking_grades_pass_block|pff_offense_blocking_grades_run_block|pff_offense_blocking_hits_allowed|pff_offense_blocking_hurries_allowed|pff_offense_blocking_non_spike_pass_block|pff_offense_blocking_non_spike_pass_block_percentage|pff_offense_blocking_pass_block_percent|pff_offense_blocking_pbe|pff_offense_blocking_penalties|pff_offense_blocking_pressures_allowed|pff_offense_blocking_sacks_allowed|pff_offense_blocking_snap_counts_block|pff_offense_blocking_snap_counts_ce|pff_offense_blocking_snap_counts_lg|pff_offense_blocking_snap_counts_lt|pff_offense_blocking_snap_counts_offense|pff_offense_blocking_snap_counts_pass_block|pff_offense_blocking_snap_counts_pass_play|pff_offense_blocking_snap_counts_rg|pff_offense_blocking_snap_counts_rt|pff_offense_blocking_snap_counts_run_block|pff_offense_blocking_snap_counts_te,0.012,0.012,9.33,,71.1
339,Gavin Bartholomew,TE,TE,Pittsburgh,MIN,6.0,202.0,22.0,0.035,0.007,0.002,0.037,,0,0.037,0.85,0.832,559,1,,ras_score|pffx_yprr|pffx_g_off|pff_receiving_concept_base_targets|pff_receiving_concept_declined_penalties|pff_receiving_concept_penalties|pff_receiving_concept_screen_avg_depth_of_target|pff_receiving_concept_screen_avoided_tackles|pff_receiving_concept_screen_caught_percent|pff_receiving_concept_screen_contested_receptions|pff_receiving_concept_screen_contested_targets|pff_receiving_concept_screen_drop_rate|pff_receiving_concept_screen_drops|pff_receiving_concept_screen_epa|pff_receiving_concept_screen_first_downs|pff_receiving_concept_screen_fumbles|pff_receiving_concept_screen_grades_hands_drop|pff_receiving_concept_screen_grades_pass_route|pff_receiving_concept_screen_interceptions|pff_receiving_concept_screen_longest|pff_receiving_concept_screen_pass_block_rate|pff_receiving_concept_screen_pass_blocks|pff_receiving_concept_screen_pass_plays|pff_receiving_concept_screen_positive_epa_percent|pff_receiving_concept_screen_receptions|pff_receiving_concept_screen_route_rate|pff_receiving_concept_screen_routes|pff_receiving_concept_screen_targeted_qb_rating|pff_receiving_concept_screen_targets|pff_receiving_concept_screen_targets_percent|pff_receiving_concept_screen_touchdowns|pff_receiving_concept_screen_yards|pff_receiving_concept_screen_yards_after_catch|pff_receiving_concept_screen_yards_after_catch_per_reception|pff_receiving_concept_screen_yards_per_reception,0.102,0.074,8.87,10.85,85.2
340,Dom Jones,DB,DB,Colorado State; North Dakota State,CLE,,,,0.03,0.077,0.007,0.037,,0,0.037,0.68,0.333,1,1,missing_pick;missing_age;too_few_football_features,ras_score,0.0,0.0,8.12,,
341,Mason Miller,OT,OL,North Dakota State,DET,,,,0.045,-0.092,-0.008,0.037,,0,0.037,0.182,0.019,1,1,missing_pick;missing_age;too_few_football_features;low_position_feature_completeness,ras_score,0.0,0.0,8.03,,
342,Dontae Fleming,WR,WR,Tulane,MIN,,,,0.045,-0.052,-0.008,0.037,,0,0.037,0.815,0.947,613,1,missing_pick;missing_age,ras_score|pffx_yprr|pffx_g_off|pff_receiving_concept_base_targets|pff_receiving_concept_declined_penalties|pff_receiving_concept_penalties|pff_receiving_concept_screen_avg_depth_of_target|pff_receiving_concept_screen_avoided_tackles|pff_receiving_concept_screen_caught_percent|pff_receiving_concept_screen_contested_receptions|pff_receiving_concept_screen_contested_targets|pff_receiving_concept_screen_drop_rate|pff_receiving_concept_screen_drops|pff_receiving_concept_screen_epa|pff_receiving_concept_screen_first_downs|pff_receiving_concept_screen_fumbles|pff_receiving_concept_screen_grades_hands_drop|pff_receiving_concept_screen_grades_pass_route|pff_receiving_concept_screen_interceptions|pff_receiving_concept_screen_longest|pff_receiving_concept_screen_pass_block_rate|pff_receiving_concept_screen_pass_blocks|pff_receiving_concept_screen_pass_plays|pff_receiving_concept_screen_positive_epa_percent|pff_receiving_concept_screen_receptions|pff_receiving_concept_screen_route_rate|pff_receiving_concept_screen_routes|pff_receiving_concept_screen_targeted_qb_rating|pff_receiving_concept_screen_targets|pff_receiving_concept_screen_targets_percent|pff_receiving_concept_screen_touchdowns|pff_receiving_concept_screen_yards|pff_receiving_concept_screen_yards_after_catch|pff_receiving_concept_screen_yards_after_catch_per_reception|pff_receiving_concept_screen_yards_per_reception,0.009,0.009,5.93,17.2,67.1
343,Rayuan Lane,FS,DB,Navy,JAX,6.0,200.0,22.0,0.05,-0.149,-0.013,0.037,,0,0.037,0.75,0.667,2,1,too_few_football_features,ras_score|pffx_g_off|age,0.079,0.093,5.26,,60.0
344,Quentin Skinner,WR,WR,Kansas,NYJ,,,,0.045,-0.054,-0.009,0.036,,0,0.036,0.815,0.966,625,1,missing_pick;missing_age,ras_score|pffx_yprr|pffx_g_off|pff_receiving_concept_base_targets|pff_receiving_concept_declined_penalties|pff_receiving_concept_penalties|pff_receiving_concept_screen_avg_depth_of_target|pff_receiving_concept_screen_avoided_tackles|pff_receiving_concept_screen_caught_percent|pff_receiving_concept_screen_contested_receptions|pff_receiving_concept_screen_contested_targets|pff_receiving_concept_screen_drop_rate|pff_receiving_concept_screen_drops|pff_receiving_concept_screen_epa|pff_receiving_concept_screen_first_downs|pff_receiving_concept_screen_fumbles|pff_receiving_concept_screen_grades_hands_drop|pff_receiving_concept_screen_grades_pass_route|pff_receiving_concept_screen_interceptions|pff_receiving_concept_screen_longest|pff_receiving_concept_screen_pass_block_rate|pff_receiving_concept_screen_pass_blocks|pff_receiving_concept_screen_pass_plays|pff_receiving_concept_screen_positive_epa_percent|pff_receiving_concept_screen_receptions|pff_receiving_concept_screen_route_rate|pff_receiving_concept_screen_routes|pff_receiving_concept_screen_targeted_qb_rating|pff_receiving_concept_screen_targets|pff_receiving_concept_screen_targets_percent|pff_receiving_concept_screen_touchdowns|pff_receiving_concept_screen_yards|pff_receiving_concept_screen_yards_after_catch|pff_receiving_concept_screen_yards_after_catch_per_reception|pff_receiving_concept_screen_yards_per_reception,0.009,0.009,6.8,10.83,66.3
345,Aeneas Peebles,DT,DL,Virginia Tech,BAL,6.0,210.0,24.0,0.055,-0.209,-0.019,0.036,,0,0.036,0.75,0.333,1,1,too_few_football_features,ras_score|age,0.073,0.054,7.29,,
346,Danny Striggow,DE,DL,Minnesota,JAX,,,,0.035,0.013,0.001,0.036,,0,0.036,0.68,0.333,1,1,missing_pick;missing_age;too_few_football_features,ras_score,0.0,0.0,7.53,,
347,John Saunders Jr.,SAF,DB,Mississippi; Miami (Ohio),NE,,,,0.03,0.067,0.006,0.036,,0,0.036,0.68,0.333,1,1,missing_pick;missing_age;too_few_football_features,ras_score,0.0,0.0,8.05,,
348,Antwane Wells Jr.,WR,WR,Mississippi; South Carolina; James Madison,NYG,,,,0.045,-0.056,-0.009,0.036,,0,0.036,0.815,0.968,626,1,missing_pick;missing_age,ras_score|pffx_yprr|pffx_g_off|pff_receiving_concept_base_targets|pff_receiving_concept_declined_penalties|pff_receiving_concept_penalties|pff_receiving_concept_screen_avg_depth_of_target|pff_receiving_concept_screen_avoided_tackles|pff_receiving_concept_screen_caught_percent|pff_receiving_concept_screen_contested_receptions|pff_receiving_concept_screen_contested_targets|pff_receiving_concept_screen_drop_rate|pff_receiving_concept_screen_drops|pff_receiving_concept_screen_epa|pff_receiving_concept_screen_first_downs|pff_receiving_concept_screen_fumbles|pff_receiving_concept_screen_grades_hands_drop|pff_receiving_concept_screen_grades_pass_route|pff_receiving_concept_screen_interceptions|pff_receiving_concept_screen_longest|pff_receiving_concept_screen_pass_block_rate|pff_receiving_concept_screen_pass_blocks|pff_receiving_concept_screen_pass_plays|pff_receiving_concept_screen_positive_epa_percent|pff_receiving_concept_screen_receptions|pff_receiving_concept_screen_route_rate|pff_receiving_concept_screen_routes|pff_receiving_concept_screen_targeted_qb_rating|pff_receiving_concept_screen_targets|pff_receiving_concept_screen_targets_percent|pff_receiving_concept_screen_touchdowns|pff_receiving_concept_screen_yards|pff_receiving_concept_screen_yards_after_catch|pff_receiving_concept_screen_yards_after_catch_per_reception|pff_receiving_concept_screen_yards_per_reception,0.008,0.008,5.74,15.33,67.3
349,Keni-H Lovely,CB,DB,Western Michigan,JAX,,,,0.03,0.06,0.005,0.035,,0,0.035,0.645,0.333,1,1,missing_pick;missing_age;missing_ras;too_few_football_features,pffx_g_off,0.003,0.003,,,60.0
350,Zeke Correll,C,OL,N.C. State,MIN,,,,0.045,-0.06,-0.01,0.035,,0,0.035,0.815,0.5,27,1,missing_pick;missing_age,ras_score|pffx_g_off|pff_offense_blocking_block_percent|pff_offense_blocking_declined_penalties|pff_offense_blocking_grades_offense|pff_offense_blocking_grades_pass_block|pff_offense_blocking_grades_run_block|pff_offense_blocking_hits_allowed|pff_offense_blocking_hurries_allowed|pff_offense_blocking_non_spike_pass_block|pff_offense_blocking_non_spike_pass_block_percentage|pff_offense_blocking_pass_block_percent|pff_offense_blocking_pbe|pff_offense_blocking_penalties|pff_offense_blocking_pressures_allowed|pff_offense_blocking_sacks_allowed|pff_offense_blocking_snap_counts_block|pff_offense_blocking_snap_counts_ce|pff_offense_blocking_snap_counts_lg|pff_offense_blocking_snap_counts_lt|pff_offense_blocking_snap_counts_offense|pff_offense_blocking_snap_counts_pass_block|pff_offense_blocking_snap_counts_pass_play|pff_offense_blocking_snap_counts_rg|pff_offense_blocking_snap_counts_rt|pff_offense_blocking_snap_counts_run_block|pff_offense_blocking_snap_counts_te,0.0,0.0,5.23,,62.0
351,Car'lin Vigers,DB,DB,Louisiana-Monroe; Independence Comm. College,WAS,,,,0.03,0.057,0.005,0.035,,0,0.035,0.68,0.333,1,1,missing_pick;missing_age;too_few_football_features,ras_score,0.0,0.0,8.0,,
352,Dorian Strong,CB,DB,Virginia Tech,BUF,6.0,177.0,23.0,0.05,-0.088,-0.015,0.035,,0,0.035,0.75,1,3,1,thin_football_features,ras_score|pffx_yprr|pffx_g_off|age,0.042,0.034,8.34,0.0,57.8
353,Payton Page,DT,DL,Clemson,NYJ,,,,0.035,0,0,0.035,,0,0.035,0.68,0.667,2,1,missing_pick;missing_age;too_few_football_features,ras_score|pffx_g_off,0.0,0.0,8.18,,60.0
354,Jahfari Harvey,DE,DL,SMU; Miami,LV,,,,0.035,0,0,0.035,,0,0.035,0.11,0,0,1,missing_pick;missing_age;missing_ras;too_few_football_features;low_position_feature_completeness,,0.003,0.003,,,
355,Alex Williams,DE,DL,Middle Tennessee State; Vanderbilt; Ohio State,MIN,,,,0.035,0,0,0.035,,0,0.035,0.11,0,0,1,missing_pick;missing_age;missing_ras;too_few_football_features;low_position_feature_completeness,,0.003,0.003,,,
356,T.J. Maguranyanga,DE,DL,,WAS,,,,0.035,0,0,0.035,,0,0.035,0.11,0,0,1,missing_pick;missing_age;missing_ras;too_few_football_features;low_position_feature_completeness,,0.003,0.003,,,
357,Kyon Barrs,DT,DL,USC,ARI,,,,0.035,0,0,0.035,,0,0.035,0.11,0,0,1,missing_pick;missing_age;missing_ras;too_few_football_features;low_position_feature_completeness,,0.003,0.003,,,
358,Nash Hutmacher,DL,DL,Nebraska,TB,,,,0.035,0,0,0.035,,0,0.035,0.68,0.333,1,1,missing_pick;missing_age;too_few_football_features,ras_score,0.0,0.0,7.4,,
359,Luke Elkin,LS,ST,Iowa,CHI,,,,0.005,0.333,0.03,0.035,,0,0.035,0.68,0.667,2,1,missing_pick;missing_age;too_few_football_features,ras_score|pffx_g_off,0.009,0.009,8.76,,60.0
360,Donte Kent,CB,DB,Central Michigan,PIT,7.0,229.0,23.0,0.05,-0.168,-0.015,0.035,,0,0.035,0.75,0.333,1,1,too_few_football_features,ras_score|age,0.067,0.05,7.54,,
361,LaMareon James,CB,DB,TCU; Old Dominion,NYG,,,,0.03,0.051,0.005,0.035,,0,0.035,0.68,0.667,2,1,missing_pick;missing_age;too_few_football_features,ras_score|pffx_g_off,0.003,0.003,7.82,,60.0
362,Stephen Gosnell,WR,WR,Virginia Tech; North Carolina,BUF,,,,0.045,-0.066,-0.011,0.034,,0,0.034,0.815,0.923,597,1,missing_pick;missing_age,ras_score|pffx_yprr|pffx_g_off|pff_receiving_concept_base_targets|pff_receiving_concept_declined_penalties|pff_receiving_concept_penalties|pff_receiving_concept_screen_avg_depth_of_target|pff_receiving_concept_screen_avoided_tackles|pff_receiving_concept_screen_caught_percent|pff_receiving_concept_screen_contested_receptions|pff_receiving_concept_screen_contested_targets|pff_receiving_concept_screen_drops|pff_receiving_concept_screen_epa|pff_receiving_concept_screen_first_downs|pff_receiving_concept_screen_fumbles|pff_receiving_concept_screen_grades_pass_route|pff_receiving_concept_screen_interceptions|pff_receiving_concept_screen_longest|pff_receiving_concept_screen_pass_block_rate|pff_receiving_concept_screen_pass_blocks|pff_receiving_concept_screen_pass_plays|pff_receiving_concept_screen_positive_epa_percent|pff_receiving_concept_screen_receptions|pff_receiving_concept_screen_route_rate|pff_receiving_concept_screen_routes|pff_receiving_concept_screen_targeted_qb_rating|pff_receiving_concept_screen_targets|pff_receiving_concept_screen_targets_percent|pff_receiving_concept_screen_touchdowns|pff_receiving_concept_screen_yards|pff_receiving_concept_screen_yards_after_catch|pff_receiving_concept_screen_yprr|pff_receiving_concept_slot_avg_depth_of_target|pff_receiving_concept_slot_avoided_tackles|pff_receiving_concept_slot_caught_percent,0.0,0.0,6.81,21.18,64.9
363,Leander Wiegand,OT,OL,UCF,NYJ,,,,0.045,-0.118,-0.011,0.034,,0,0.034,0.182,0.019,1,1,missing_pick;missing_age;too_few_football_features;low_position_feature_completeness,ras_score,0.0,0.0,7.91,,
364,Bryce Cabeldue,OT,OL,Kansas,SEA,6.0,192.0,24.0,0.065,-0.111,-0.031,0.034,,0,0.034,0.85,0.5,27,1,,ras_score|pffx_g_off|pff_offense_blocking_block_percent|pff_offense_blocking_declined_penalties|pff_offense_blocking_grades_offense|pff_offense_blocking_grades_pass_block|pff_offense_blocking_grades_run_block|pff_offense_blocking_hits_allowed|pff_offense_blocking_hurries_allowed|pff_offense_blocking_non_spike_pass_block|pff_offense_blocking_non_spike_pass_block_percentage|pff_offense_blocking_pass_block_percent|pff_offense_blocking_pbe|pff_offense_blocking_penalties|pff_offense_blocking_pressures_allowed|pff_offense_blocking_sacks_allowed|pff_offense_blocking_snap_counts_block|pff_offense_blocking_snap_counts_ce|pff_offense_blocking_snap_counts_lg|pff_offense_blocking_snap_counts_lt|pff_offense_blocking_snap_counts_offense|pff_offense_blocking_snap_counts_pass_block|pff_offense_blocking_snap_counts_pass_play|pff_offense_blocking_snap_counts_rg|pff_offense_blocking_snap_counts_rt|pff_offense_blocking_snap_counts_run_block|pff_offense_blocking_snap_counts_te|age,0.096,0.07,9.91,,71.6
365,Dante Barnett,DE,DL,Dickinson College,GB,,,,0.035,-0.013,-0.001,0.034,,0,0.034,0.68,0.333,1,1,missing_pick;missing_age;too_few_football_features,ras_score,0.0,0.0,7.38,,
366,Elliott Davison,SAF,DB,Texas-San Antonio,NO,,,,0.03,0.041,0.004,0.034,,0,0.034,0.68,0.667,2,1,missing_pick;missing_age;too_few_football_features,ras_score|pffx_g_off,0.003,0.003,7.8,,60.0
367,Shemar James,LB,LB,Florida,DAL,5.0,152.0,21.0,0.045,-0.126,-0.011,0.034,,0,0.034,0.75,0.333,1,1,too_few_football_features,ras_score|age,0.245,0.299,5.66,,
368,Trace Ford,LB,LB,Oklahoma; Oklahoma State,NYG,,,,0.025,0.093,0.008,0.033,,0,0.033,0.68,0.333,1,1,missing_pick;missing_age;too_few_football_features,ras_score,0.003,0.003,8.32,,
369,Kyrese Rowan,WR,WR,Utah State; Utah,DEN,,,,0.045,-0.073,-0.012,0.033,,0,0.033,0.815,0.966,625,1,missing_pick;missing_age,ras_score|pffx_yprr|pffx_g_off|pff_receiving_concept_base_targets|pff_receiving_concept_declined_penalties|pff_receiving_concept_penalties|pff_receiving_concept_screen_avg_depth_of_target|pff_receiving_concept_screen_avoided_tackles|pff_receiving_concept_screen_caught_percent|pff_receiving_concept_screen_contested_receptions|pff_receiving_concept_screen_contested_targets|pff_receiving_concept_screen_drop_rate|pff_receiving_concept_screen_drops|pff_receiving_concept_screen_epa|pff_receiving_concept_screen_first_downs|pff_receiving_concept_screen_fumbles|pff_receiving_concept_screen_grades_hands_drop|pff_receiving_concept_screen_grades_pass_route|pff_receiving_concept_screen_interceptions|pff_receiving_concept_screen_longest|pff_receiving_concept_screen_pass_block_rate|pff_receiving_concept_screen_pass_blocks|pff_receiving_concept_screen_pass_plays|pff_receiving_concept_screen_positive_epa_percent|pff_receiving_concept_screen_receptions|pff_receiving_concept_screen_route_rate|pff_receiving_concept_screen_routes|pff_receiving_concept_screen_targeted_qb_rating|pff_receiving_concept_screen_targets|pff_receiving_concept_screen_targets_percent|pff_receiving_concept_screen_touchdowns|pff_receiving_concept_screen_yards|pff_receiving_concept_screen_yards_after_catch|pff_receiving_concept_screen_yards_after_catch_per_reception|pff_receiving_concept_screen_yards_per_reception,0.0,0.0,7.63,8.4,85.6
370,Silas Bolden,WR,WR,Texas; Oregon State,HOU,,,,0.045,-0.074,-0.012,0.033,,0,0.033,0.815,0.913,591,1,missing_pick;missing_age,ras_score|pffx_yprr|pffx_g_off|pff_receiving_concept_base_targets|pff_receiving_concept_declined_penalties|pff_receiving_concept_penalties|pff_receiving_concept_screen_avg_depth_of_target|pff_receiving_concept_screen_avoided_tackles|pff_receiving_concept_screen_caught_percent|pff_receiving_concept_screen_contested_receptions|pff_receiving_concept_screen_contested_targets|pff_receiving_concept_screen_drop_rate|pff_receiving_concept_screen_drops|pff_receiving_concept_screen_epa|pff_receiving_concept_screen_first_downs|pff_receiving_concept_screen_fumbles|pff_receiving_concept_screen_grades_hands_drop|pff_receiving_concept_screen_grades_pass_route|pff_receiving_concept_screen_interceptions|pff_receiving_concept_screen_longest|pff_receiving_concept_screen_pass_block_rate|pff_receiving_concept_screen_pass_blocks|pff_receiving_concept_screen_pass_plays|pff_receiving_concept_screen_positive_epa_percent|pff_receiving_concept_screen_receptions|pff_receiving_concept_screen_route_rate|pff_receiving_concept_screen_routes|pff_receiving_concept_screen_targeted_qb_rating|pff_receiving_concept_screen_targets|pff_receiving_concept_screen_targets_percent|pff_receiving_concept_screen_touchdowns|pff_receiving_concept_screen_yards|pff_receiving_concept_screen_yards_after_catch|pff_receiving_concept_screen_yards_after_catch_per_reception|pff_receiving_concept_screen_yards_per_reception,0.003,0.003,2.68,15.57,84.0
371,Cody Lindenberg,LB,LB,Minnesota,LVR,7.0,222.0,23.0,0.045,-0.132,-0.012,0.033,,0,0.033,0.75,0.333,1,1,too_few_football_features,ras_score|age,0.048,0.039,8.17,,
372,Beaux Collins,WR,WR,Notre Dame; Clemson,NYG,,,,0.045,-0.075,-0.012,0.033,,0,0.033,0.815,0.977,632,1,missing_pick;missing_age,ras_score|pffx_yprr|pffx_g_off|pff_receiving_concept_base_targets|pff_receiving_concept_declined_penalties|pff_receiving_concept_penalties|pff_receiving_concept_screen_avg_depth_of_target|pff_receiving_concept_screen_avoided_tackles|pff_receiving_concept_screen_caught_percent|pff_receiving_concept_screen_contested_receptions|pff_receiving_concept_screen_contested_targets|pff_receiving_concept_screen_drop_rate|pff_receiving_concept_screen_drops|pff_receiving_concept_screen_epa|pff_receiving_concept_screen_first_downs|pff_receiving_concept_screen_fumbles|pff_receiving_concept_screen_grades_hands_drop|pff_receiving_concept_screen_grades_pass_route|pff_receiving_concept_screen_interceptions|pff_receiving_concept_screen_longest|pff_receiving_concept_screen_pass_block_rate|pff_receiving_concept_screen_pass_blocks|pff_receiving_concept_screen_pass_plays|pff_receiving_concept_screen_positive_epa_percent|pff_receiving_concept_screen_receptions|pff_receiving_concept_screen_route_rate|pff_receiving_concept_screen_routes|pff_receiving_concept_screen_targeted_qb_rating|pff_receiving_concept_screen_targets|pff_receiving_concept_screen_targets_percent|pff_receiving_concept_screen_touchdowns|pff_receiving_concept_screen_yards|pff_receiving_concept_screen_yards_after_catch|pff_receiving_concept_screen_yards_after_catch_per_reception|pff_receiving_concept_screen_yards_per_reception,0.009,0.009,9.09,11.64,59.8
373,DJ Giddens,RB,RB,Kansas St.,IND,5.0,151.0,22.0,0.035,-0.007,-0.002,0.033,,0,0.033,0.85,0.86,592,1,,ras_score|pffx_yprr|pffx_g_off|pff_receiving_concept_base_targets|pff_receiving_concept_declined_penalties|pff_receiving_concept_penalties|pff_receiving_concept_screen_avg_depth_of_target|pff_receiving_concept_screen_avoided_tackles|pff_receiving_concept_screen_caught_percent|pff_receiving_concept_screen_contested_receptions|pff_receiving_concept_screen_contested_targets|pff_receiving_concept_screen_drop_rate|pff_receiving_concept_screen_drops|pff_receiving_concept_screen_epa|pff_receiving_concept_screen_first_downs|pff_receiving_concept_screen_fumbles|pff_receiving_concept_screen_grades_hands_drop|pff_receiving_concept_screen_grades_pass_route|pff_receiving_concept_screen_interceptions|pff_receiving_concept_screen_longest|pff_receiving_concept_screen_pass_block_rate|pff_receiving_concept_screen_pass_blocks|pff_receiving_concept_screen_pass_plays|pff_receiving_concept_screen_positive_epa_percent|pff_receiving_concept_screen_receptions|pff_receiving_concept_screen_route_rate|pff_receiving_concept_screen_routes|pff_receiving_concept_screen_targeted_qb_rating|pff_receiving_concept_screen_targets|pff_receiving_concept_screen_targets_percent|pff_receiving_concept_screen_touchdowns|pff_receiving_concept_screen_yards|pff_receiving_concept_screen_yards_after_catch|pff_receiving_concept_screen_yards_after_catch_per_reception|pff_receiving_concept_screen_yards_per_reception,0.218,0.148,9.78,45.0,87.0
374,JJ Galbreath,TE,TE,South Dakota,PIT,,,,0.015,0.194,0.017,0.033,,0,0.033,0.148,0.001,1,1,missing_pick;missing_age;too_few_football_features;low_position_feature_completeness,ras_score,0.0,0.0,8.41,,
375,Hal Presley,WR,WR,Baylor,TEN,,,,0.045,-0.079,-0.013,0.032,,0,0.032,0.815,0.943,610,1,missing_pick;missing_age,ras_score|pffx_yprr|pffx_g_off|pff_receiving_concept_base_targets|pff_receiving_concept_declined_penalties|pff_receiving_concept_penalties|pff_receiving_concept_screen_avg_depth_of_target|pff_receiving_concept_screen_avoided_tackles|pff_receiving_concept_screen_caught_percent|pff_receiving_concept_screen_contested_receptions|pff_receiving_concept_screen_contested_targets|pff_receiving_concept_screen_drop_rate|pff_receiving_concept_screen_drops|pff_receiving_concept_screen_epa|pff_receiving_concept_screen_first_downs|pff_receiving_concept_screen_fumbles|pff_receiving_concept_screen_grades_hands_drop|pff_receiving_concept_screen_grades_pass_route|pff_receiving_concept_screen_interceptions|pff_receiving_concept_screen_longest|pff_receiving_concept_screen_pass_block_rate|pff_receiving_concept_screen_pass_blocks|pff_receiving_concept_screen_pass_plays|pff_receiving_concept_screen_positive_epa_percent|pff_receiving_concept_screen_receptions|pff_receiving_concept_screen_route_rate|pff_receiving_concept_screen_routes|pff_receiving_concept_screen_targeted_qb_rating|pff_receiving_concept_screen_targets|pff_receiving_concept_screen_targets_percent|pff_receiving_concept_screen_touchdowns|pff_receiving_concept_screen_yards|pff_receiving_concept_screen_yards_after_catch|pff_receiving_concept_screen_yards_after_catch_per_reception|pff_receiving_concept_screen_yards_per_reception,0.009,0.009,5.96,11.69,70.0
376,Jeffrey Bassa,LB,LB,Oregon,KAN,5.0,156.0,22.0,0.045,-0.141,-0.013,0.032,,0,0.032,0.75,0.667,2,1,too_few_football_features,ras_score|pffx_g_off|age,0.091,0.101,6.83,,60.0
377,Sal Wormley,G,OL,Penn State,JAX,,,,0.045,-0.083,-0.013,0.032,,0,0.032,0.815,0.5,27,1,missing_pick;missing_age,ras_score|pffx_g_off|pff_offense_blocking_block_percent|pff_offense_blocking_declined_penalties|pff_offense_blocking_grades_offense|pff_offense_blocking_grades_pass_block|pff_offense_blocking_grades_run_block|pff_offense_blocking_hits_allowed|pff_offense_blocking_hurries_allowed|pff_offense_blocking_non_spike_pass_block|pff_offense_blocking_non_spike_pass_block_percentage|pff_offense_blocking_pass_block_percent|pff_offense_blocking_pbe|pff_offense_blocking_penalties|pff_offense_blocking_pressures_allowed|pff_offense_blocking_sacks_allowed|pff_offense_blocking_snap_counts_block|pff_offense_blocking_snap_counts_ce|pff_offense_blocking_snap_counts_lg|pff_offense_blocking_snap_counts_lt|pff_offense_blocking_snap_counts_offense|pff_offense_blocking_snap_counts_pass_block|pff_offense_blocking_snap_counts_pass_play|pff_offense_blocking_snap_counts_rg|pff_offense_blocking_snap_counts_rt|pff_offense_blocking_snap_counts_run_block|pff_offense_blocking_snap_counts_te,0.0,0.0,5.19,,61.4
378,Eugene Asante,LB,LB,Auburn; North Carolina,ATL,,,,0.025,0.074,0.007,0.032,,0,0.032,0.68,0.667,2,1,missing_pick;missing_age;too_few_football_features,ras_score|pffx_g_off,0.012,0.012,8.4,,60.0
379,Reuben Lowery,DB,DB,Tennessee-Chattanooga,IND,,,,0.03,0.015,0.001,0.031,,0,0.031,0.68,0.333,1,1,missing_pick;missing_age;too_few_football_features,ras_score,0.0,0.0,7.74,,
380,Ale Kaho,LB,LB,UCLA; Alabama,WAS,,,,0.025,0.071,0.006,0.031,,0,0.031,0.68,0.667,2,1,missing_pick;missing_age;too_few_football_features,ras_score|pffx_g_off,0.012,0.012,7.34,,76.3
381,Kevin Knowles,DB,DB,Florida State,KC,,,,0.03,0.005,0,0.03,,0,0.03,0.68,0.333,1,1,missing_pick;missing_age;too_few_football_features,ras_score,0.003,0.003,7.68,,
382,Seth Coleman,DE,DL,Illinois,MIA,,,,0.035,-0.053,-0.005,0.03,,0,0.03,0.68,0.333,1,1,missing_pick;missing_age;too_few_football_features,ras_score,0.0,0.0,7.16,,
383,Jahdae Walker,WR,WR,Texas A&M; Grand Valley,CHI,,,,0.045,-0.093,-0.015,0.03,,0,0.03,0.815,0.947,613,1,missing_pick;missing_age,ras_score|pffx_yprr|pffx_g_off|pff_receiving_concept_base_targets|pff_receiving_concept_declined_penalties|pff_receiving_concept_penalties|pff_receiving_concept_screen_avg_depth_of_target|pff_receiving_concept_screen_avoided_tackles|pff_receiving_concept_screen_caught_percent|pff_receiving_concept_screen_contested_receptions|pff_receiving_concept_screen_contested_targets|pff_receiving_concept_screen_drop_rate|pff_receiving_concept_screen_drops|pff_receiving_concept_screen_epa|pff_receiving_concept_screen_first_downs|pff_receiving_concept_screen_fumbles|pff_receiving_concept_screen_grades_hands_drop|pff_receiving_concept_screen_grades_pass_route|pff_receiving_concept_screen_interceptions|pff_receiving_concept_screen_longest|pff_receiving_concept_screen_pass_block_rate|pff_receiving_concept_screen_pass_blocks|pff_receiving_concept_screen_pass_plays|pff_receiving_concept_screen_positive_epa_percent|pff_receiving_concept_screen_receptions|pff_receiving_concept_screen_route_rate|pff_receiving_concept_screen_routes|pff_receiving_concept_screen_targeted_qb_rating|pff_receiving_concept_screen_targets|pff_receiving_concept_screen_targets_percent|pff_receiving_concept_screen_touchdowns|pff_receiving_concept_screen_yards|pff_receiving_concept_screen_yards_after_catch|pff_receiving_concept_screen_yards_after_catch_per_reception|pff_receiving_concept_screen_yards_per_reception,0.0,0.0,8.82,13.45,64.3
384,Dante Trader,SAF,DB,Maryland,MIA,5.0,155.0,22.0,0.05,-0.222,-0.02,0.03,,0,0.03,0.75,0.667,2,1,too_few_football_features,ras_score|pffx_g_off|age,0.084,0.097,2.94,,60.0
385,Cobee Bryant,CB,DB,Kansas,ATL,,,,0.03,0,0,0.03,,0,0.03,0.11,0,0,1,missing_pick;missing_age;missing_ras;too_few_football_features;low_position_feature_completeness,,0.003,0.003,,,
386,Jayden Price,CB,DB,North Dakota State,NO,,,,0.03,0,0,0.03,,0,0.03,0.11,0,0,1,missing_pick;missing_age;missing_ras;too_few_football_features;low_position_feature_completeness,,0.003,0.003,,,
387,Zion Childress,DB,DB,Kentucky; Texas State-San Marcos,DAL,,,,0.03,0,0,0.03,,0,0.03,0.11,0,0,1,missing_pick;missing_age;missing_ras;too_few_football_features;low_position_feature_completeness,,0.003,0.003,,,
388,Alijah Huzzie,DB,DB,North Carolina; East Tennessee State,HOU,,,,0.03,0,0,0.03,,0,0.03,0.11,0,0,1,missing_pick;missing_age;missing_ras;too_few_football_features;low_position_feature_completeness,,0.003,0.003,,,
389,Michael Reid,CB,DB,South Dakota; Monmouth,CAR,,,,0.03,0,0,0.03,,0,0.03,0.11,0,0,1,missing_pick;missing_age;missing_ras;too_few_football_features;low_position_feature_completeness,,0.003,0.003,,,
390,Jakob Robinson,CB,DB,BYU; Utah State,SF,,,,0.03,-0.005,-0,0.03,,0,0.03,0.68,0.333,1,1,missing_pick;missing_age;too_few_football_features,ras_score,0.003,0.003,7.67,,
391,Micah Robinson,CB,DB,Tulane,GNB,7.0,237.0,23.0,0.05,-0.229,-0.021,0.029,,0,0.029,0.75,0.333,1,1,too_few_football_features,ras_score|age,0.069,0.052,6.77,,
392,Chandler Martin,LB,LB,Memphis; East Tennessee State,PHI,,,,0.025,0.042,0.004,0.029,,0,0.029,0.68,0.333,1,1,missing_pick;missing_age;too_few_football_features,ras_score,0.003,0.003,8.21,,
393,K.C. Ossai,LB,LB,Louisiana,MIA,,,,0.025,0.04,0.004,0.029,,0,0.029,0.68,0.667,2,1,missing_pick;missing_age;too_few_football_features,ras_score|pffx_g_off,0.012,0.012,8.24,,60.0
394,Vershon Lee,OL,OL,South Carolina,MIN,,,,0.045,-0.105,-0.017,0.028,,0,0.028,0.78,0.481,26,1,missing_pick;missing_age;missing_ras,pffx_g_off|pff_offense_blocking_block_percent|pff_offense_blocking_declined_penalties|pff_offense_blocking_grades_offense|pff_offense_blocking_grades_pass_block|pff_offense_blocking_grades_run_block|pff_offense_blocking_hits_allowed|pff_offense_blocking_hurries_allowed|pff_offense_blocking_non_spike_pass_block|pff_offense_blocking_non_spike_pass_block_percentage|pff_offense_blocking_pass_block_percent|pff_offense_blocking_pbe|pff_offense_blocking_penalties|pff_offense_blocking_pressures_allowed|pff_offense_blocking_sacks_allowed|pff_offense_blocking_snap_counts_block|pff_offense_blocking_snap_counts_ce|pff_offense_blocking_snap_counts_lg|pff_offense_blocking_snap_counts_lt|pff_offense_blocking_snap_counts_offense|pff_offense_blocking_snap_counts_pass_block|pff_offense_blocking_snap_counts_pass_play|pff_offense_blocking_snap_counts_rg|pff_offense_blocking_snap_counts_rt|pff_offense_blocking_snap_counts_run_block|pff_offense_blocking_snap_counts_te,0.012,0.012,,,68.9
395,Isaiah Raikes,NT,DL,Auburn; Texas A&M,TEN,,,,0.035,-0.079,-0.007,0.028,,0,0.028,0.68,0.333,1,1,missing_pick;missing_age;too_few_football_features,ras_score,0.0,0.0,7.07,,
396,Marcus Bryant,OL,OL,Missouri,NWE,7.0,220.0,23.0,0.065,-0.133,-0.037,0.028,,0,0.028,0.85,0.5,27,1,,ras_score|pffx_g_off|pff_offense_blocking_block_percent|pff_offense_blocking_declined_penalties|pff_offense_blocking_grades_offense|pff_offense_blocking_grades_pass_block|pff_offense_blocking_grades_run_block|pff_offense_blocking_hits_allowed|pff_offense_blocking_hurries_allowed|pff_offense_blocking_non_spike_pass_block|pff_offense_blocking_non_spike_pass_block_percentage|pff_offense_blocking_pass_block_percent|pff_offense_blocking_pbe|pff_offense_blocking_penalties|pff_offense_blocking_pressures_allowed|pff_offense_blocking_sacks_allowed|pff_offense_blocking_snap_counts_block|pff_offense_blocking_snap_counts_ce|pff_offense_blocking_snap_counts_lg|pff_offense_blocking_snap_counts_lt|pff_offense_blocking_snap_counts_offense|pff_offense_blocking_snap_counts_pass_block|pff_offense_blocking_snap_counts_pass_play|pff_offense_blocking_snap_counts_rg|pff_offense_blocking_snap_counts_rt|pff_offense_blocking_snap_counts_run_block|pff_offense_blocking_snap_counts_te|age,0.072,0.054,8.99,,69.2
397,Joshua Gray,G,OL,Oregon State,CAR,,,,0.045,-0.11,-0.018,0.027,,0,0.027,0.815,0.519,28,1,missing_pick;missing_age,ras_score|pffx_yprr|pffx_g_off|pff_offense_blocking_block_percent|pff_offense_blocking_declined_penalties|pff_offense_blocking_grades_offense|pff_offense_blocking_grades_pass_block|pff_offense_blocking_grades_run_block|pff_offense_blocking_hits_allowed|pff_offense_blocking_hurries_allowed|pff_offense_blocking_non_spike_pass_block|pff_offense_blocking_non_spike_pass_block_percentage|pff_offense_blocking_pass_block_percent|pff_offense_blocking_pbe|pff_offense_blocking_penalties|pff_offense_blocking_pressures_allowed|pff_offense_blocking_sacks_allowed|pff_offense_blocking_snap_counts_block|pff_offense_blocking_snap_counts_ce|pff_offense_blocking_snap_counts_lg|pff_offense_blocking_snap_counts_lt|pff_offense_blocking_snap_counts_offense|pff_offense_blocking_snap_counts_pass_block|pff_offense_blocking_snap_counts_pass_play|pff_offense_blocking_snap_counts_rg|pff_offense_blocking_snap_counts_rt|pff_offense_blocking_snap_counts_run_block|pff_offense_blocking_snap_counts_te,0.009,0.009,8.91,0.0,68.4
398,Tim Smith,DL,DL,Alabama,IND,6.0,190.0,23.0,0.055,-0.307,-0.028,0.027,,0,0.027,0.75,0.333,1,1,too_few_football_features,ras_score|age,0.079,0.058,4.44,,
399,Phil Mafah,RB,RB,Clemson,DAL,7.0,239.0,22.0,0.035,-0.028,-0.008,0.027,,0,0.027,0.85,0.84,578,1,missing_ras,pffx_yprr|pffx_g_off|pff_receiving_concept_base_targets|pff_receiving_concept_declined_penalties|pff_receiving_concept_penalties|pff_receiving_concept_screen_avg_depth_of_target|pff_receiving_concept_screen_avoided_tackles|pff_receiving_concept_screen_caught_percent|pff_receiving_concept_screen_contested_receptions|pff_receiving_concept_screen_contested_targets|pff_receiving_concept_screen_drop_rate|pff_receiving_concept_screen_drops|pff_receiving_concept_screen_epa|pff_receiving_concept_screen_first_downs|pff_receiving_concept_screen_fumbles|pff_receiving_concept_screen_grades_hands_drop|pff_receiving_concept_screen_grades_pass_route|pff_receiving_concept_screen_interceptions|pff_receiving_concept_screen_longest|pff_receiving_concept_screen_pass_block_rate|pff_receiving_concept_screen_pass_blocks|pff_receiving_concept_screen_pass_plays|pff_receiving_concept_screen_positive_epa_percent|pff_receiving_concept_screen_receptions|pff_receiving_concept_screen_route_rate|pff_receiving_concept_screen_routes|pff_receiving_concept_screen_targeted_qb_rating|pff_receiving_concept_screen_targets|pff_receiving_concept_screen_targets_percent|pff_receiving_concept_screen_touchdowns|pff_receiving_concept_screen_yards|pff_receiving_concept_screen_yards_after_catch|pff_receiving_concept_screen_yards_after_catch_per_reception|pff_receiving_concept_screen_yards_per_reception|pff_receiving_concept_screen_yprr,0.009,0.013,,6.18,72.8
400,Dalevon Campbell,WR,WR,South Carolina,LAC,,,,0.045,-0.114,-0.018,0.027,,0,0.027,0.78,0.876,567,1,missing_pick;missing_age;missing_ras,pffx_yprr|pffx_g_off|pff_receiving_concept_base_targets|pff_receiving_concept_declined_penalties|pff_receiving_concept_penalties|pff_receiving_concept_screen_avoided_tackles|pff_receiving_concept_screen_contested_receptions|pff_receiving_concept_screen_contested_targets|pff_receiving_concept_screen_drops|pff_receiving_concept_screen_epa|pff_receiving_concept_screen_first_downs|pff_receiving_concept_screen_fumbles|pff_receiving_concept_screen_grades_pass_route|pff_receiving_concept_screen_interceptions|pff_receiving_concept_screen_longest|pff_receiving_concept_screen_pass_block_rate|pff_receiving_concept_screen_pass_blocks|pff_receiving_concept_screen_pass_plays|pff_receiving_concept_screen_positive_epa_percent|pff_receiving_concept_screen_receptions|pff_receiving_concept_screen_route_rate|pff_receiving_concept_screen_routes|pff_receiving_concept_screen_targeted_qb_rating|pff_receiving_concept_screen_targets|pff_receiving_concept_screen_targets_percent|pff_receiving_concept_screen_touchdowns|pff_receiving_concept_screen_yards|pff_receiving_concept_screen_yards_after_catch|pff_receiving_concept_screen_yprr|pff_receiving_concept_slot_avg_depth_of_target|pff_receiving_concept_slot_avoided_tackles|pff_receiving_concept_slot_caught_percent|pff_receiving_concept_slot_contested_receptions|pff_receiving_concept_slot_contested_targets|pff_receiving_concept_slot_drop_rate,0.009,0.009,,39.33,74.5
401,Kristian Williams,DT,DL,Missouri,DEN,,,,0.035,-0.092,-0.008,0.027,,0,0.027,0.68,0.333,1,1,missing_pick;missing_age;too_few_football_features,ras_score,0.0,0.0,6.97,,
402,Mehki Butler,G,OL,Arkansas State; Iowa Western CC,NE,,,,0.045,-0.115,-0.018,0.027,,0,0.027,0.815,0.5,27,1,missing_pick;missing_age,ras_score|pffx_g_off|pff_offense_blocking_block_percent|pff_offense_blocking_declined_penalties|pff_offense_blocking_grades_offense|pff_offense_blocking_grades_pass_block|pff_offense_blocking_grades_run_block|pff_offense_blocking_hits_allowed|pff_offense_blocking_hurries_allowed|pff_offense_blocking_non_spike_pass_block|pff_offense_blocking_non_spike_pass_block_percentage|pff_offense_blocking_pass_block_percent|pff_offense_blocking_pbe|pff_offense_blocking_penalties|pff_offense_blocking_pressures_allowed|pff_offense_blocking_sacks_allowed|pff_offense_blocking_snap_counts_block|pff_offense_blocking_snap_counts_ce|pff_offense_blocking_snap_counts_lg|pff_offense_blocking_snap_counts_lt|pff_offense_blocking_snap_counts_offense|pff_offense_blocking_snap_counts_pass_block|pff_offense_blocking_snap_counts_pass_play|pff_offense_blocking_snap_counts_rg|pff_offense_blocking_snap_counts_rt|pff_offense_blocking_snap_counts_run_block|pff_offense_blocking_snap_counts_te,0.009,0.009,6.08,,66.6
403,Chris Paul,LB,LB,Mississippi,LAR,5.0,172.0,22.0,0.045,-0.205,-0.018,0.027,,0,0.027,0.75,0.333,1,1,too_few_football_features,ras_score|age,0.141,0.099,6.13,,
404,Caden Prieskorn,TE,TE,Mississippi; Memphis,CLE,,,,0.015,0.071,0.011,0.026,,0,0.026,0.815,0.868,583,1,missing_pick;missing_age,ras_score|pffx_yprr|pffx_g_off|pff_receiving_concept_base_targets|pff_receiving_concept_declined_penalties|pff_receiving_concept_penalties|pff_receiving_concept_screen_avg_depth_of_target|pff_receiving_concept_screen_avoided_tackles|pff_receiving_concept_screen_caught_percent|pff_receiving_concept_screen_contested_receptions|pff_receiving_concept_screen_contested_targets|pff_receiving_concept_screen_drop_rate|pff_receiving_concept_screen_drops|pff_receiving_concept_screen_epa|pff_receiving_concept_screen_first_downs|pff_receiving_concept_screen_fumbles|pff_receiving_concept_screen_grades_hands_drop|pff_receiving_concept_screen_grades_pass_route|pff_receiving_concept_screen_interceptions|pff_receiving_concept_screen_longest|pff_receiving_concept_screen_pass_block_rate|pff_receiving_concept_screen_pass_blocks|pff_receiving_concept_screen_pass_plays|pff_receiving_concept_screen_positive_epa_percent|pff_receiving_concept_screen_receptions|pff_receiving_concept_screen_route_rate|pff_receiving_concept_screen_routes|pff_receiving_concept_screen_targeted_qb_rating|pff_receiving_concept_screen_targets|pff_receiving_concept_screen_targets_percent|pff_receiving_concept_screen_touchdowns|pff_receiving_concept_screen_yards|pff_receiving_concept_screen_yards_after_catch|pff_receiving_concept_screen_yards_after_catch_per_reception|pff_receiving_concept_screen_yards_per_reception,0.009,0.009,5.45,21.4,68.3
405,Jake Briningstool,TE,TE,Clemson,KC,,,,0.015,0.071,0.011,0.026,,0,0.026,0.815,0.857,576,1,missing_pick;missing_age,ras_score|pffx_yprr|pffx_g_off|pff_receiving_concept_base_targets|pff_receiving_concept_declined_penalties|pff_receiving_concept_penalties|pff_receiving_concept_screen_avg_depth_of_target|pff_receiving_concept_screen_avoided_tackles|pff_receiving_concept_screen_caught_percent|pff_receiving_concept_screen_contested_receptions|pff_receiving_concept_screen_contested_targets|pff_receiving_concept_screen_drop_rate|pff_receiving_concept_screen_drops|pff_receiving_concept_screen_epa|pff_receiving_concept_screen_first_downs|pff_receiving_concept_screen_fumbles|pff_receiving_concept_screen_grades_hands_drop|pff_receiving_concept_screen_grades_pass_route|pff_receiving_concept_screen_interceptions|pff_receiving_concept_screen_longest|pff_receiving_concept_screen_pass_block_rate|pff_receiving_concept_screen_pass_blocks|pff_receiving_concept_screen_pass_plays|pff_receiving_concept_screen_positive_epa_percent|pff_receiving_concept_screen_receptions|pff_receiving_concept_screen_route_rate|pff_receiving_concept_screen_routes|pff_receiving_concept_screen_targeted_qb_rating|pff_receiving_concept_screen_targets|pff_receiving_concept_screen_targets_percent|pff_receiving_concept_screen_touchdowns|pff_receiving_concept_screen_yards|pff_receiving_concept_screen_yards_after_catch|pff_receiving_concept_screen_yards_after_catch_per_reception|pff_receiving_concept_screen_yards_per_reception,0.007,0.007,6.28,12.33,58.8
406,TJ Moore,CB,DB,Mercer,NYG,,,,0.03,-0.041,-0.004,0.026,,0,0.026,0.68,0.333,1,1,missing_pick;missing_age;too_few_football_features,ras_score,0.0,0.0,7.54,,
407,Dan Jackson,SAF,DB,Georgia,DET,7.0,230.0,24.0,0.05,-0.265,-0.024,0.026,,0,0.026,0.75,0.333,1,1,too_few_football_features,ras_score|age,0.054,0.042,7.0,,
408,Jeremiah Byers,OL,OL,Florida State; Texas-El Paso,CLE,,,,0.045,-0.118,-0.019,0.026,,0,0.026,0.815,0.5,27,1,missing_pick;missing_age,ras_score|pffx_g_off|pff_offense_blocking_block_percent|pff_offense_blocking_declined_penalties|pff_offense_blocking_grades_offense|pff_offense_blocking_grades_pass_block|pff_offense_blocking_grades_run_block|pff_offense_blocking_hits_allowed|pff_offense_blocking_hurries_allowed|pff_offense_blocking_non_spike_pass_block|pff_offense_blocking_non_spike_pass_block_percentage|pff_offense_blocking_pass_block_percent|pff_offense_blocking_pbe|pff_offense_blocking_penalties|pff_offense_blocking_pressures_allowed|pff_offense_blocking_sacks_allowed|pff_offense_blocking_snap_counts_block|pff_offense_blocking_snap_counts_ce|pff_offense_blocking_snap_counts_lg|pff_offense_blocking_snap_counts_lt|pff_offense_blocking_snap_counts_offense|pff_offense_blocking_snap_counts_pass_block|pff_offense_blocking_snap_counts_pass_play|pff_offense_blocking_snap_counts_rg|pff_offense_blocking_snap_counts_rt|pff_offense_blocking_snap_counts_run_block|pff_offense_blocking_snap_counts_te,0.009,0.009,7.92,,67.3
409,Gareth Warren,OT,OL,Lindenwood,PIT,,,,0.045,-0.211,-0.019,0.026,,0,0.026,0.182,0.019,1,1,missing_pick;missing_age;too_few_football_features;low_position_feature_completeness,ras_score,0.0,0.0,7.13,,
410,Eli Cox,OL,OL,Kentucky,HOU,,,,0.045,-0.12,-0.019,0.026,,0,0.026,0.815,0.5,27,1,missing_pick;missing_age,ras_score|pffx_g_off|pff_offense_blocking_block_percent|pff_offense_blocking_declined_penalties|pff_offense_blocking_grades_offense|pff_offense_blocking_grades_pass_block|pff_offense_blocking_grades_run_block|pff_offense_blocking_hits_allowed|pff_offense_blocking_hurries_allowed|pff_offense_blocking_non_spike_pass_block|pff_offense_blocking_non_spike_pass_block_percentage|pff_offense_blocking_pass_block_percent|pff_offense_blocking_pbe|pff_offense_blocking_penalties|pff_offense_blocking_pressures_allowed|pff_offense_blocking_sacks_allowed|pff_offense_blocking_snap_counts_block|pff_offense_blocking_snap_counts_ce|pff_offense_blocking_snap_counts_lg|pff_offense_blocking_snap_counts_lt|pff_offense_blocking_snap_counts_offense|pff_offense_blocking_snap_counts_pass_block|pff_offense_blocking_snap_counts_pass_play|pff_offense_blocking_snap_counts_rg|pff_offense_blocking_snap_counts_rt|pff_offense_blocking_snap_counts_run_block|pff_offense_blocking_snap_counts_te,0.012,0.012,9.9,,59.2
411,Jimmy Holiday,WR,WR,Louisiana Tech; Western Kentucky; Tennessee,KC,,,,0.045,-0.12,-0.019,0.026,,0,0.026,0.815,0.958,620,1,missing_pick;missing_age,ras_score|pffx_yprr|pffx_g_off|pff_receiving_concept_base_targets|pff_receiving_concept_declined_penalties|pff_receiving_concept_penalties|pff_receiving_concept_screen_avg_depth_of_target|pff_receiving_concept_screen_avoided_tackles|pff_receiving_concept_screen_caught_percent|pff_receiving_concept_screen_contested_receptions|pff_receiving_concept_screen_contested_targets|pff_receiving_concept_screen_drop_rate|pff_receiving_concept_screen_drops|pff_receiving_concept_screen_epa|pff_receiving_concept_screen_first_downs|pff_receiving_concept_screen_fumbles|pff_receiving_concept_screen_grades_hands_drop|pff_receiving_concept_screen_grades_pass_route|pff_receiving_concept_screen_interceptions|pff_receiving_concept_screen_longest|pff_receiving_concept_screen_pass_block_rate|pff_receiving_concept_screen_pass_blocks|pff_receiving_concept_screen_pass_plays|pff_receiving_concept_screen_positive_epa_percent|pff_receiving_concept_screen_receptions|pff_receiving_concept_screen_route_rate|pff_receiving_concept_screen_routes|pff_receiving_concept_screen_targeted_qb_rating|pff_receiving_concept_screen_targets|pff_receiving_concept_screen_targets_percent|pff_receiving_concept_screen_touchdowns|pff_receiving_concept_screen_yards|pff_receiving_concept_screen_yards_after_catch|pff_receiving_concept_screen_yards_after_catch_per_reception|pff_receiving_concept_screen_yards_per_reception,0.0,0.0,8.63,13.54,89.0
412,Da'Quan Felton,WR,WR,Virginia Tech; Norfolk State,NYG,,,,0.045,-0.121,-0.019,0.026,,0,0.026,0.815,0.963,623,1,missing_pick;missing_age,ras_score|pffx_yprr|pffx_g_off|pff_receiving_concept_base_targets|pff_receiving_concept_declined_penalties|pff_receiving_concept_penalties|pff_receiving_concept_screen_avg_depth_of_target|pff_receiving_concept_screen_avoided_tackles|pff_receiving_concept_screen_caught_percent|pff_receiving_concept_screen_contested_receptions|pff_receiving_concept_screen_contested_targets|pff_receiving_concept_screen_drop_rate|pff_receiving_concept_screen_drops|pff_receiving_concept_screen_epa|pff_receiving_concept_screen_first_downs|pff_receiving_concept_screen_fumbles|pff_receiving_concept_screen_grades_hands_drop|pff_receiving_concept_screen_grades_pass_route|pff_receiving_concept_screen_interceptions|pff_receiving_concept_screen_longest|pff_receiving_concept_screen_pass_block_rate|pff_receiving_concept_screen_pass_blocks|pff_receiving_concept_screen_pass_plays|pff_receiving_concept_screen_positive_epa_percent|pff_receiving_concept_screen_receptions|pff_receiving_concept_screen_route_rate|pff_receiving_concept_screen_routes|pff_receiving_concept_screen_targeted_qb_rating|pff_receiving_concept_screen_targets|pff_receiving_concept_screen_targets_percent|pff_receiving_concept_screen_touchdowns|pff_receiving_concept_screen_yards|pff_receiving_concept_screen_yards_after_catch|pff_receiving_concept_screen_yards_after_catch_per_reception|pff_receiving_concept_screen_yards_per_reception,0.0,0.0,8.3,6.5,59.3
413,Marcus Harris,DB,DB,California,TEN,6.0,183.0,24.0,0.05,-0.272,-0.024,0.026,,0,0.026,0.75,0.333,1,1,too_few_football_features,ras_score|age,0.073,0.089,6.86,,
414,Ralph Holley,DT,DL,Western Michigan,CLE,,,,0.035,-0.105,-0.009,0.026,,0,0.026,0.645,0.333,1,1,missing_pick;missing_age;missing_ras;too_few_football_features,pffx_g_off,0.003,0.003,,,60.0
415,Keivie Rose,DT,DL,Arkansas; Louisiana Tech,JAX,,,,0.035,-0.105,-0.009,0.026,,0,0.026,0.68,0.333,1,1,missing_pick;missing_age;too_few_football_features,ras_score,0.0,0.0,6.94,,
416,Isaiah Neyor,WR,WR,Nebraska; Texas; Wyoming,GB,,,,0.045,-0.122,-0.019,0.026,,0,0.026,0.815,0.946,612,1,missing_pick;missing_age,ras_score|pffx_yprr|pffx_g_off|pff_receiving_concept_base_targets|pff_receiving_concept_declined_penalties|pff_receiving_concept_penalties|pff_receiving_concept_screen_avg_depth_of_target|pff_receiving_concept_screen_avoided_tackles|pff_receiving_concept_screen_caught_percent|pff_receiving_concept_screen_contested_receptions|pff_receiving_concept_screen_contested_targets|pff_receiving_concept_screen_drop_rate|pff_receiving_concept_screen_drops|pff_receiving_concept_screen_epa|pff_receiving_concept_screen_first_downs|pff_receiving_concept_screen_fumbles|pff_receiving_concept_screen_grades_hands_drop|pff_receiving_concept_screen_grades_pass_route|pff_receiving_concept_screen_interceptions|pff_receiving_concept_screen_longest|pff_receiving_concept_screen_pass_block_rate|pff_receiving_concept_screen_pass_blocks|pff_receiving_concept_screen_pass_plays|pff_receiving_concept_screen_positive_epa_percent|pff_receiving_concept_screen_receptions|pff_receiving_concept_screen_route_rate|pff_receiving_concept_screen_routes|pff_receiving_concept_screen_targeted_qb_rating|pff_receiving_concept_screen_targets|pff_receiving_concept_screen_targets_percent|pff_receiving_concept_screen_touchdowns|pff_receiving_concept_screen_yards|pff_receiving_concept_screen_yards_after_catch|pff_receiving_concept_screen_yards_after_catch_per_reception|pff_receiving_concept_screen_yards_per_reception,0.0,0.0,9.9,9.33,87.6
417,Jack Conley,OL,OL,Boston College,CLE,,,,0.045,-0.123,-0.02,0.025,,0,0.025,0.815,0.5,27,1,missing_pick;missing_age,ras_score|pffx_g_off|pff_offense_blocking_block_percent|pff_offense_blocking_declined_penalties|pff_offense_blocking_grades_offense|pff_offense_blocking_grades_pass_block|pff_offense_blocking_grades_run_block|pff_offense_blocking_hits_allowed|pff_offense_blocking_hurries_allowed|pff_offense_blocking_non_spike_pass_block|pff_offense_blocking_non_spike_pass_block_percentage|pff_offense_blocking_pass_block_percent|pff_offense_blocking_pbe|pff_offense_blocking_penalties|pff_offense_blocking_pressures_allowed|pff_offense_blocking_sacks_allowed|pff_offense_blocking_snap_counts_block|pff_offense_blocking_snap_counts_ce|pff_offense_blocking_snap_counts_lg|pff_offense_blocking_snap_counts_lt|pff_offense_blocking_snap_counts_offense|pff_offense_blocking_snap_counts_pass_block|pff_offense_blocking_snap_counts_pass_play|pff_offense_blocking_snap_counts_rg|pff_offense_blocking_snap_counts_rt|pff_offense_blocking_snap_counts_run_block|pff_offense_blocking_snap_counts_te,0.005,0.005,7.76,,60.1
418,Yahya Black,DT,DL,Iowa,PIT,5.0,164.0,23.0,0.055,-0.331,-0.03,0.025,,0,0.025,0.75,0.333,1,1,too_few_football_features,ras_score|age,0.1,0.205,3.61,,
419,Timothy McKay,OT,OL,North Carolina,WAS,,,,0.045,-0.124,-0.02,0.025,,0,0.025,0.78,0.481,26,1,missing_pick;missing_age;missing_ras,pffx_g_off|pff_offense_blocking_block_percent|pff_offense_blocking_declined_penalties|pff_offense_blocking_grades_offense|pff_offense_blocking_grades_pass_block|pff_offense_blocking_grades_run_block|pff_offense_blocking_hits_allowed|pff_offense_blocking_hurries_allowed|pff_offense_blocking_non_spike_pass_block|pff_offense_blocking_non_spike_pass_block_percentage|pff_offense_blocking_pass_block_percent|pff_offense_blocking_pbe|pff_offense_blocking_penalties|pff_offense_blocking_pressures_allowed|pff_offense_blocking_sacks_allowed|pff_offense_blocking_snap_counts_block|pff_offense_blocking_snap_counts_ce|pff_offense_blocking_snap_counts_lg|pff_offense_blocking_snap_counts_lt|pff_offense_blocking_snap_counts_offense|pff_offense_blocking_snap_counts_pass_block|pff_offense_blocking_snap_counts_pass_play|pff_offense_blocking_snap_counts_rg|pff_offense_blocking_snap_counts_rt|pff_offense_blocking_snap_counts_run_block|pff_offense_blocking_snap_counts_te,0.003,0.003,,,57.6
420,Joshua Simon,TE,TE,South Carolina; Western Kentucky,ATL,,,,0.015,0.063,0.01,0.025,,0,0.025,0.815,0.857,576,1,missing_pick;missing_age,ras_score|pffx_yprr|pffx_g_off|pff_receiving_concept_base_targets|pff_receiving_concept_declined_penalties|pff_receiving_concept_penalties|pff_receiving_concept_screen_avg_depth_of_target|pff_receiving_concept_screen_avoided_tackles|pff_receiving_concept_screen_caught_percent|pff_receiving_concept_screen_contested_receptions|pff_receiving_concept_screen_contested_targets|pff_receiving_concept_screen_drop_rate|pff_receiving_concept_screen_drops|pff_receiving_concept_screen_epa|pff_receiving_concept_screen_first_downs|pff_receiving_concept_screen_fumbles|pff_receiving_concept_screen_grades_hands_drop|pff_receiving_concept_screen_grades_pass_route|pff_receiving_concept_screen_interceptions|pff_receiving_concept_screen_longest|pff_receiving_concept_screen_pass_block_rate|pff_receiving_concept_screen_pass_blocks|pff_receiving_concept_screen_pass_plays|pff_receiving_concept_screen_positive_epa_percent|pff_receiving_concept_screen_receptions|pff_receiving_concept_screen_route_rate|pff_receiving_concept_screen_routes|pff_receiving_concept_screen_targeted_qb_rating|pff_receiving_concept_screen_targets|pff_receiving_concept_screen_targets_percent|pff_receiving_concept_screen_touchdowns|pff_receiving_concept_screen_yards|pff_receiving_concept_screen_yards_after_catch|pff_receiving_concept_screen_yards_after_catch_per_reception|pff_receiving_concept_screen_yards_per_reception,0.009,0.009,8.77,13.29,68.5
421,Kaimon Rucker,LB,LB,North Carolina,BAL,,,,0.025,0,0,0.025,,0,0.025,0.11,0,0,1,missing_pick;missing_age;missing_ras;too_few_football_features;low_position_feature_completeness,,0.003,0.003,,,
422,Jamon Johnson,LB,LB,Kentucky; Georgia,GB,,,,0.025,0,0,0.025,,0,0.025,0.11,0,0,1,missing_pick;missing_age;missing_ras;too_few_football_features;low_position_feature_completeness,,0.003,0.003,,,
423,Elliott Brown,LB,LB,Virginia,ARI,,,,0.025,0,0,0.025,,0,0.025,0.11,0,0,1,missing_pick;missing_age;missing_ras;too_few_football_features;low_position_feature_completeness,,0.003,0.003,,,
424,Dontae Manning,CB,DB,Oregon,CHI,,,,0.03,-0.057,-0.005,0.025,,0,0.025,0.68,0.333,1,1,missing_pick;missing_age;too_few_football_features,ras_score,0.0,0.0,7.51,,
425,Ethan Downs,LB,LB,Oklahoma,KC,,,,0.025,-0.004,-0,0.025,,0,0.025,0.68,0.667,2,1,missing_pick;missing_age;too_few_football_features,ras_score|pffx_g_off,0.012,0.012,8.74,,57.0
426,Junior Tafuna,DT,DL,Utah,HOU,,,,0.035,-0.118,-0.011,0.024,,0,0.024,0.68,0.333,1,1,missing_pick;missing_age;too_few_football_features,ras_score,0.0,0.0,6.9,,
427,Raheim Sanders,RB,RB,South Carolina; Arkansas,CLE,,,,0.015,0.058,0.009,0.024,,0,0.024,0.815,0.847,583,1,missing_pick;missing_age,ras_score|pffx_yprr|pffx_g_off|pff_receiving_concept_base_targets|pff_receiving_concept_declined_penalties|pff_receiving_concept_penalties|pff_receiving_concept_screen_avg_depth_of_target|pff_receiving_concept_screen_avoided_tackles|pff_receiving_concept_screen_caught_percent|pff_receiving_concept_screen_contested_receptions|pff_receiving_concept_screen_contested_targets|pff_receiving_concept_screen_drop_rate|pff_receiving_concept_screen_drops|pff_receiving_concept_screen_epa|pff_receiving_concept_screen_first_downs|pff_receiving_concept_screen_fumbles|pff_receiving_concept_screen_grades_hands_drop|pff_receiving_concept_screen_grades_pass_route|pff_receiving_concept_screen_interceptions|pff_receiving_concept_screen_longest|pff_receiving_concept_screen_pass_block_rate|pff_receiving_concept_screen_pass_blocks|pff_receiving_concept_screen_pass_plays|pff_receiving_concept_screen_positive_epa_percent|pff_receiving_concept_screen_receptions|pff_receiving_concept_screen_route_rate|pff_receiving_concept_screen_routes|pff_receiving_concept_screen_targeted_qb_rating|pff_receiving_concept_screen_targets|pff_receiving_concept_screen_targets_percent|pff_receiving_concept_screen_touchdowns|pff_receiving_concept_screen_yards|pff_receiving_concept_screen_yards_after_catch|pff_receiving_concept_screen_yards_after_catch_per_reception|pff_receiving_concept_screen_yards_per_reception,0.009,0.009,7.09,20.0,86.5
428,Josh Priebe,G,OL,Michigan; Northwestern,MIA,,,,0.045,-0.13,-0.021,0.024,,0,0.024,0.815,0.5,27,1,missing_pick;missing_age,ras_score|pffx_g_off|pff_offense_blocking_block_percent|pff_offense_blocking_declined_penalties|pff_offense_blocking_grades_offense|pff_offense_blocking_grades_pass_block|pff_offense_blocking_grades_run_block|pff_offense_blocking_hits_allowed|pff_offense_blocking_hurries_allowed|pff_offense_blocking_non_spike_pass_block|pff_offense_blocking_non_spike_pass_block_percentage|pff_offense_blocking_pass_block_percent|pff_offense_blocking_pbe|pff_offense_blocking_penalties|pff_offense_blocking_pressures_allowed|pff_offense_blocking_sacks_allowed|pff_offense_blocking_snap_counts_block|pff_offense_blocking_snap_counts_ce|pff_offense_blocking_snap_counts_lg|pff_offense_blocking_snap_counts_lt|pff_offense_blocking_snap_counts_offense|pff_offense_blocking_snap_counts_pass_block|pff_offense_blocking_snap_counts_pass_play|pff_offense_blocking_snap_counts_rg|pff_offense_blocking_snap_counts_rt|pff_offense_blocking_snap_counts_run_block|pff_offense_blocking_snap_counts_te,0.009,0.009,9.23,,61.4
429,Isas Waxter,DB,DB,Villanova,LAC,,,,0.03,-0.067,-0.006,0.024,,0,0.024,0.68,0.333,1,1,missing_pick;missing_age;too_few_football_features,ras_score,0.0,0.0,7.49,,
430,Nash Jones,G,OL,Texas State-San Marcos,DEN,,,,0.045,-0.132,-0.021,0.024,,0,0.024,0.815,0.519,28,1,missing_pick;missing_age,ras_score|pffx_yprr|pffx_g_off|pff_offense_blocking_block_percent|pff_offense_blocking_declined_penalties|pff_offense_blocking_grades_offense|pff_offense_blocking_grades_pass_block|pff_offense_blocking_grades_run_block|pff_offense_blocking_hits_allowed|pff_offense_blocking_hurries_allowed|pff_offense_blocking_non_spike_pass_block|pff_offense_blocking_non_spike_pass_block_percentage|pff_offense_blocking_pass_block_percent|pff_offense_blocking_pbe|pff_offense_blocking_penalties|pff_offense_blocking_pressures_allowed|pff_offense_blocking_sacks_allowed|pff_offense_blocking_snap_counts_block|pff_offense_blocking_snap_counts_ce|pff_offense_blocking_snap_counts_lg|pff_offense_blocking_snap_counts_lt|pff_offense_blocking_snap_counts_offense|pff_offense_blocking_snap_counts_pass_block|pff_offense_blocking_snap_counts_pass_play|pff_offense_blocking_snap_counts_rg|pff_offense_blocking_snap_counts_rt|pff_offense_blocking_snap_counts_run_block|pff_offense_blocking_snap_counts_te,0.009,0.009,8.75,0.0,69.7
431,Rivaldo Fairweather,TE,TE,Auburn; Florida International,ARI,,,,0.015,0.05,0.008,0.023,,0,0.023,0.815,0.872,586,1,missing_pick;missing_age,ras_score|pffx_yprr|pffx_g_off|pff_receiving_concept_base_targets|pff_receiving_concept_declined_penalties|pff_receiving_concept_penalties|pff_receiving_concept_screen_avg_depth_of_target|pff_receiving_concept_screen_avoided_tackles|pff_receiving_concept_screen_caught_percent|pff_receiving_concept_screen_contested_catch_rate|pff_receiving_concept_screen_contested_receptions|pff_receiving_concept_screen_contested_targets|pff_receiving_concept_screen_drop_rate|pff_receiving_concept_screen_drops|pff_receiving_concept_screen_epa|pff_receiving_concept_screen_first_downs|pff_receiving_concept_screen_fumbles|pff_receiving_concept_screen_grades_hands_drop|pff_receiving_concept_screen_grades_pass_route|pff_receiving_concept_screen_interceptions|pff_receiving_concept_screen_longest|pff_receiving_concept_screen_pass_block_rate|pff_receiving_concept_screen_pass_blocks|pff_receiving_concept_screen_pass_plays|pff_receiving_concept_screen_positive_epa_percent|pff_receiving_concept_screen_receptions|pff_receiving_concept_screen_route_rate|pff_receiving_concept_screen_routes|pff_receiving_concept_screen_targeted_qb_rating|pff_receiving_concept_screen_targets|pff_receiving_concept_screen_targets_percent|pff_receiving_concept_screen_touchdowns|pff_receiving_concept_screen_yards|pff_receiving_concept_screen_yards_after_catch|pff_receiving_concept_screen_yards_after_catch_per_reception,0.0,0.0,5.4,9.23,58.8
432,Ajani Carter,DB,DB,Houston; Utah State,HOU,,,,0.03,-0.08,-0.007,0.023,,0,0.023,0.68,0.667,2,1,missing_pick;missing_age;too_few_football_features,ras_score|pffx_g_off,0.0,0.0,6.71,,60.0
433,Lance Dixon,LB,LB,Toledo,PHI,,,,0.025,-0.025,-0.002,0.023,,0,0.023,0.68,0.333,1,1,missing_pick;missing_age;too_few_football_features,ras_score,0.008,0.008,7.88,,
434,Efton Chism III,WR,WR,Eastern Washington,NE,,,,0.045,-0.25,-0.022,0.023,,0,0.023,0.151,0.003,2,1,missing_pick;missing_age;too_few_football_features;low_position_feature_completeness,ras_score|pffx_g_off,0.0,0.0,5.02,,73.3
435,Layne Pryor,TE,TE,Northern Iowa,HOU,,,,0.015,0.083,0.008,0.022,,0,0.022,0.148,0.001,1,1,missing_pick;missing_age;too_few_football_features;low_position_feature_completeness,ras_score,0.0,0.0,7.43,,
436,Gage Larvadain,WR,WR,South Carolina; Miami (Ohio),CLE,,,,0.045,-0.141,-0.023,0.022,,0,0.022,0.815,0.937,606,1,missing_pick;missing_age,ras_score|pffx_yprr|pffx_g_off|pff_receiving_concept_base_targets|pff_receiving_concept_declined_penalties|pff_receiving_concept_penalties|pff_receiving_concept_screen_avg_depth_of_target|pff_receiving_concept_screen_avoided_tackles|pff_receiving_concept_screen_caught_percent|pff_receiving_concept_screen_contested_receptions|pff_receiving_concept_screen_contested_targets|pff_receiving_concept_screen_drop_rate|pff_receiving_concept_screen_drops|pff_receiving_concept_screen_epa|pff_receiving_concept_screen_first_downs|pff_receiving_concept_screen_fumbles|pff_receiving_concept_screen_grades_hands_drop|pff_receiving_concept_screen_grades_pass_route|pff_receiving_concept_screen_interceptions|pff_receiving_concept_screen_longest|pff_receiving_concept_screen_pass_block_rate|pff_receiving_concept_screen_pass_blocks|pff_receiving_concept_screen_pass_plays|pff_receiving_concept_screen_positive_epa_percent|pff_receiving_concept_screen_receptions|pff_receiving_concept_screen_route_rate|pff_receiving_concept_screen_routes|pff_receiving_concept_screen_targeted_qb_rating|pff_receiving_concept_screen_targets|pff_receiving_concept_screen_targets_percent|pff_receiving_concept_screen_touchdowns|pff_receiving_concept_screen_yards|pff_receiving_concept_screen_yards_after_catch|pff_receiving_concept_screen_yards_after_catch_per_reception|pff_receiving_concept_screen_yards_per_reception,0.003,0.003,5.92,26.33,58.9
437,Trey Wedig,OT,OL,Indiana; Wisconsin,ARI,,,,0.045,-0.142,-0.023,0.022,,0,0.022,0.815,0.5,27,1,missing_pick;missing_age,ras_score|pffx_g_off|pff_offense_blocking_block_percent|pff_offense_blocking_declined_penalties|pff_offense_blocking_grades_offense|pff_offense_blocking_grades_pass_block|pff_offense_blocking_grades_run_block|pff_offense_blocking_hits_allowed|pff_offense_blocking_hurries_allowed|pff_offense_blocking_non_spike_pass_block|pff_offense_blocking_non_spike_pass_block_percentage|pff_offense_blocking_pass_block_percent|pff_offense_blocking_pbe|pff_offense_blocking_penalties|pff_offense_blocking_pressures_allowed|pff_offense_blocking_sacks_allowed|pff_offense_blocking_snap_counts_block|pff_offense_blocking_snap_counts_ce|pff_offense_blocking_snap_counts_lg|pff_offense_blocking_snap_counts_lt|pff_offense_blocking_snap_counts_offense|pff_offense_blocking_snap_counts_pass_block|pff_offense_blocking_snap_counts_pass_play|pff_offense_blocking_snap_counts_rg|pff_offense_blocking_snap_counts_rt|pff_offense_blocking_snap_counts_run_block|pff_offense_blocking_snap_counts_te,0.008,0.008,7.64,,60.9
438,Jalin Conyers,TE,TE,Texas Tech; Arizona State; Oklahoma,MIA,,,,0.015,0.045,0.007,0.022,,0,0.022,0.815,0.878,590,1,missing_pick;missing_age,ras_score|pffx_yprr|pffx_g_off|pff_receiving_concept_base_targets|pff_receiving_concept_declined_penalties|pff_receiving_concept_penalties|pff_receiving_concept_screen_avg_depth_of_target|pff_receiving_concept_screen_avoided_tackles|pff_receiving_concept_screen_caught_percent|pff_receiving_concept_screen_contested_receptions|pff_receiving_concept_screen_contested_targets|pff_receiving_concept_screen_drop_rate|pff_receiving_concept_screen_drops|pff_receiving_concept_screen_epa|pff_receiving_concept_screen_first_downs|pff_receiving_concept_screen_fumbles|pff_receiving_concept_screen_grades_hands_drop|pff_receiving_concept_screen_grades_pass_route|pff_receiving_concept_screen_interceptions|pff_receiving_concept_screen_longest|pff_receiving_concept_screen_pass_block_rate|pff_receiving_concept_screen_pass_blocks|pff_receiving_concept_screen_pass_plays|pff_receiving_concept_screen_positive_epa_percent|pff_receiving_concept_screen_receptions|pff_receiving_concept_screen_route_rate|pff_receiving_concept_screen_routes|pff_receiving_concept_screen_targeted_qb_rating|pff_receiving_concept_screen_targets|pff_receiving_concept_screen_targets_percent|pff_receiving_concept_screen_touchdowns|pff_receiving_concept_screen_yards|pff_receiving_concept_screen_yards_after_catch|pff_receiving_concept_screen_yards_after_catch_per_reception|pff_receiving_concept_screen_yards_per_reception,0.009,0.009,9.28,12.33,89.2
439,Karene Reid,LB,LB,Utah,DEN,,,,0.025,-0.033,-0.003,0.022,,0,0.022,0.645,0.333,1,1,missing_pick;missing_age;missing_ras;too_few_football_features,pffx_g_off,0.012,0.012,,,60.0
440,Savion Washington,OT,OL,Syracuse; Colorado; Kent State,LAC,,,,0.045,-0.146,-0.023,0.022,,0,0.022,0.815,0.5,27,1,missing_pick;missing_age,ras_score|pffx_g_off|pff_offense_blocking_block_percent|pff_offense_blocking_declined_penalties|pff_offense_blocking_grades_offense|pff_offense_blocking_grades_pass_block|pff_offense_blocking_grades_run_block|pff_offense_blocking_hits_allowed|pff_offense_blocking_hurries_allowed|pff_offense_blocking_non_spike_pass_block|pff_offense_blocking_non_spike_pass_block_percentage|pff_offense_blocking_pass_block_percent|pff_offense_blocking_pbe|pff_offense_blocking_penalties|pff_offense_blocking_pressures_allowed|pff_offense_blocking_sacks_allowed|pff_offense_blocking_snap_counts_block|pff_offense_blocking_snap_counts_ce|pff_offense_blocking_snap_counts_lg|pff_offense_blocking_snap_counts_lt|pff_offense_blocking_snap_counts_offense|pff_offense_blocking_snap_counts_pass_block|pff_offense_blocking_snap_counts_pass_play|pff_offense_blocking_snap_counts_rg|pff_offense_blocking_snap_counts_rt|pff_offense_blocking_snap_counts_run_block|pff_offense_blocking_snap_counts_te,0.003,0.003,3.57,,65.4
441,Brandon Johnson,DB,DB,Oregon; Duke,PHI,,,,0.03,-0.097,-0.009,0.021,,0,0.021,0.68,0.667,2,1,missing_pick;missing_age;too_few_football_features,ras_score|pffx_g_off,0.0,0.0,6.58,,60.0
442,Trevian Thomas,SAF,DB,Arkansas State,JAX,,,,0.03,-0.098,-0.009,0.021,,0,0.021,0.68,0.333,1,1,missing_pick;missing_age;too_few_football_features,ras_score,0.0,0.0,7.05,,
443,Gee Scott Jr.,TE,TE,Ohio State,WAS,,,,0.015,0.033,0.005,0.02,,0,0.02,0.815,0.862,579,1,missing_pick;missing_age,ras_score|pffx_yprr|pffx_g_off|pff_receiving_concept_base_targets|pff_receiving_concept_declined_penalties|pff_receiving_concept_penalties|pff_receiving_concept_screen_avg_depth_of_target|pff_receiving_concept_screen_avoided_tackles|pff_receiving_concept_screen_caught_percent|pff_receiving_concept_screen_contested_receptions|pff_receiving_concept_screen_contested_targets|pff_receiving_concept_screen_drop_rate|pff_receiving_concept_screen_drops|pff_receiving_concept_screen_epa|pff_receiving_concept_screen_first_downs|pff_receiving_concept_screen_fumbles|pff_receiving_concept_screen_grades_hands_drop|pff_receiving_concept_screen_grades_pass_route|pff_receiving_concept_screen_interceptions|pff_receiving_concept_screen_longest|pff_receiving_concept_screen_pass_block_rate|pff_receiving_concept_screen_pass_blocks|pff_receiving_concept_screen_pass_plays|pff_receiving_concept_screen_positive_epa_percent|pff_receiving_concept_screen_receptions|pff_receiving_concept_screen_route_rate|pff_receiving_concept_screen_routes|pff_receiving_concept_screen_targeted_qb_rating|pff_receiving_concept_screen_targets|pff_receiving_concept_screen_targets_percent|pff_receiving_concept_screen_touchdowns|pff_receiving_concept_screen_yards|pff_receiving_concept_screen_yards_after_catch|pff_receiving_concept_screen_yards_after_catch_per_reception|pff_receiving_concept_screen_yards_per_reception,0.012,0.012,9.26,30.0,57.8
444,Xavier Truss,G,OL,Georgia,NO,,,,0.045,-0.158,-0.025,0.02,,0,0.02,0.815,0.5,27,1,missing_pick;missing_age,ras_score|pffx_g_off|pff_offense_blocking_block_percent|pff_offense_blocking_declined_penalties|pff_offense_blocking_grades_offense|pff_offense_blocking_grades_pass_block|pff_offense_blocking_grades_run_block|pff_offense_blocking_hits_allowed|pff_offense_blocking_hurries_allowed|pff_offense_blocking_non_spike_pass_block|pff_offense_blocking_non_spike_pass_block_percentage|pff_offense_blocking_pass_block_percent|pff_offense_blocking_pbe|pff_offense_blocking_penalties|pff_offense_blocking_pressures_allowed|pff_offense_blocking_sacks_allowed|pff_offense_blocking_snap_counts_block|pff_offense_blocking_snap_counts_ce|pff_offense_blocking_snap_counts_lg|pff_offense_blocking_snap_counts_lt|pff_offense_blocking_snap_counts_offense|pff_offense_blocking_snap_counts_pass_block|pff_offense_blocking_snap_counts_pass_play|pff_offense_blocking_snap_counts_rg|pff_offense_blocking_snap_counts_rt|pff_offense_blocking_snap_counts_run_block|pff_offense_blocking_snap_counts_te,0.0,0.0,6.99,,62.6
445,Lawrance Toafili,RB,RB,Florida State,NYJ,,,,0.015,0.029,0.005,0.02,,0,0.02,0.815,0.895,616,1,missing_pick;missing_age,ras_score|pffx_yprr|pffx_g_off|pff_receiving_concept_base_targets|pff_receiving_concept_declined_penalties|pff_receiving_concept_penalties|pff_receiving_concept_screen_avg_depth_of_target|pff_receiving_concept_screen_avoided_tackles|pff_receiving_concept_screen_caught_percent|pff_receiving_concept_screen_contested_catch_rate|pff_receiving_concept_screen_contested_receptions|pff_receiving_concept_screen_contested_targets|pff_receiving_concept_screen_drop_rate|pff_receiving_concept_screen_drops|pff_receiving_concept_screen_epa|pff_receiving_concept_screen_first_downs|pff_receiving_concept_screen_fumbles|pff_receiving_concept_screen_grades_hands_drop|pff_receiving_concept_screen_grades_pass_route|pff_receiving_concept_screen_interceptions|pff_receiving_concept_screen_longest|pff_receiving_concept_screen_pass_block_rate|pff_receiving_concept_screen_pass_blocks|pff_receiving_concept_screen_pass_plays|pff_receiving_concept_screen_positive_epa_percent|pff_receiving_concept_screen_receptions|pff_receiving_concept_screen_route_rate|pff_receiving_concept_screen_routes|pff_receiving_concept_screen_targeted_qb_rating|pff_receiving_concept_screen_targets|pff_receiving_concept_screen_targets_percent|pff_receiving_concept_screen_touchdowns|pff_receiving_concept_screen_yards|pff_receiving_concept_screen_yards_after_catch|pff_receiving_concept_screen_yards_after_catch_per_reception,0.0,0.0,4.38,8.87,62.9
446,Austin Keys,LB,LB,Auburn; Mississippi,ARI,,,,0.025,-0.059,-0.005,0.02,,0,0.02,0.68,0.333,1,1,missing_pick;missing_age;too_few_football_features,ras_score,0.008,0.008,7.54,,
447,Keleki Latu,TE,TE,Washington; Nevada,BUF,,,,0.015,0.029,0.005,0.02,,0,0.02,0.815,0.832,559,1,missing_pick;missing_age,ras_score|pffx_yprr|pffx_g_off|pff_receiving_concept_base_targets|pff_receiving_concept_declined_penalties|pff_receiving_concept_penalties|pff_receiving_concept_screen_avg_depth_of_target|pff_receiving_concept_screen_avoided_tackles|pff_receiving_concept_screen_caught_percent|pff_receiving_concept_screen_contested_receptions|pff_receiving_concept_screen_contested_targets|pff_receiving_concept_screen_drop_rate|pff_receiving_concept_screen_drops|pff_receiving_concept_screen_epa|pff_receiving_concept_screen_first_downs|pff_receiving_concept_screen_fumbles|pff_receiving_concept_screen_grades_hands_drop|pff_receiving_concept_screen_grades_pass_route|pff_receiving_concept_screen_interceptions|pff_receiving_concept_screen_longest|pff_receiving_concept_screen_pass_block_rate|pff_receiving_concept_screen_pass_blocks|pff_receiving_concept_screen_pass_plays|pff_receiving_concept_screen_positive_epa_percent|pff_receiving_concept_screen_receptions|pff_receiving_concept_screen_route_rate|pff_receiving_concept_screen_routes|pff_receiving_concept_screen_targeted_qb_rating|pff_receiving_concept_screen_targets|pff_receiving_concept_screen_targets_percent|pff_receiving_concept_screen_touchdowns|pff_receiving_concept_screen_yards|pff_receiving_concept_screen_yards_after_catch|pff_receiving_concept_screen_yards_after_catch_per_reception|pff_receiving_concept_screen_yards_per_reception,0.001,0.001,5.26,18.0,75.0
448,Eric Gregory,DL,DL,Arkansas,NE,,,,0.035,-0.171,-0.015,0.02,,0,0.02,0.68,0.333,1,1,missing_pick;missing_age;too_few_football_features,ras_score,0.0,0.0,6.52,,
449,Bryson Green,WR,WR,Wisconsin; Oklahoma State,ARI,,,,0.045,-0.161,-0.026,0.019,,0,0.019,0.815,0.875,566,1,missing_pick;missing_age,ras_score|pffx_yprr|pffx_g_off|pff_receiving_concept_base_targets|pff_receiving_concept_declined_penalties|pff_receiving_concept_penalties|pff_receiving_concept_screen_avoided_tackles|pff_receiving_concept_screen_contested_receptions|pff_receiving_concept_screen_contested_targets|pff_receiving_concept_screen_drops|pff_receiving_concept_screen_epa|pff_receiving_concept_screen_first_downs|pff_receiving_concept_screen_fumbles|pff_receiving_concept_screen_grades_pass_route|pff_receiving_concept_screen_interceptions|pff_receiving_concept_screen_longest|pff_receiving_concept_screen_pass_block_rate|pff_receiving_concept_screen_pass_blocks|pff_receiving_concept_screen_pass_plays|pff_receiving_concept_screen_positive_epa_percent|pff_receiving_concept_screen_receptions|pff_receiving_concept_screen_route_rate|pff_receiving_concept_screen_routes|pff_receiving_concept_screen_targeted_qb_rating|pff_receiving_concept_screen_targets|pff_receiving_concept_screen_targets_percent|pff_receiving_concept_screen_touchdowns|pff_receiving_concept_screen_yards|pff_receiving_concept_screen_yards_after_catch|pff_receiving_concept_screen_yprr|pff_receiving_concept_slot_avoided_tackles|pff_receiving_concept_slot_contested_receptions|pff_receiving_concept_slot_contested_targets|pff_receiving_concept_slot_drops|pff_receiving_concept_slot_epa,0.002,0.002,9.37,9.83,64.0
450,Jackson Hawes,TE,TE,Georgia Tech,BUF,5.0,173.0,24.0,0.035,-0.059,-0.016,0.019,,0,0.019,0.85,0.784,527,1,,ras_score|pffx_yprr|pffx_g_off|pff_receiving_concept_base_targets|pff_receiving_concept_declined_penalties|pff_receiving_concept_penalties|pff_receiving_concept_screen_avg_depth_of_target|pff_receiving_concept_screen_avoided_tackles|pff_receiving_concept_screen_caught_percent|pff_receiving_concept_screen_contested_receptions|pff_receiving_concept_screen_contested_targets|pff_receiving_concept_screen_drop_rate|pff_receiving_concept_screen_drops|pff_receiving_concept_screen_epa|pff_receiving_concept_screen_first_downs|pff_receiving_concept_screen_fumbles|pff_receiving_concept_screen_grades_hands_drop|pff_receiving_concept_screen_grades_pass_route|pff_receiving_concept_screen_interceptions|pff_receiving_concept_screen_longest|pff_receiving_concept_screen_pass_block_rate|pff_receiving_concept_screen_pass_blocks|pff_receiving_concept_screen_pass_plays|pff_receiving_concept_screen_positive_epa_percent|pff_receiving_concept_screen_receptions|pff_receiving_concept_screen_route_rate|pff_receiving_concept_screen_routes|pff_receiving_concept_screen_targeted_qb_rating|pff_receiving_concept_screen_targets|pff_receiving_concept_screen_targets_percent|pff_receiving_concept_screen_touchdowns|pff_receiving_concept_screen_yards|pff_receiving_concept_screen_yards_after_catch|pff_receiving_concept_screen_yards_after_catch_per_reception|pff_receiving_concept_screen_yards_per_reception,0.106,0.111,7.23,33.0,67.8
451,J.R. Singleton,DT,DL,Iowa State,SEA,,,,0.035,-0.184,-0.017,0.018,,0,0.018,0.68,0.333,1,1,missing_pick;missing_age;too_few_football_features,ras_score,0.0,0.0,6.27,,
452,Bam Martin-Scott,LB,LB,South Carolina; Dodge City CC,CAR,,,,0.025,-0.076,-0.007,0.018,,0,0.018,0.68,0.333,1,1,missing_pick;missing_age;too_few_football_features,ras_score,0.008,0.008,7.5,,
453,Gerad Lichtenhan,OT,OL,Oregon State,BAL,,,,0.045,-0.171,-0.027,0.018,,0,0.018,0.78,0.481,26,1,missing_pick;missing_age;missing_ras,pffx_g_off|pff_offense_blocking_block_percent|pff_offense_blocking_declined_penalties|pff_offense_blocking_grades_offense|pff_offense_blocking_grades_pass_block|pff_offense_blocking_grades_run_block|pff_offense_blocking_hits_allowed|pff_offense_blocking_hurries_allowed|pff_offense_blocking_non_spike_pass_block|pff_offense_blocking_non_spike_pass_block_percentage|pff_offense_blocking_pass_block_percent|pff_offense_blocking_pbe|pff_offense_blocking_penalties|pff_offense_blocking_pressures_allowed|pff_offense_blocking_sacks_allowed|pff_offense_blocking_snap_counts_block|pff_offense_blocking_snap_counts_ce|pff_offense_blocking_snap_counts_lg|pff_offense_blocking_snap_counts_lt|pff_offense_blocking_snap_counts_offense|pff_offense_blocking_snap_counts_pass_block|pff_offense_blocking_snap_counts_pass_play|pff_offense_blocking_snap_counts_rg|pff_offense_blocking_snap_counts_rt|pff_offense_blocking_snap_counts_run_block|pff_offense_blocking_snap_counts_te,0.003,0.003,,,61.6
454,Cam Riley,LB,LB,Florida State; Auburn,TEN,,,,0.025,-0.085,-0.008,0.017,,0,0.017,0.68,0.667,2,1,missing_pick;missing_age;too_few_football_features,ras_score|pffx_g_off,0.012,0.012,7.41,,60.0
455,Luke Lachey,TE,TE,Iowa,HOU,7.0,255.0,24.0,0.035,-0.063,-0.018,0.017,,0,0.017,0.85,0.82,551,1,,ras_score|pffx_yprr|pffx_g_off|pff_receiving_concept_base_targets|pff_receiving_concept_declined_penalties|pff_receiving_concept_penalties|pff_receiving_concept_screen_avoided_tackles|pff_receiving_concept_screen_contested_receptions|pff_receiving_concept_screen_contested_targets|pff_receiving_concept_screen_drops|pff_receiving_concept_screen_epa|pff_receiving_concept_screen_first_downs|pff_receiving_concept_screen_fumbles|pff_receiving_concept_screen_grades_pass_route|pff_receiving_concept_screen_interceptions|pff_receiving_concept_screen_longest|pff_receiving_concept_screen_pass_block_rate|pff_receiving_concept_screen_pass_blocks|pff_receiving_concept_screen_pass_plays|pff_receiving_concept_screen_positive_epa_percent|pff_receiving_concept_screen_receptions|pff_receiving_concept_screen_route_rate|pff_receiving_concept_screen_routes|pff_receiving_concept_screen_targeted_qb_rating|pff_receiving_concept_screen_targets|pff_receiving_concept_screen_targets_percent|pff_receiving_concept_screen_touchdowns|pff_receiving_concept_screen_yards|pff_receiving_concept_screen_yards_after_catch|pff_receiving_concept_screen_yprr|pff_receiving_concept_slot_avg_depth_of_target|pff_receiving_concept_slot_avoided_tackles|pff_receiving_concept_slot_caught_percent|pff_receiving_concept_slot_contested_catch_rate|pff_receiving_concept_slot_contested_receptions,0.0,0.007,7.42,9.63,58.8
456,BJ Green II,DE,DL,Colorado; Arizona State,JAX,,,,0.035,-0.197,-0.018,0.017,,0,0.017,0.68,0.333,1,1,missing_pick;missing_age;too_few_football_features,ras_score,0.0,0.0,6.24,,
457,Anthony Tyus III,RB,RB,Ohio,CAR,,,,0.015,0.013,0.002,0.017,,0,0.017,0.815,0.86,592,1,missing_pick;missing_age,ras_score|pffx_yprr|pffx_g_off|pff_receiving_concept_base_targets|pff_receiving_concept_declined_penalties|pff_receiving_concept_penalties|pff_receiving_concept_screen_avg_depth_of_target|pff_receiving_concept_screen_avoided_tackles|pff_receiving_concept_screen_caught_percent|pff_receiving_concept_screen_contested_receptions|pff_receiving_concept_screen_contested_targets|pff_receiving_concept_screen_drop_rate|pff_receiving_concept_screen_drops|pff_receiving_concept_screen_epa|pff_receiving_concept_screen_first_downs|pff_receiving_concept_screen_fumbles|pff_receiving_concept_screen_grades_hands_drop|pff_receiving_concept_screen_grades_pass_route|pff_receiving_concept_screen_interceptions|pff_receiving_concept_screen_longest|pff_receiving_concept_screen_pass_block_rate|pff_receiving_concept_screen_pass_blocks|pff_receiving_concept_screen_pass_plays|pff_receiving_concept_screen_positive_epa_percent|pff_receiving_concept_screen_receptions|pff_receiving_concept_screen_route_rate|pff_receiving_concept_screen_routes|pff_receiving_concept_screen_targeted_qb_rating|pff_receiving_concept_screen_targets|pff_receiving_concept_screen_targets_percent|pff_receiving_concept_screen_touchdowns|pff_receiving_concept_screen_yards|pff_receiving_concept_screen_yards_after_catch|pff_receiving_concept_screen_yards_after_catch_per_reception|pff_receiving_concept_screen_yards_per_reception,0.0,0.0,7.72,19.0,88.7
458,Kyle Monangai,RB,RB,Rutgers,CHI,7.0,233.0,23.0,0.035,-0.066,-0.018,0.017,,0,0.017,0.85,0.778,535,1,,ras_score|pffx_yprr|pffx_g_off|pff_receiving_concept_base_targets|pff_receiving_concept_declined_penalties|pff_receiving_concept_penalties|pff_receiving_concept_screen_avg_depth_of_target|pff_receiving_concept_screen_avoided_tackles|pff_receiving_concept_screen_caught_percent|pff_receiving_concept_screen_contested_receptions|pff_receiving_concept_screen_contested_targets|pff_receiving_concept_screen_drops|pff_receiving_concept_screen_epa|pff_receiving_concept_screen_first_downs|pff_receiving_concept_screen_fumbles|pff_receiving_concept_screen_grades_pass_route|pff_receiving_concept_screen_interceptions|pff_receiving_concept_screen_longest|pff_receiving_concept_screen_pass_block_rate|pff_receiving_concept_screen_pass_blocks|pff_receiving_concept_screen_pass_plays|pff_receiving_concept_screen_positive_epa_percent|pff_receiving_concept_screen_receptions|pff_receiving_concept_screen_route_rate|pff_receiving_concept_screen_routes|pff_receiving_concept_screen_targeted_qb_rating|pff_receiving_concept_screen_targets|pff_receiving_concept_screen_targets_percent|pff_receiving_concept_screen_touchdowns|pff_receiving_concept_screen_yards|pff_receiving_concept_screen_yards_after_catch|pff_receiving_concept_screen_yprr|pff_receiving_concept_slot_avoided_tackles|pff_receiving_concept_slot_contested_receptions|pff_receiving_concept_slot_contested_targets,0.031,0.16,4.03,5.0,77.3
459,Wyatt Bowles,G,OL,Utah State,LA,,,,0.045,-0.178,-0.029,0.016,,0,0.016,0.815,0.5,27,1,missing_pick;missing_age,ras_score|pffx_g_off|pff_offense_blocking_block_percent|pff_offense_blocking_declined_penalties|pff_offense_blocking_grades_offense|pff_offense_blocking_grades_pass_block|pff_offense_blocking_grades_run_block|pff_offense_blocking_hits_allowed|pff_offense_blocking_hurries_allowed|pff_offense_blocking_non_spike_pass_block|pff_offense_blocking_non_spike_pass_block_percentage|pff_offense_blocking_pass_block_percent|pff_offense_blocking_pbe|pff_offense_blocking_penalties|pff_offense_blocking_pressures_allowed|pff_offense_blocking_sacks_allowed|pff_offense_blocking_snap_counts_block|pff_offense_blocking_snap_counts_ce|pff_offense_blocking_snap_counts_lg|pff_offense_blocking_snap_counts_lt|pff_offense_blocking_snap_counts_offense|pff_offense_blocking_snap_counts_pass_block|pff_offense_blocking_snap_counts_pass_play|pff_offense_blocking_snap_counts_rg|pff_offense_blocking_snap_counts_rt|pff_offense_blocking_snap_counts_run_block|pff_offense_blocking_snap_counts_te,0.012,0.012,8.82,,56.7
460,Josh Williams,RB,RB,LSU,TB,,,,0.015,0.009,0.001,0.016,,0,0.016,0.815,0.827,569,1,missing_pick;missing_age,ras_score|pffx_yprr|pffx_g_off|pff_receiving_concept_base_targets|pff_receiving_concept_declined_penalties|pff_receiving_concept_penalties|pff_receiving_concept_screen_avg_depth_of_target|pff_receiving_concept_screen_avoided_tackles|pff_receiving_concept_screen_caught_percent|pff_receiving_concept_screen_contested_receptions|pff_receiving_concept_screen_contested_targets|pff_receiving_concept_screen_drop_rate|pff_receiving_concept_screen_drops|pff_receiving_concept_screen_epa|pff_receiving_concept_screen_first_downs|pff_receiving_concept_screen_fumbles|pff_receiving_concept_screen_grades_hands_drop|pff_receiving_concept_screen_grades_pass_route|pff_receiving_concept_screen_interceptions|pff_receiving_concept_screen_longest|pff_receiving_concept_screen_pass_block_rate|pff_receiving_concept_screen_pass_blocks|pff_receiving_concept_screen_pass_plays|pff_receiving_concept_screen_positive_epa_percent|pff_receiving_concept_screen_receptions|pff_receiving_concept_screen_route_rate|pff_receiving_concept_screen_routes|pff_receiving_concept_screen_targeted_qb_rating|pff_receiving_concept_screen_targets|pff_receiving_concept_screen_targets_percent|pff_receiving_concept_screen_touchdowns|pff_receiving_concept_screen_yards|pff_receiving_concept_screen_yards_after_catch|pff_receiving_concept_screen_yards_after_catch_per_reception|pff_receiving_concept_screen_yards_per_reception,0.0,0.0,8.11,9.29,85.2
461,Nate Carter,RB,RB,Michigan State; Connecticut,ATL,,,,0.015,0.008,0.001,0.016,,0,0.016,0.78,0.833,573,1,missing_pick;missing_age;missing_ras,pffx_yprr|pffx_g_off|pff_receiving_concept_base_targets|pff_receiving_concept_declined_penalties|pff_receiving_concept_penalties|pff_receiving_concept_screen_avg_depth_of_target|pff_receiving_concept_screen_avoided_tackles|pff_receiving_concept_screen_caught_percent|pff_receiving_concept_screen_contested_receptions|pff_receiving_concept_screen_contested_targets|pff_receiving_concept_screen_drop_rate|pff_receiving_concept_screen_drops|pff_receiving_concept_screen_epa|pff_receiving_concept_screen_first_downs|pff_receiving_concept_screen_fumbles|pff_receiving_concept_screen_grades_hands_drop|pff_receiving_concept_screen_grades_pass_route|pff_receiving_concept_screen_interceptions|pff_receiving_concept_screen_longest|pff_receiving_concept_screen_pass_block_rate|pff_receiving_concept_screen_pass_blocks|pff_receiving_concept_screen_pass_plays|pff_receiving_concept_screen_positive_epa_percent|pff_receiving_concept_screen_receptions|pff_receiving_concept_screen_route_rate|pff_receiving_concept_screen_routes|pff_receiving_concept_screen_targeted_qb_rating|pff_receiving_concept_screen_targets|pff_receiving_concept_screen_targets_percent|pff_receiving_concept_screen_touchdowns|pff_receiving_concept_screen_yards|pff_receiving_concept_screen_yards_after_catch|pff_receiving_concept_screen_yards_after_catch_per_reception|pff_receiving_concept_screen_yards_per_reception|pff_receiving_concept_screen_yprr,0.009,0.009,,10.0,70.1
462,Bryson Nesbit,TE,TE,North Carolina,MIN,,,,0.015,0.007,0.001,0.016,,0,0.016,0.815,0.918,617,1,missing_pick;missing_age,ras_score|pffx_yprr|pffx_g_off|pff_receiving_concept_base_targets|pff_receiving_concept_declined_penalties|pff_receiving_concept_penalties|pff_receiving_concept_screen_avg_depth_of_target|pff_receiving_concept_screen_avoided_tackles|pff_receiving_concept_screen_caught_percent|pff_receiving_concept_screen_contested_receptions|pff_receiving_concept_screen_contested_targets|pff_receiving_concept_screen_drop_rate|pff_receiving_concept_screen_drops|pff_receiving_concept_screen_epa|pff_receiving_concept_screen_first_downs|pff_receiving_concept_screen_fumbles|pff_receiving_concept_screen_grades_hands_drop|pff_receiving_concept_screen_grades_pass_route|pff_receiving_concept_screen_interceptions|pff_receiving_concept_screen_longest|pff_receiving_concept_screen_pass_block_rate|pff_receiving_concept_screen_pass_blocks|pff_receiving_concept_screen_pass_plays|pff_receiving_concept_screen_positive_epa_percent|pff_receiving_concept_screen_receptions|pff_receiving_concept_screen_route_rate|pff_receiving_concept_screen_routes|pff_receiving_concept_screen_targeted_qb_rating|pff_receiving_concept_screen_targets|pff_receiving_concept_screen_targets_percent|pff_receiving_concept_screen_touchdowns|pff_receiving_concept_screen_yards|pff_receiving_concept_screen_yards_after_catch|pff_receiving_concept_screen_yards_after_catch_per_reception|pff_receiving_concept_screen_yards_per_reception,0.0,0.0,3.8,8.33,63.0
463,Caleb Etienne,OL,OL,BYU; Oklahoma State; Butler University,MIN,,,,0.045,-0.181,-0.029,0.016,,0,0.016,0.815,0.5,27,1,missing_pick;missing_age,ras_score|pffx_g_off|pff_offense_blocking_block_percent|pff_offense_blocking_declined_penalties|pff_offense_blocking_grades_offense|pff_offense_blocking_grades_pass_block|pff_offense_blocking_grades_run_block|pff_offense_blocking_hits_allowed|pff_offense_blocking_hurries_allowed|pff_offense_blocking_non_spike_pass_block|pff_offense_blocking_non_spike_pass_block_percentage|pff_offense_blocking_pass_block_percent|pff_offense_blocking_pbe|pff_offense_blocking_penalties|pff_offense_blocking_pressures_allowed|pff_offense_blocking_sacks_allowed|pff_offense_blocking_snap_counts_block|pff_offense_blocking_snap_counts_ce|pff_offense_blocking_snap_counts_lg|pff_offense_blocking_snap_counts_lt|pff_offense_blocking_snap_counts_offense|pff_offense_blocking_snap_counts_pass_block|pff_offense_blocking_snap_counts_pass_play|pff_offense_blocking_snap_counts_rg|pff_offense_blocking_snap_counts_rt|pff_offense_blocking_snap_counts_run_block|pff_offense_blocking_snap_counts_te,0.012,0.012,9.24,,53.6
464,Desmond Watson,DT,DL,Florida,TB,,,,0.035,-0.211,-0.019,0.016,,0,0.016,0.68,0.667,2,1,missing_pick;missing_age;too_few_football_features,ras_score|pffx_g_off,0.012,0.012,1.48,,66.6
465,Nazir Stackhouse,DT,DL,Georgia,GB,,,,0.035,-0.211,-0.019,0.016,,0,0.016,0.68,0.333,1,1,missing_pick;missing_age;too_few_football_features,ras_score,0.0,0.0,6.05,,
466,Nate Valcarcel,SAF,DB,Northern Illinois; South Dakota,LA,,,,0.03,-0.16,-0.014,0.016,,0,0.016,0.68,0.333,1,1,missing_pick;missing_age;too_few_football_features,ras_score,0.0,0.0,6.69,,
467,Jared Bartlett,LB,LB,Cincinnati; West Virginia,CAR,,,,0.025,-0.107,-0.01,0.015,,0,0.015,0.68,0.667,2,1,missing_pick;missing_age;too_few_football_features,ras_score|pffx_g_off,0.012,0.012,7.25,,60.0
468,Robbie Ouzts,TE,TE,Alabama,SEA,5.0,175.0,23.0,0.035,-0.071,-0.02,0.015,,0,0.015,0.85,0.768,516,1,,ras_score|pffx_yprr|pffx_g_off|pff_receiving_concept_base_targets|pff_receiving_concept_declined_penalties|pff_receiving_concept_penalties|pff_receiving_concept_screen_avoided_tackles|pff_receiving_concept_screen_contested_receptions|pff_receiving_concept_screen_contested_targets|pff_receiving_concept_screen_drops|pff_receiving_concept_screen_epa|pff_receiving_concept_screen_first_downs|pff_receiving_concept_screen_fumbles|pff_receiving_concept_screen_grades_pass_route|pff_receiving_concept_screen_interceptions|pff_receiving_concept_screen_longest|pff_receiving_concept_screen_pass_block_rate|pff_receiving_concept_screen_pass_blocks|pff_receiving_concept_screen_pass_plays|pff_receiving_concept_screen_positive_epa_percent|pff_receiving_concept_screen_receptions|pff_receiving_concept_screen_route_rate|pff_receiving_concept_screen_routes|pff_receiving_concept_screen_targeted_qb_rating|pff_receiving_concept_screen_targets|pff_receiving_concept_screen_targets_percent|pff_receiving_concept_screen_touchdowns|pff_receiving_concept_screen_yards|pff_receiving_concept_screen_yards_after_catch|pff_receiving_concept_screen_yprr|pff_receiving_concept_slot_avoided_tackles|pff_receiving_concept_slot_contested_receptions|pff_receiving_concept_slot_contested_targets|pff_receiving_concept_slot_drops|pff_receiving_concept_slot_epa,0.07,0.052,5.33,23.0,60.4
469,Corey Thornton,CB,DB,Louisville,CAR,,,,0.03,-0.166,-0.015,0.015,,0,0.015,0.68,0.667,2,1,missing_pick;missing_age;too_few_football_features,ras_score|pffx_g_off,0.0,0.0,5.28,,60.0
470,Tre Watson,TE,TE,Texas A&M; Fresno State,KC,,,,0.015,-0.005,-0.001,0.014,,0,0.014,0.815,0.85,571,1,missing_pick;missing_age,ras_score|pffx_yprr|pffx_g_off|pff_receiving_concept_base_targets|pff_receiving_concept_declined_penalties|pff_receiving_concept_penalties|pff_receiving_concept_screen_avg_depth_of_target|pff_receiving_concept_screen_avoided_tackles|pff_receiving_concept_screen_caught_percent|pff_receiving_concept_screen_contested_receptions|pff_receiving_concept_screen_contested_targets|pff_receiving_concept_screen_drop_rate|pff_receiving_concept_screen_drops|pff_receiving_concept_screen_epa|pff_receiving_concept_screen_first_downs|pff_receiving_concept_screen_fumbles|pff_receiving_concept_screen_grades_hands_drop|pff_receiving_concept_screen_grades_pass_route|pff_receiving_concept_screen_interceptions|pff_receiving_concept_screen_longest|pff_receiving_concept_screen_pass_block_rate|pff_receiving_concept_screen_pass_blocks|pff_receiving_concept_screen_pass_plays|pff_receiving_concept_screen_positive_epa_percent|pff_receiving_concept_screen_receptions|pff_receiving_concept_screen_route_rate|pff_receiving_concept_screen_routes|pff_receiving_concept_screen_targeted_qb_rating|pff_receiving_concept_screen_targets|pff_receiving_concept_screen_targets_percent|pff_receiving_concept_screen_touchdowns|pff_receiving_concept_screen_yards|pff_receiving_concept_screen_yards_after_catch|pff_receiving_concept_screen_yards_after_catch_per_reception|pff_receiving_concept_screen_yards_per_reception,0.009,0.009,8.45,33.0,56.4
471,Trey Washington,DB,DB,Mississippi,IND,,,,0.03,-0.175,-0.016,0.014,,0,0.014,0.68,0.333,1,1,missing_pick;missing_age;too_few_football_features,ras_score,0.0,0.0,6.58,,
472,Xavier Carlton,DE,DL,California; Utah,CHI,,,,0.035,-0.237,-0.021,0.014,,0,0.014,0.68,0.333,1,1,missing_pick;missing_age;too_few_football_features,ras_score,0.003,0.003,5.63,,
473,Jordan Turner,LB,LB,Michigan State; Wisconsin,DEN,,,,0.025,-0.13,-0.012,0.013,,0,0.013,0.68,0.667,2,1,missing_pick;missing_age;too_few_football_features,ras_score|pffx_g_off,0.012,0.012,7.07,,60.0
474,Josh Kaltenberger,C,OL,Maryland; Purdue,LAC,,,,0.045,-0.199,-0.032,0.013,,0,0.013,0.815,0.5,27,1,missing_pick;missing_age,ras_score|pffx_g_off|pff_offense_blocking_block_percent|pff_offense_blocking_declined_penalties|pff_offense_blocking_grades_offense|pff_offense_blocking_grades_pass_block|pff_offense_blocking_grades_run_block|pff_offense_blocking_hits_allowed|pff_offense_blocking_hurries_allowed|pff_offense_blocking_non_spike_pass_block|pff_offense_blocking_non_spike_pass_block_percentage|pff_offense_blocking_pass_block_percent|pff_offense_blocking_pbe|pff_offense_blocking_penalties|pff_offense_blocking_pressures_allowed|pff_offense_blocking_sacks_allowed|pff_offense_blocking_snap_counts_block|pff_offense_blocking_snap_counts_ce|pff_offense_blocking_snap_counts_lg|pff_offense_blocking_snap_counts_lt|pff_offense_blocking_snap_counts_offense|pff_offense_blocking_snap_counts_pass_block|pff_offense_blocking_snap_counts_pass_play|pff_offense_blocking_snap_counts_rg|pff_offense_blocking_snap_counts_rt|pff_offense_blocking_snap_counts_run_block|pff_offense_blocking_snap_counts_te,0.009,0.009,9.72,,53.5
475,Brock Lampe,RB,RB,Northern Illinois,NE,,,,0.015,-0.013,-0.002,0.013,,0,0.013,0.815,0.811,558,1,missing_pick;missing_age,ras_score|pffx_yprr|pffx_g_off|pff_receiving_concept_base_targets|pff_receiving_concept_declined_penalties|pff_receiving_concept_penalties|pff_receiving_concept_screen_avoided_tackles|pff_receiving_concept_screen_contested_receptions|pff_receiving_concept_screen_contested_targets|pff_receiving_concept_screen_drops|pff_receiving_concept_screen_epa|pff_receiving_concept_screen_first_downs|pff_receiving_concept_screen_fumbles|pff_receiving_concept_screen_grades_pass_route|pff_receiving_concept_screen_interceptions|pff_receiving_concept_screen_longest|pff_receiving_concept_screen_pass_block_rate|pff_receiving_concept_screen_pass_blocks|pff_receiving_concept_screen_pass_plays|pff_receiving_concept_screen_positive_epa_percent|pff_receiving_concept_screen_receptions|pff_receiving_concept_screen_route_rate|pff_receiving_concept_screen_routes|pff_receiving_concept_screen_targeted_qb_rating|pff_receiving_concept_screen_targets|pff_receiving_concept_screen_targets_percent|pff_receiving_concept_screen_touchdowns|pff_receiving_concept_screen_yards|pff_receiving_concept_screen_yards_after_catch|pff_receiving_concept_screen_yprr|pff_receiving_concept_slot_avg_depth_of_target|pff_receiving_concept_slot_avoided_tackles|pff_receiving_concept_slot_caught_percent|pff_receiving_concept_slot_contested_receptions|pff_receiving_concept_slot_contested_targets,0.006,0.006,6.62,21.0,85.6
476,Keondre Jackson,SAF,DB,Illinois State,BAL,,,,0.03,-0.191,-0.017,0.013,,0,0.013,0.68,0.333,1,1,missing_pick;missing_age;too_few_football_features,ras_score,0.0,0.0,6.42,,
477,Jared Penning,G,OL,Northern Iowa,BAL,,,,0.045,-0.368,-0.033,0.012,,0,0.012,0.182,0.019,1,1,missing_pick;missing_age;too_few_football_features;low_position_feature_completeness,ras_score,0.003,0.003,4.58,,
478,Benjamin Chukwuma,OL,OL,Georgia State,TB,,,,0.045,-0.207,-0.033,0.012,,0,0.012,0.78,0.481,26,1,missing_pick;missing_age;missing_ras,pffx_g_off|pff_offense_blocking_block_percent|pff_offense_blocking_declined_penalties|pff_offense_blocking_grades_offense|pff_offense_blocking_grades_pass_block|pff_offense_blocking_grades_run_block|pff_offense_blocking_hits_allowed|pff_offense_blocking_hurries_allowed|pff_offense_blocking_non_spike_pass_block|pff_offense_blocking_non_spike_pass_block_percentage|pff_offense_blocking_pass_block_percent|pff_offense_blocking_pbe|pff_offense_blocking_penalties|pff_offense_blocking_pressures_allowed|pff_offense_blocking_sacks_allowed|pff_offense_blocking_snap_counts_block|pff_offense_blocking_snap_counts_ce|pff_offense_blocking_snap_counts_lg|pff_offense_blocking_snap_counts_lt|pff_offense_blocking_snap_counts_offense|pff_offense_blocking_snap_counts_pass_block|pff_offense_blocking_snap_counts_pass_play|pff_offense_blocking_snap_counts_rg|pff_offense_blocking_snap_counts_rt|pff_offense_blocking_snap_counts_run_block|pff_offense_blocking_snap_counts_te,0.0,0.0,,,53.2
479,Kobee Minor,DB,DB,Memphis,NWE,7.0,257.0,23.0,0.05,-0.425,-0.038,0.012,,0,0.012,0.75,0.333,1,1,too_few_football_features,ras_score|age,0.0,0.007,2.93,,
480,Mark Redman,TE,TE,Louisville; San Diego State,LA,,,,0.015,-0.02,-0.003,0.012,,0,0.012,0.815,0.824,554,1,missing_pick;missing_age,ras_score|pffx_yprr|pffx_g_off|pff_receiving_concept_base_targets|pff_receiving_concept_declined_penalties|pff_receiving_concept_penalties|pff_receiving_concept_screen_avoided_tackles|pff_receiving_concept_screen_contested_receptions|pff_receiving_concept_screen_contested_targets|pff_receiving_concept_screen_drops|pff_receiving_concept_screen_epa|pff_receiving_concept_screen_first_downs|pff_receiving_concept_screen_fumbles|pff_receiving_concept_screen_grades_pass_route|pff_receiving_concept_screen_interceptions|pff_receiving_concept_screen_longest|pff_receiving_concept_screen_pass_block_rate|pff_receiving_concept_screen_pass_blocks|pff_receiving_concept_screen_pass_plays|pff_receiving_concept_screen_positive_epa_percent|pff_receiving_concept_screen_receptions|pff_receiving_concept_screen_route_rate|pff_receiving_concept_screen_routes|pff_receiving_concept_screen_targeted_qb_rating|pff_receiving_concept_screen_targets|pff_receiving_concept_screen_targets_percent|pff_receiving_concept_screen_touchdowns|pff_receiving_concept_screen_yards|pff_receiving_concept_screen_yards_after_catch|pff_receiving_concept_screen_yprr|pff_receiving_concept_slot_avg_depth_of_target|pff_receiving_concept_slot_avoided_tackles|pff_receiving_concept_slot_caught_percent|pff_receiving_concept_slot_contested_catch_rate|pff_receiving_concept_slot_contested_receptions,0.0,0.0,6.78,21.0,57.8
481,Derrick Canteen,SAF,DB,Cincinnati; Virginia Tech,SF,,,,0.03,-0.203,-0.018,0.012,,0,0.012,0.68,0.667,2,1,missing_pick;missing_age;too_few_football_features,ras_score|pffx_g_off,0.0,0.0,4.71,,60.0
482,Dalen Cambre,WR,WR,Louisiana,NYG,,,,0.045,-0.208,-0.033,0.012,,0,0.012,0.815,0.811,525,1,missing_pick;missing_age,ras_score|pffx_yprr|pffx_g_off|pff_receiving_concept_base_targets|pff_receiving_concept_declined_penalties|pff_receiving_concept_penalties|pff_receiving_concept_screen_avg_depth_of_target|pff_receiving_concept_screen_avoided_tackles|pff_receiving_concept_screen_caught_percent|pff_receiving_concept_screen_contested_receptions|pff_receiving_concept_screen_contested_targets|pff_receiving_concept_screen_drop_rate|pff_receiving_concept_screen_drops|pff_receiving_concept_screen_epa|pff_receiving_concept_screen_first_downs|pff_receiving_concept_screen_fumbles|pff_receiving_concept_screen_grades_hands_drop|pff_receiving_concept_screen_grades_pass_route|pff_receiving_concept_screen_interceptions|pff_receiving_concept_screen_longest|pff_receiving_concept_screen_pass_block_rate|pff_receiving_concept_screen_pass_blocks|pff_receiving_concept_screen_pass_plays|pff_receiving_concept_screen_positive_epa_percent|pff_receiving_concept_screen_receptions|pff_receiving_concept_screen_route_rate|pff_receiving_concept_screen_routes|pff_receiving_concept_screen_targeted_qb_rating|pff_receiving_concept_screen_targets|pff_receiving_concept_screen_targets_percent|pff_receiving_concept_screen_touchdowns|pff_receiving_concept_screen_yards|pff_receiving_concept_screen_yards_after_catch|pff_receiving_concept_screen_yards_after_catch_per_reception|pff_receiving_concept_screen_yards_per_reception,0.012,0.012,9.18,13.0,61.6
483,Ulysses Bentley IV,RB,RB,Mississippi; SMU,IND,,,,0.015,-0.023,-0.004,0.011,,0,0.011,0.815,0.811,558,1,missing_pick;missing_age,ras_score|pffx_yprr|pffx_g_off|pff_receiving_concept_base_targets|pff_receiving_concept_declined_penalties|pff_receiving_concept_penalties|pff_receiving_concept_screen_avg_depth_of_target|pff_receiving_concept_screen_avoided_tackles|pff_receiving_concept_screen_caught_percent|pff_receiving_concept_screen_contested_receptions|pff_receiving_concept_screen_contested_targets|pff_receiving_concept_screen_drop_rate|pff_receiving_concept_screen_drops|pff_receiving_concept_screen_epa|pff_receiving_concept_screen_first_downs|pff_receiving_concept_screen_fumbles|pff_receiving_concept_screen_grades_hands_drop|pff_receiving_concept_screen_grades_pass_route|pff_receiving_concept_screen_interceptions|pff_receiving_concept_screen_longest|pff_receiving_concept_screen_pass_block_rate|pff_receiving_concept_screen_pass_blocks|pff_receiving_concept_screen_pass_plays|pff_receiving_concept_screen_positive_epa_percent|pff_receiving_concept_screen_receptions|pff_receiving_concept_screen_route_rate|pff_receiving_concept_screen_routes|pff_receiving_concept_screen_targeted_qb_rating|pff_receiving_concept_screen_targets|pff_receiving_concept_screen_targets_percent|pff_receiving_concept_screen_touchdowns|pff_receiving_concept_screen_yards|pff_receiving_concept_screen_yards_after_catch|pff_receiving_concept_screen_yards_after_catch_per_reception|pff_receiving_concept_screen_yards_per_reception,0.003,0.003,2.86,15.0,82.5
484,TeRah Edwards,DT,DL,Illinois; Northwestern,LAC,,,,0.035,-0.263,-0.024,0.011,,0,0.011,0.68,0.333,1,1,missing_pick;missing_age;too_few_football_features,ras_score,0.003,0.003,5.39,,
485,Easton Mascarenas-Arnold,LB,LB,USC; Oregon State,CLE,,,,0.025,-0.152,-0.014,0.011,,0,0.011,0.68,0.667,2,1,missing_pick;missing_age;too_few_football_features,ras_score|pffx_g_off,0.009,0.009,6.92,,60.0
486,Ethan Robinson,DB,DB,Minnesota; Bucknell,MIA,,,,0.03,-0.211,-0.019,0.011,,0,0.011,0.68,0.333,1,1,missing_pick;missing_age;too_few_football_features,ras_score,0.0,0.0,6.04,,
487,Torricelli Simpkins III,OL,OL,South Carolina; North Carolina Central,NO,,,,0.045,-0.382,-0.034,0.011,,0,0.011,0.182,0.019,1,1,missing_pick;missing_age;too_few_football_features;low_position_feature_completeness,ras_score,0.003,0.003,4.12,,
488,Ja'Quinden Jackson,RB,RB,Arkansas; Utah; Texas,JAX,,,,0.015,-0.027,-0.004,0.011,,0,0.011,0.815,0.783,539,1,missing_pick;missing_age,ras_score|pffx_yprr|pffx_g_off|pff_receiving_concept_base_targets|pff_receiving_concept_declined_penalties|pff_receiving_concept_penalties|pff_receiving_concept_screen_avg_depth_of_target|pff_receiving_concept_screen_avoided_tackles|pff_receiving_concept_screen_caught_percent|pff_receiving_concept_screen_contested_receptions|pff_receiving_concept_screen_contested_targets|pff_receiving_concept_screen_drop_rate|pff_receiving_concept_screen_drops|pff_receiving_concept_screen_epa|pff_receiving_concept_screen_first_downs|pff_receiving_concept_screen_fumbles|pff_receiving_concept_screen_grades_hands_drop|pff_receiving_concept_screen_grades_pass_route|pff_receiving_concept_screen_interceptions|pff_receiving_concept_screen_longest|pff_receiving_concept_screen_pass_block_rate|pff_receiving_concept_screen_pass_blocks|pff_receiving_concept_screen_pass_plays|pff_receiving_concept_screen_positive_epa_percent|pff_receiving_concept_screen_receptions|pff_receiving_concept_screen_route_rate|pff_receiving_concept_screen_routes|pff_receiving_concept_screen_targeted_qb_rating|pff_receiving_concept_screen_targets|pff_receiving_concept_screen_targets_percent|pff_receiving_concept_screen_touchdowns|pff_receiving_concept_screen_yards|pff_receiving_concept_screen_yards_after_catch|pff_receiving_concept_screen_yards_after_catch_per_reception|pff_receiving_concept_screen_yards_per_reception,0.003,0.003,4.89,10.5,87.0
489,Josh Fuga,DT,DL,Virginia Tech,LAC,,,,0.035,-0.276,-0.025,0.01,,0,0.01,0.68,0.333,1,1,missing_pick;missing_age;too_few_football_features,ras_score,0.003,0.003,5.05,,
490,CJ Dippre,TE,TE,Alabama; Maryland,NE,,,,0.015,-0.032,-0.005,0.01,,0,0.01,0.815,0.83,558,1,missing_pick;missing_age,ras_score|pffx_yprr|pffx_g_off|pff_receiving_concept_base_targets|pff_receiving_concept_declined_penalties|pff_receiving_concept_penalties|pff_receiving_concept_screen_avg_depth_of_target|pff_receiving_concept_screen_avoided_tackles|pff_receiving_concept_screen_caught_percent|pff_receiving_concept_screen_contested_receptions|pff_receiving_concept_screen_contested_targets|pff_receiving_concept_screen_drop_rate|pff_receiving_concept_screen_drops|pff_receiving_concept_screen_epa|pff_receiving_concept_screen_first_downs|pff_receiving_concept_screen_fumbles|pff_receiving_concept_screen_grades_hands_drop|pff_receiving_concept_screen_grades_pass_route|pff_receiving_concept_screen_interceptions|pff_receiving_concept_screen_longest|pff_receiving_concept_screen_pass_block_rate|pff_receiving_concept_screen_pass_blocks|pff_receiving_concept_screen_pass_plays|pff_receiving_concept_screen_positive_epa_percent|pff_receiving_concept_screen_receptions|pff_receiving_concept_screen_route_rate|pff_receiving_concept_screen_routes|pff_receiving_concept_screen_targeted_qb_rating|pff_receiving_concept_screen_targets|pff_receiving_concept_screen_targets_percent|pff_receiving_concept_screen_touchdowns|pff_receiving_concept_screen_yards|pff_receiving_concept_screen_yards_after_catch|pff_receiving_concept_screen_yards_after_catch_per_reception|pff_receiving_concept_screen_yards_per_reception,0.0,0.0,8.71,16.83,60.6
491,Corey Kiner,RB,RB,Cincinnati; LSU,ARI,,,,0.015,-0.033,-0.005,0.01,,0,0.01,0.815,0.814,560,1,missing_pick;missing_age,ras_score|pffx_yprr|pffx_g_off|pff_receiving_concept_base_targets|pff_receiving_concept_declined_penalties|pff_receiving_concept_penalties|pff_receiving_concept_screen_avg_depth_of_target|pff_receiving_concept_screen_avoided_tackles|pff_receiving_concept_screen_caught_percent|pff_receiving_concept_screen_contested_receptions|pff_receiving_concept_screen_contested_targets|pff_receiving_concept_screen_drop_rate|pff_receiving_concept_screen_drops|pff_receiving_concept_screen_epa|pff_receiving_concept_screen_first_downs|pff_receiving_concept_screen_fumbles|pff_receiving_concept_screen_grades_hands_drop|pff_receiving_concept_screen_grades_pass_route|pff_receiving_concept_screen_interceptions|pff_receiving_concept_screen_longest|pff_receiving_concept_screen_pass_block_rate|pff_receiving_concept_screen_pass_blocks|pff_receiving_concept_screen_pass_plays|pff_receiving_concept_screen_positive_epa_percent|pff_receiving_concept_screen_receptions|pff_receiving_concept_screen_route_rate|pff_receiving_concept_screen_routes|pff_receiving_concept_screen_targeted_qb_rating|pff_receiving_concept_screen_targets|pff_receiving_concept_screen_targets_percent|pff_receiving_concept_screen_touchdowns|pff_receiving_concept_screen_yards|pff_receiving_concept_screen_yards_after_catch|pff_receiving_concept_screen_yards_after_catch_per_reception|pff_receiving_concept_screen_yards_per_reception,0.0,0.0,3.95,10.0,84.9
492,Sal Cannella,TE,TE,Auburn,CLE,,,,0.015,-0.036,-0.006,0.009,,0,0.009,0.78,0.902,606,1,missing_pick;missing_age;missing_ras,pffx_yprr|pffx_g_off|pff_offense_blocking_block_percent|pff_offense_blocking_declined_penalties|pff_offense_blocking_grades_offense|pff_offense_blocking_grades_pass_block|pff_offense_blocking_grades_run_block|pff_offense_blocking_hits_allowed|pff_offense_blocking_hurries_allowed|pff_offense_blocking_non_spike_pass_block|pff_offense_blocking_non_spike_pass_block_percentage|pff_offense_blocking_pass_block_percent|pff_offense_blocking_pbe|pff_offense_blocking_penalties|pff_offense_blocking_pressures_allowed|pff_offense_blocking_sacks_allowed|pff_offense_blocking_snap_counts_block|pff_offense_blocking_snap_counts_ce|pff_offense_blocking_snap_counts_lg|pff_offense_blocking_snap_counts_lt|pff_offense_blocking_snap_counts_offense|pff_offense_blocking_snap_counts_pass_block|pff_offense_blocking_snap_counts_pass_play|pff_offense_blocking_snap_counts_rg|pff_offense_blocking_snap_counts_rt|pff_offense_blocking_snap_counts_run_block|pff_offense_blocking_snap_counts_te|pff_receiving_concept_base_targets|pff_receiving_concept_declined_penalties|pff_receiving_concept_penalties|pff_receiving_concept_screen_avoided_tackles|pff_receiving_concept_screen_contested_receptions|pff_receiving_concept_screen_contested_targets|pff_receiving_concept_screen_drops|pff_receiving_concept_screen_epa,0.009,0.009,,11.33,52.8
493,Myles Purchase,CB,DB,Iowa State,NYG,,,,0.03,-0.232,-0.021,0.009,,0,0.009,0.68,0.333,1,1,missing_pick;missing_age;too_few_football_features,ras_score,0.003,0.003,5.87,,
494,Wy'Kevious Thomas,DT,DL,South Alabama,SEA,,,,0.035,-0.289,-0.026,0.009,,0,0.009,0.68,0.333,1,1,missing_pick;missing_age;too_few_football_features,ras_score,0.003,0.003,5.03,,
495,Michael Tarquin,OT,OL,Oklahoma; USC; Florida,CAR,,,,0.045,-0.229,-0.037,0.008,,0,0.008,0.78,0.481,26,1,missing_pick;missing_age;missing_ras,pffx_g_off|pff_offense_blocking_block_percent|pff_offense_blocking_declined_penalties|pff_offense_blocking_grades_offense|pff_offense_blocking_grades_pass_block|pff_offense_blocking_grades_run_block|pff_offense_blocking_hits_allowed|pff_offense_blocking_hurries_allowed|pff_offense_blocking_non_spike_pass_block|pff_offense_blocking_non_spike_pass_block_percentage|pff_offense_blocking_pass_block_percent|pff_offense_blocking_pbe|pff_offense_blocking_penalties|pff_offense_blocking_pressures_allowed|pff_offense_blocking_sacks_allowed|pff_offense_blocking_snap_counts_block|pff_offense_blocking_snap_counts_ce|pff_offense_blocking_snap_counts_lg|pff_offense_blocking_snap_counts_lt|pff_offense_blocking_snap_counts_offense|pff_offense_blocking_snap_counts_pass_block|pff_offense_blocking_snap_counts_pass_play|pff_offense_blocking_snap_counts_rg|pff_offense_blocking_snap_counts_rt|pff_offense_blocking_snap_counts_run_block|pff_offense_blocking_snap_counts_te,0.003,0.003,,,62.8
496,Brandon Crossley,CB,DB,SMU; Colorado State,NE,,,,0.03,-0.245,-0.022,0.008,,0,0.008,0.68,0.667,2,1,missing_pick;missing_age;too_few_football_features,ras_score|pffx_g_off,0.0,0.0,3.83,,60.0
497,Paschal Ekeji,DE,DL,,NYJ,,,,0.035,-0.303,-0.027,0.008,,0,0.008,0.68,0.333,1,1,missing_pick;missing_age;too_few_football_features,ras_score,0.003,0.003,4.9,,
498,Marlowe Wax,LB,LB,Syracuse,LAC,,,,0.025,-0.195,-0.018,0.007,,0,0.007,0.68,0.333,1,1,missing_pick;missing_age;too_few_football_features,ras_score,0.008,0.008,7.03,,
499,Eric Rogers,CB,DB,Rutgers,LAC,,,,0.03,-0.253,-0.023,0.007,,0,0.007,0.68,0.333,1,1,missing_pick;missing_age;too_few_football_features,ras_score,0.003,0.003,5.7,,
500,Zach Horton,TE,TE,Indiana; James Madison,DET,,,,0.015,-0.049,-0.008,0.007,,0,0.007,0.815,0.81,544,1,missing_pick;missing_age,ras_score|pffx_yprr|pffx_g_off|pff_receiving_concept_base_targets|pff_receiving_concept_declined_penalties|pff_receiving_concept_penalties|pff_receiving_concept_screen_avg_depth_of_target|pff_receiving_concept_screen_avoided_tackles|pff_receiving_concept_screen_caught_percent|pff_receiving_concept_screen_contested_receptions|pff_receiving_concept_screen_contested_targets|pff_receiving_concept_screen_drop_rate|pff_receiving_concept_screen_drops|pff_receiving_concept_screen_epa|pff_receiving_concept_screen_first_downs|pff_receiving_concept_screen_fumbles|pff_receiving_concept_screen_grades_hands_drop|pff_receiving_concept_screen_grades_pass_route|pff_receiving_concept_screen_interceptions|pff_receiving_concept_screen_longest|pff_receiving_concept_screen_pass_block_rate|pff_receiving_concept_screen_pass_blocks|pff_receiving_concept_screen_pass_plays|pff_receiving_concept_screen_positive_epa_percent|pff_receiving_concept_screen_receptions|pff_receiving_concept_screen_route_rate|pff_receiving_concept_screen_routes|pff_receiving_concept_screen_targeted_qb_rating|pff_receiving_concept_screen_targets|pff_receiving_concept_screen_targets_percent|pff_receiving_concept_screen_touchdowns|pff_receiving_concept_screen_yards|pff_receiving_concept_screen_yards_after_catch|pff_receiving_concept_screen_yards_after_catch_per_reception|pff_receiving_concept_screen_yards_per_reception,0.012,0.012,1.73,12.25,58.6
501,Thomas Gordon,TE,TE,Northwestern,DET,,,,0.015,-0.049,-0.008,0.007,,0,0.007,0.815,0.857,576,1,missing_pick;missing_age,ras_score|pffx_yprr|pffx_g_off|pff_receiving_concept_base_targets|pff_receiving_concept_declined_penalties|pff_receiving_concept_penalties|pff_receiving_concept_screen_avg_depth_of_target|pff_receiving_concept_screen_avoided_tackles|pff_receiving_concept_screen_caught_percent|pff_receiving_concept_screen_contested_receptions|pff_receiving_concept_screen_contested_targets|pff_receiving_concept_screen_drop_rate|pff_receiving_concept_screen_drops|pff_receiving_concept_screen_epa|pff_receiving_concept_screen_first_downs|pff_receiving_concept_screen_fumbles|pff_receiving_concept_screen_grades_hands_drop|pff_receiving_concept_screen_grades_pass_route|pff_receiving_concept_screen_interceptions|pff_receiving_concept_screen_longest|pff_receiving_concept_screen_pass_block_rate|pff_receiving_concept_screen_pass_blocks|pff_receiving_concept_screen_pass_plays|pff_receiving_concept_screen_positive_epa_percent|pff_receiving_concept_screen_receptions|pff_receiving_concept_screen_route_rate|pff_receiving_concept_screen_routes|pff_receiving_concept_screen_targeted_qb_rating|pff_receiving_concept_screen_targets|pff_receiving_concept_screen_targets_percent|pff_receiving_concept_screen_touchdowns|pff_receiving_concept_screen_yards|pff_receiving_concept_screen_yards_after_catch|pff_receiving_concept_screen_yards_after_catch_per_reception|pff_receiving_concept_screen_yards_per_reception,0.008,0.008,3.41,23.5,48.9
502,Ben Yurosek,TE,TE,Georgia; Stanford,MIN,,,,0.015,-0.05,-0.008,0.007,,0,0.007,0.815,0.836,562,1,missing_pick;missing_age,ras_score|pffx_yprr|pffx_g_off|pff_receiving_concept_base_targets|pff_receiving_concept_declined_penalties|pff_receiving_concept_penalties|pff_receiving_concept_screen_avg_depth_of_target|pff_receiving_concept_screen_avoided_tackles|pff_receiving_concept_screen_caught_percent|pff_receiving_concept_screen_contested_receptions|pff_receiving_concept_screen_contested_targets|pff_receiving_concept_screen_drop_rate|pff_receiving_concept_screen_drops|pff_receiving_concept_screen_epa|pff_receiving_concept_screen_first_downs|pff_receiving_concept_screen_fumbles|pff_receiving_concept_screen_grades_hands_drop|pff_receiving_concept_screen_grades_pass_route|pff_receiving_concept_screen_interceptions|pff_receiving_concept_screen_longest|pff_receiving_concept_screen_pass_block_rate|pff_receiving_concept_screen_pass_blocks|pff_receiving_concept_screen_pass_plays|pff_receiving_concept_screen_positive_epa_percent|pff_receiving_concept_screen_receptions|pff_receiving_concept_screen_route_rate|pff_receiving_concept_screen_routes|pff_receiving_concept_screen_targeted_qb_rating|pff_receiving_concept_screen_targets|pff_receiving_concept_screen_targets_percent|pff_receiving_concept_screen_touchdowns|pff_receiving_concept_screen_yards|pff_receiving_concept_screen_yards_after_catch|pff_receiving_concept_screen_yards_after_catch_per_reception|pff_receiving_concept_screen_yards_per_reception,0.0,0.0,8.02,14.5,60.6
503,Ricky Barber,DT,DL,UCF; Western Kentucky,WAS,,,,0.035,-0.316,-0.028,0.007,,0,0.007,0.68,0.333,1,1,missing_pick;missing_age;too_few_football_features,ras_score,0.003,0.003,4.85,,
504,Jamil Muhammad,LB,LB,USC; Georgia State; Vanderbilt,CAR,,,,0.025,-0.209,-0.019,0.006,,0,0.006,0.68,0.667,2,1,missing_pick;missing_age;too_few_football_features,ras_score|pffx_g_off,0.004,0.004,5.83,,60.0
505,Montorie Foster Jr,WR,WR,Michigan State,SEA,,,,0.045,-0.433,-0.039,0.006,,0,0.006,0.148,0.002,1,1,missing_pick;missing_age;too_few_football_features;low_position_feature_completeness,ras_score,0.003,0.003,3.93,,
506,Donovan Edwards,RB,RB,Michigan,MIA,,,,0.015,-0.056,-0.009,0.006,,0,0.006,0.815,0.797,548,1,missing_pick;missing_age,ras_score|pffx_yprr|pffx_g_off|pff_receiving_concept_base_targets|pff_receiving_concept_declined_penalties|pff_receiving_concept_penalties|pff_receiving_concept_screen_avg_depth_of_target|pff_receiving_concept_screen_avoided_tackles|pff_receiving_concept_screen_caught_percent|pff_receiving_concept_screen_contested_receptions|pff_receiving_concept_screen_contested_targets|pff_receiving_concept_screen_drop_rate|pff_receiving_concept_screen_drops|pff_receiving_concept_screen_epa|pff_receiving_concept_screen_first_downs|pff_receiving_concept_screen_fumbles|pff_receiving_concept_screen_grades_hands_drop|pff_receiving_concept_screen_grades_pass_route|pff_receiving_concept_screen_interceptions|pff_receiving_concept_screen_longest|pff_receiving_concept_screen_pass_block_rate|pff_receiving_concept_screen_pass_blocks|pff_receiving_concept_screen_pass_plays|pff_receiving_concept_screen_positive_epa_percent|pff_receiving_concept_screen_receptions|pff_receiving_concept_screen_route_rate|pff_receiving_concept_screen_routes|pff_receiving_concept_screen_targeted_qb_rating|pff_receiving_concept_screen_targets|pff_receiving_concept_screen_targets_percent|pff_receiving_concept_screen_touchdowns|pff_receiving_concept_screen_yards|pff_receiving_concept_screen_yards_after_catch|pff_receiving_concept_screen_yards_after_catch_per_reception|pff_receiving_concept_screen_yards_per_reception,0.001,0.001,9.78,7.0,84.5
507,Easton Kilty,OL,OL,Kansas State; North Dakota,NO,,,,0.045,-0.434,-0.039,0.006,,0,0.006,0.182,0.019,1,1,missing_pick;missing_age;too_few_football_features;low_position_feature_completeness,ras_score,0.003,0.003,3.07,,
508,Keith Cooper Jr.,DE,DL,Houston; Tulane,MIA,,,,0.035,-0.325,-0.029,0.006,,0,0.006,0.68,0.667,2,1,missing_pick;missing_age;too_few_football_features,ras_score|pffx_g_off,0.0,0.0,3.3,,60.0
509,Andres Borregales,K,ST,Miami (FL),NWE,6.0,182.0,22.0,0.01,-0.048,-0.004,0.006,,0,0.006,0.715,0.333,1,1,missing_ras;too_few_football_features,pffx_g_off|age,0.076,0.091,,,60.0
510,Tysheem Johnson,SAF,DB,Oregon; Mississippi,ATL,,,,0.03,-0.272,-0.024,0.006,,0,0.006,0.68,0.667,2,1,missing_pick;missing_age;too_few_football_features,ras_score|pffx_g_off,0.0,0.0,3.09,,60.0
511,Mason Richman,OL,OL,Iowa,SEA,7.0,234.0,23.0,0.065,-0.248,-0.069,0.005,,0,0.005,0.85,0.5,27,1,,ras_score|pffx_g_off|pff_offense_blocking_block_percent|pff_offense_blocking_declined_penalties|pff_offense_blocking_grades_offense|pff_offense_blocking_grades_pass_block|pff_offense_blocking_grades_run_block|pff_offense_blocking_hits_allowed|pff_offense_blocking_hurries_allowed|pff_offense_blocking_non_spike_pass_block|pff_offense_blocking_non_spike_pass_block_percentage|pff_offense_blocking_pass_block_percent|pff_offense_blocking_pbe|pff_offense_blocking_penalties|pff_offense_blocking_pressures_allowed|pff_offense_blocking_sacks_allowed|pff_offense_blocking_snap_counts_block|pff_offense_blocking_snap_counts_ce|pff_offense_blocking_snap_counts_lg|pff_offense_blocking_snap_counts_lt|pff_offense_blocking_snap_counts_offense|pff_offense_blocking_snap_counts_pass_block|pff_offense_blocking_snap_counts_pass_play|pff_offense_blocking_snap_counts_rg|pff_offense_blocking_snap_counts_rt|pff_offense_blocking_snap_counts_run_block|pff_offense_blocking_snap_counts_te|age,0.082,0.06,6.42,,44.9
512,Esa Pole,OL,OL,Washington State; Chabot College,KC,,,,0.045,-0.283,-0.045,0.005,,0,0.005,0.815,0.5,27,1,missing_pick;missing_age,ras_score|pffx_g_off|pff_offense_blocking_block_percent|pff_offense_blocking_declined_penalties|pff_offense_blocking_grades_offense|pff_offense_blocking_grades_pass_block|pff_offense_blocking_grades_run_block|pff_offense_blocking_hits_allowed|pff_offense_blocking_hurries_allowed|pff_offense_blocking_non_spike_pass_block|pff_offense_blocking_non_spike_pass_block_percentage|pff_offense_blocking_pass_block_percent|pff_offense_blocking_pbe|pff_offense_blocking_penalties|pff_offense_blocking_pressures_allowed|pff_offense_blocking_sacks_allowed|pff_offense_blocking_snap_counts_block|pff_offense_blocking_snap_counts_ce|pff_offense_blocking_snap_counts_lg|pff_offense_blocking_snap_counts_lt|pff_offense_blocking_snap_counts_offense|pff_offense_blocking_snap_counts_pass_block|pff_offense_blocking_snap_counts_pass_play|pff_offense_blocking_snap_counts_rg|pff_offense_blocking_snap_counts_rt|pff_offense_blocking_snap_counts_run_block|pff_offense_blocking_snap_counts_te,0.008,0.008,7.33,,48.5
513,Garrett Greene,WR,WR,West Virginia,TB,,,,0.045,-0.254,-0.041,0.005,,0,0.005,0.154,0.005,3,1,missing_pick;missing_age;thin_football_features;low_position_feature_completeness,ras_score|pffx_yprr|pffx_g_off,0.003,0.003,7.75,0.0,83.7
514,Jacory Croskey-Merritt,RB,RB,Arizona,WAS,7.0,245.0,24.0,0.035,-0.148,-0.041,0.005,,0,0.005,0.85,0.679,467,1,,ras_score|pffx_yprr|pffx_g_off|pff_receiving_concept_base_targets|pff_receiving_concept_declined_penalties|pff_receiving_concept_penalties|pff_receiving_concept_screen_avoided_tackles|pff_receiving_concept_screen_contested_receptions|pff_receiving_concept_screen_contested_targets|pff_receiving_concept_screen_drops|pff_receiving_concept_screen_epa|pff_receiving_concept_screen_first_downs|pff_receiving_concept_screen_fumbles|pff_receiving_concept_screen_grades_pass_route|pff_receiving_concept_screen_interceptions|pff_receiving_concept_screen_longest|pff_receiving_concept_screen_pass_block_rate|pff_receiving_concept_screen_pass_blocks|pff_receiving_concept_screen_pass_plays|pff_receiving_concept_screen_positive_epa_percent|pff_receiving_concept_screen_receptions|pff_receiving_concept_screen_route_rate|pff_receiving_concept_screen_routes|pff_receiving_concept_screen_targeted_qb_rating|pff_receiving_concept_screen_targets|pff_receiving_concept_screen_targets_percent|pff_receiving_concept_screen_touchdowns|pff_receiving_concept_screen_yards|pff_receiving_concept_screen_yards_after_catch|pff_receiving_concept_screen_yprr|pff_receiving_concept_slot_avoided_tackles|pff_receiving_concept_slot_contested_receptions|pff_receiving_concept_slot_contested_targets|pff_receiving_concept_slot_drops|pff_receiving_concept_slot_epa,0.031,0.16,8.29,0.0,88.9
515,Kalel Mullings,RB,RB,Michigan,TEN,6.0,188.0,22.0,0.035,-0.117,-0.033,0.005,,0,0.005,0.85,0.804,553,1,missing_ras,pffx_yprr|pffx_g_off|pff_receiving_concept_base_targets|pff_receiving_concept_declined_penalties|pff_receiving_concept_penalties|pff_receiving_concept_screen_avg_depth_of_target|pff_receiving_concept_screen_avoided_tackles|pff_receiving_concept_screen_caught_percent|pff_receiving_concept_screen_contested_receptions|pff_receiving_concept_screen_contested_targets|pff_receiving_concept_screen_drop_rate|pff_receiving_concept_screen_drops|pff_receiving_concept_screen_epa|pff_receiving_concept_screen_first_downs|pff_receiving_concept_screen_fumbles|pff_receiving_concept_screen_grades_hands_drop|pff_receiving_concept_screen_grades_pass_route|pff_receiving_concept_screen_interceptions|pff_receiving_concept_screen_longest|pff_receiving_concept_screen_pass_block_rate|pff_receiving_concept_screen_pass_blocks|pff_receiving_concept_screen_pass_plays|pff_receiving_concept_screen_positive_epa_percent|pff_receiving_concept_screen_receptions|pff_receiving_concept_screen_route_rate|pff_receiving_concept_screen_routes|pff_receiving_concept_screen_targeted_qb_rating|pff_receiving_concept_screen_targets|pff_receiving_concept_screen_targets_percent|pff_receiving_concept_screen_touchdowns|pff_receiving_concept_screen_yards|pff_receiving_concept_screen_yards_after_catch|pff_receiving_concept_screen_yards_after_catch_per_reception|pff_receiving_concept_screen_yards_per_reception|pff_receiving_concept_screen_yprr,0.045,0.036,,5.5,87.3
516,Caleb Lohner,TE,TE,Utah,DEN,7.0,241.0,24.0,0.035,-0.116,-0.032,0.005,,0,0.005,0.85,0.768,516,1,,ras_score|pffx_yprr|pffx_g_off|pff_receiving_concept_base_targets|pff_receiving_concept_declined_penalties|pff_receiving_concept_penalties|pff_receiving_concept_screen_avoided_tackles|pff_receiving_concept_screen_contested_receptions|pff_receiving_concept_screen_contested_targets|pff_receiving_concept_screen_drops|pff_receiving_concept_screen_epa|pff_receiving_concept_screen_first_downs|pff_receiving_concept_screen_fumbles|pff_receiving_concept_screen_grades_pass_route|pff_receiving_concept_screen_interceptions|pff_receiving_concept_screen_longest|pff_receiving_concept_screen_pass_block_rate|pff_receiving_concept_screen_pass_blocks|pff_receiving_concept_screen_pass_plays|pff_receiving_concept_screen_positive_epa_percent|pff_receiving_concept_screen_receptions|pff_receiving_concept_screen_route_rate|pff_receiving_concept_screen_routes|pff_receiving_concept_screen_targeted_qb_rating|pff_receiving_concept_screen_targets|pff_receiving_concept_screen_targets_percent|pff_receiving_concept_screen_touchdowns|pff_receiving_concept_screen_yards|pff_receiving_concept_screen_yards_after_catch|pff_receiving_concept_screen_yprr|pff_receiving_concept_slot_avg_depth_of_target|pff_receiving_concept_slot_avoided_tackles|pff_receiving_concept_slot_caught_percent|pff_receiving_concept_slot_contested_receptions|pff_receiving_concept_slot_contested_targets,0.009,0.013,8.83,10.33,72.3
517,Laki Tasi,DT,DL,,LV,,,,0.035,-0.487,-0.044,0.005,,0,0.005,0.68,0.333,1,1,missing_pick;missing_age;too_few_football_features,ras_score,0.012,0.012,1.29,,
518,Jayson Jones,DT,DL,Auburn; Oregon,TB,,,,0.035,-0.447,-0.04,0.005,,0,0.005,0.68,0.333,1,1,missing_pick;missing_age;too_few_football_features,ras_score,0.012,0.012,1.58,,
519,Bill Norton,DE,DL,Texas; Arizona; Georgia,LA,,,,0.035,-0.351,-0.032,0.005,,0,0.005,0.68,0.667,2,1,missing_pick;missing_age;too_few_football_features,ras_score|pffx_g_off,0.006,0.006,1.37,,60.0
520,Elijah Simmons,DL,DL,Tennessee,TB,,,,0.035,-0.421,-0.038,0.005,,0,0.005,0.68,0.333,1,1,missing_pick;missing_age;too_few_football_features,ras_score,0.004,0.004,3.47,,
521,Howard Cross III,DT,DL,Notre Dame,CIN,,,,0.035,-0.342,-0.031,0.005,,0,0.005,0.68,0.333,1,1,missing_pick;missing_age;too_few_football_features,ras_score,0.003,0.003,4.69,,
522,Jabbar Muhammad,CB,DB,Oregon; Washington; Oklahoma State,JAX,,,,0.03,-0.407,-0.037,0.005,,0,0.005,0.68,0.333,1,1,missing_pick;missing_age;too_few_football_features,ras_score,0.006,0.006,3.8,,
523,Nikko Reed,DB,DB,Oregon; Colorado,LAC,,,,0.03,-0.418,-0.038,0.005,,0,0.005,0.68,0.333,1,1,missing_pick;missing_age;too_few_football_features,ras_score,0.004,0.004,3.33,,
524,Bralyn Lux,DB,DB,Texas Tech,CIN,,,,0.03,-0.278,-0.025,0.005,,0,0.005,0.68,0.333,1,1,missing_pick;missing_age;too_few_football_features,ras_score,0.003,0.003,5.28,,
525,Jordan Oladokun,CB,DB,Bowling Green; Samford,LAC,,,,0.03,-0.469,-0.042,0.005,,0,0.005,0.68,0.333,1,1,missing_pick;missing_age;too_few_football_features,ras_score,0.003,0.003,2.12,,
526,Greedy Vance,CB,DB,USC; Florida State; Louisville,LV,,,,0.03,-0.376,-0.034,0.005,,0,0.005,0.68,0.333,1,1,missing_pick;missing_age;too_few_football_features,ras_score,0.003,0.003,4.11,,
527,Tyron Herring,DB,DB,Delaware; Dartmouth,GB,,,,0.03,-0.366,-0.033,0.005,,0,0.005,0.68,0.333,1,1,missing_pick;missing_age;too_few_football_features,ras_score,0.003,0.003,4.28,,
528,Clarence Lewis,DB,DB,Syracuse; Notre Dame,MIA,,,,0.03,-0.345,-0.031,0.005,,0,0.005,0.68,0.333,1,1,missing_pick;missing_age;too_few_football_features,ras_score,0.003,0.003,4.69,,
529,Sebastian Castro,DB,DB,Iowa,PIT,,,,0.03,-0.356,-0.032,0.005,,0,0.005,0.68,0.333,1,1,missing_pick;missing_age;too_few_football_features,ras_score,0.003,0.003,4.37,,
530,Daryl Porter,DB,DB,Miami; West Virginia,BUF,,,,0.03,-0.479,-0.043,0.005,,0,0.005,0.68,0.333,1,1,missing_pick;missing_age;too_few_football_features,ras_score,0.003,0.003,2.11,,
531,Johnathan Baldwin,SAF,DB,UNLV,GB,,,,0.03,-0.314,-0.028,0.005,,0,0.005,0.68,0.333,1,1,missing_pick;missing_age;too_few_football_features,ras_score,0.003,0.003,4.83,,
532,Cam'Ron Silmon-Craig,DB,DB,Colorado; Jackson State University,JAX,,,,0.03,-0.49,-0.044,0.005,,0,0.005,0.68,0.333,1,1,missing_pick;missing_age;too_few_football_features,ras_score,0.003,0.003,0.42,,
533,Jordan Clark,SAF,DB,Notre Dame; Arizona State,NYJ,,,,0.03,-0.428,-0.039,0.005,,0,0.005,0.68,0.333,1,1,missing_pick;missing_age;too_few_football_features,ras_score,0.003,0.003,3.16,,
534,Dalys Beanum,CB,DB,South Dakota State,NO,,,,0.03,-0.387,-0.035,0.005,,0,0.005,0.68,0.333,1,1,missing_pick;missing_age;too_few_football_features,ras_score,0.003,0.003,3.93,,
535,Keonta Jenkins,LB,LB,Virginia Tech,BUF,,,,0.025,-0.314,-0.028,0.005,,0,0.005,0.68,0.333,1,1,missing_pick;missing_age;too_few_football_features,ras_score,0.007,0.007,5.69,,
536,Cooper McDonald,LB,LB,TCU; San Diego State,KC,,,,0.025,-0.246,-0.022,0.005,,0,0.005,0.68,0.333,1,1,missing_pick;missing_age;too_few_football_features,ras_score,0.007,0.007,6.37,,
537,Justin Barron,LB,LB,Syracuse,DAL,,,,0.025,-0.22,-0.035,0.005,,0,0.005,0.68,1,3,1,missing_pick;missing_age;thin_football_features,ras_score|pffx_yprr|pffx_g_off,0.007,0.007,7.15,0.0,55.6
538,Dorian Mausi,LB,LB,Auburn; Duke,TEN,,,,0.025,-0.347,-0.031,0.005,,0,0.005,0.68,0.333,1,1,missing_pick;missing_age;too_few_football_features,ras_score,0.007,0.007,5.06,,
539,Jay Higgins,LB,LB,Iowa,BAL,,,,0.025,-0.449,-0.04,0.005,,0,0.005,0.68,0.333,1,1,missing_pick;missing_age;too_few_football_features,ras_score,0.003,0.003,3.46,,
540,Power Echols,LB,LB,North Carolina,HOU,,,,0.025,-0.466,-0.042,0.005,,0,0.005,0.68,0.333,1,1,missing_pick;missing_age;too_few_football_features,ras_score,0.003,0.003,2.18,,
541,Jackson Woodard,LB,LB,UNLV; Arkansas,MIA,,,,0.025,-0.432,-0.039,0.005,,0,0.005,0.68,0.333,1,1,missing_pick;missing_age;too_few_football_features,ras_score,0.003,0.003,4.39,,
542,Johnny Walker Jr.,LB,LB,Missouri,DEN,,,,0.025,-0.398,-0.036,0.005,,0,0.005,0.68,0.333,1,1,missing_pick;missing_age;too_few_football_features,ras_score,0.003,0.003,4.7,,
543,John Bullock,LB,LB,Nebraska,TB,,,,0.025,-0.254,-0.023,0.005,,0,0.005,0.68,0.667,2,1,missing_pick;missing_age;too_few_football_features,ras_score|pffx_g_off,0.003,0.003,4.92,,60.0
544,Jared Ivey,LB,LB,Mississippi; Georgia Tech,SEA,,,,0.025,-0.333,-0.03,0.005,,0,0.005,0.68,0.667,2,1,missing_pick;missing_age;too_few_football_features,ras_score|pffx_g_off,0.0,0.0,2.01,,60.0
545,Stone Blanton,LB,LB,Mississippi State; South Carolina,SF,,,,0.025,-0.265,-0.024,0.005,,0,0.005,0.68,0.667,2,1,missing_pick;missing_age;too_few_football_features,ras_score|pffx_g_off,0.0,0.0,4.71,,60.0
546,Ja'Markis Weston,LB,LB,Florida,SEA,,,,0.025,-0.259,-0.041,0.005,,0,0.005,0.68,1,3,1,missing_pick;missing_age;thin_football_features,ras_score|pffx_yprr|pffx_g_off,0.0,0.0,6.16,0.0,55.2
547,Patrick Herbert,TE,TE,Oregon,JAX,,,,0.015,-0.108,-0.017,0.005,,0,0.005,0.815,0.817,549,1,missing_pick;missing_age,ras_score|pffx_yprr|pffx_g_off|pff_receiving_concept_base_targets|pff_receiving_concept_declined_penalties|pff_receiving_concept_penalties|pff_receiving_concept_screen_avg_depth_of_target|pff_receiving_concept_screen_avoided_tackles|pff_receiving_concept_screen_caught_percent|pff_receiving_concept_screen_contested_receptions|pff_receiving_concept_screen_contested_targets|pff_receiving_concept_screen_drop_rate|pff_receiving_concept_screen_drops|pff_receiving_concept_screen_epa|pff_receiving_concept_screen_first_downs|pff_receiving_concept_screen_fumbles|pff_receiving_concept_screen_grades_hands_drop|pff_receiving_concept_screen_grades_pass_route|pff_receiving_concept_screen_interceptions|pff_receiving_concept_screen_longest|pff_receiving_concept_screen_pass_block_rate|pff_receiving_concept_screen_pass_blocks|pff_receiving_concept_screen_pass_plays|pff_receiving_concept_screen_positive_epa_percent|pff_receiving_concept_screen_receptions|pff_receiving_concept_screen_route_rate|pff_receiving_concept_screen_routes|pff_receiving_concept_screen_targeted_qb_rating|pff_receiving_concept_screen_targets|pff_receiving_concept_screen_targets_percent|pff_receiving_concept_screen_touchdowns|pff_receiving_concept_screen_yards|pff_receiving_concept_screen_yards_after_catch|pff_receiving_concept_screen_yards_after_catch_per_reception|pff_receiving_concept_screen_yards_per_reception,0.01,0.01,4.06,12.0,51.0
548,Drake Dabney,TE,TE,TCU; Baylor,GB,,,,0.015,-0.088,-0.014,0.005,,0,0.005,0.815,0.829,557,1,missing_pick;missing_age,ras_score|pffx_yprr|pffx_g_off|pff_receiving_concept_base_targets|pff_receiving_concept_declined_penalties|pff_receiving_concept_penalties|pff_receiving_concept_screen_avg_depth_of_target|pff_receiving_concept_screen_avoided_tackles|pff_receiving_concept_screen_caught_percent|pff_receiving_concept_screen_contested_receptions|pff_receiving_concept_screen_contested_targets|pff_receiving_concept_screen_drop_rate|pff_receiving_concept_screen_drops|pff_receiving_concept_screen_epa|pff_receiving_concept_screen_first_downs|pff_receiving_concept_screen_fumbles|pff_receiving_concept_screen_grades_hands_drop|pff_receiving_concept_screen_grades_pass_route|pff_receiving_concept_screen_interceptions|pff_receiving_concept_screen_longest|pff_receiving_concept_screen_pass_block_rate|pff_receiving_concept_screen_pass_blocks|pff_receiving_concept_screen_pass_plays|pff_receiving_concept_screen_positive_epa_percent|pff_receiving_concept_screen_receptions|pff_receiving_concept_screen_route_rate|pff_receiving_concept_screen_routes|pff_receiving_concept_screen_targeted_qb_rating|pff_receiving_concept_screen_targets|pff_receiving_concept_screen_targets_percent|pff_receiving_concept_screen_touchdowns|pff_receiving_concept_screen_yards|pff_receiving_concept_screen_yards_after_catch|pff_receiving_concept_screen_yards_after_catch_per_reception|pff_receiving_concept_screen_yards_per_reception,0.01,0.01,4.74,12.8,49.5
549,Nick Kallerup,TE,TE,Minnesota,SEA,,,,0.015,-0.08,-0.013,0.005,,0,0.005,0.815,0.771,518,1,missing_pick;missing_age,ras_score|pffx_yprr|pffx_g_off|pff_receiving_concept_base_targets|pff_receiving_concept_declined_penalties|pff_receiving_concept_penalties|pff_receiving_concept_screen_avoided_tackles|pff_receiving_concept_screen_contested_receptions|pff_receiving_concept_screen_contested_targets|pff_receiving_concept_screen_drops|pff_receiving_concept_screen_epa|pff_receiving_concept_screen_first_downs|pff_receiving_concept_screen_fumbles|pff_receiving_concept_screen_grades_pass_route|pff_receiving_concept_screen_interceptions|pff_receiving_concept_screen_longest|pff_receiving_concept_screen_pass_block_rate|pff_receiving_concept_screen_pass_blocks|pff_receiving_concept_screen_pass_plays|pff_receiving_concept_screen_positive_epa_percent|pff_receiving_concept_screen_receptions|pff_receiving_concept_screen_route_rate|pff_receiving_concept_screen_routes|pff_receiving_concept_screen_targeted_qb_rating|pff_receiving_concept_screen_targets|pff_receiving_concept_screen_targets_percent|pff_receiving_concept_screen_touchdowns|pff_receiving_concept_screen_yards|pff_receiving_concept_screen_yards_after_catch|pff_receiving_concept_screen_yprr|pff_receiving_concept_slot_avg_depth_of_target|pff_receiving_concept_slot_avoided_tackles|pff_receiving_concept_slot_caught_percent|pff_receiving_concept_slot_contested_catch_rate|pff_receiving_concept_slot_contested_receptions,0.009,0.009,5.92,44.0,74.2
550,Ahmani Marshall,RB,RB,Appalachian State; Wake Forest,CLE,,,,0.015,-0.071,-0.011,0.005,,0,0.005,0.815,0.802,552,1,missing_pick;missing_age,ras_score|pffx_yprr|pffx_g_off|pff_receiving_concept_base_targets|pff_receiving_concept_declined_penalties|pff_receiving_concept_penalties|pff_receiving_concept_screen_avg_depth_of_target|pff_receiving_concept_screen_avoided_tackles|pff_receiving_concept_screen_caught_percent|pff_receiving_concept_screen_contested_receptions|pff_receiving_concept_screen_contested_targets|pff_receiving_concept_screen_drop_rate|pff_receiving_concept_screen_drops|pff_receiving_concept_screen_epa|pff_receiving_concept_screen_first_downs|pff_receiving_concept_screen_fumbles|pff_receiving_concept_screen_grades_hands_drop|pff_receiving_concept_screen_grades_pass_route|pff_receiving_concept_screen_interceptions|pff_receiving_concept_screen_longest|pff_receiving_concept_screen_pass_block_rate|pff_receiving_concept_screen_pass_blocks|pff_receiving_concept_screen_pass_plays|pff_receiving_concept_screen_positive_epa_percent|pff_receiving_concept_screen_receptions|pff_receiving_concept_screen_route_rate|pff_receiving_concept_screen_routes|pff_receiving_concept_screen_targeted_qb_rating|pff_receiving_concept_screen_targets|pff_receiving_concept_screen_targets_percent|pff_receiving_concept_screen_touchdowns|pff_receiving_concept_screen_yards|pff_receiving_concept_screen_yards_after_catch|pff_receiving_concept_screen_yards_after_catch_per_reception|pff_receiving_concept_screen_yards_per_reception,0.008,0.008,5.81,11.0,75.8
551,Montrell Johnson Jr.,RB,RB,Florida; Louisiana,CAR,,,,0.015,-0.063,-0.01,0.005,,0,0.005,0.815,0.805,554,1,missing_pick;missing_age,ras_score|pffx_yprr|pffx_g_off|pff_receiving_concept_base_targets|pff_receiving_concept_declined_penalties|pff_receiving_concept_penalties|pff_receiving_concept_screen_avg_depth_of_target|pff_receiving_concept_screen_avoided_tackles|pff_receiving_concept_screen_caught_percent|pff_receiving_concept_screen_contested_receptions|pff_receiving_concept_screen_contested_targets|pff_receiving_concept_screen_drop_rate|pff_receiving_concept_screen_drops|pff_receiving_concept_screen_epa|pff_receiving_concept_screen_first_downs|pff_receiving_concept_screen_fumbles|pff_receiving_concept_screen_grades_hands_drop|pff_receiving_concept_screen_grades_pass_route|pff_receiving_concept_screen_interceptions|pff_receiving_concept_screen_longest|pff_receiving_concept_screen_pass_block_rate|pff_receiving_concept_screen_pass_blocks|pff_receiving_concept_screen_pass_plays|pff_receiving_concept_screen_positive_epa_percent|pff_receiving_concept_screen_receptions|pff_receiving_concept_screen_route_rate|pff_receiving_concept_screen_routes|pff_receiving_concept_screen_targeted_qb_rating|pff_receiving_concept_screen_targets|pff_receiving_concept_screen_targets_percent|pff_receiving_concept_screen_touchdowns|pff_receiving_concept_screen_yards|pff_receiving_concept_screen_yards_after_catch|pff_receiving_concept_screen_yards_after_catch_per_reception|pff_receiving_concept_screen_yards_per_reception,0.003,0.003,9.63,6.75,72.6
552,Deion Hankins,RB,RB,Texas State-San Marcos,CHI,,,,0.015,-0.174,-0.028,0.005,,0,0.005,0.815,0.695,478,1,missing_pick;missing_age,ras_score|pffx_yprr|pffx_g_off|pff_receiving_concept_base_targets|pff_receiving_concept_declined_penalties|pff_receiving_concept_penalties|pff_receiving_concept_screen_avoided_tackles|pff_receiving_concept_screen_contested_receptions|pff_receiving_concept_screen_contested_targets|pff_receiving_concept_screen_drops|pff_receiving_concept_screen_epa|pff_receiving_concept_screen_first_downs|pff_receiving_concept_screen_fumbles|pff_receiving_concept_screen_grades_pass_route|pff_receiving_concept_screen_interceptions|pff_receiving_concept_screen_longest|pff_receiving_concept_screen_pass_block_rate|pff_receiving_concept_screen_pass_blocks|pff_receiving_concept_screen_pass_plays|pff_receiving_concept_screen_positive_epa_percent|pff_receiving_concept_screen_receptions|pff_receiving_concept_screen_route_rate|pff_receiving_concept_screen_routes|pff_receiving_concept_screen_targeted_qb_rating|pff_receiving_concept_screen_targets|pff_receiving_concept_screen_targets_percent|pff_receiving_concept_screen_touchdowns|pff_receiving_concept_screen_yards|pff_receiving_concept_screen_yards_after_catch|pff_receiving_concept_screen_yprr|pff_receiving_concept_slot_avoided_tackles|pff_receiving_concept_slot_contested_receptions|pff_receiving_concept_slot_contested_targets|pff_receiving_concept_slot_drops|pff_receiving_concept_slot_epa,0.003,0.003,7.15,0.0,80.0
553,Max Hurleman,RB,RB,Notre Dame; Colgate,PIT,,,,0.015,-0.306,-0.028,0.005,,0,0.005,0.148,0.001,1,1,missing_pick;missing_age;too_few_football_features;low_position_feature_completeness,ras_score,0.003,0.003,4.71,,
554,Marshall Lang,TE,TE,Northwestern,NE,,,,0.015,-0.132,-0.021,0.005,,0,0.005,0.815,0.829,557,1,missing_pick;missing_age,ras_score|pffx_yprr|pffx_g_off|pff_receiving_concept_base_targets|pff_receiving_concept_declined_penalties|pff_receiving_concept_penalties|pff_receiving_concept_screen_avoided_tackles|pff_receiving_concept_screen_contested_receptions|pff_receiving_concept_screen_contested_targets|pff_receiving_concept_screen_drops|pff_receiving_concept_screen_epa|pff_receiving_concept_screen_first_downs|pff_receiving_concept_screen_fumbles|pff_receiving_concept_screen_grades_pass_route|pff_receiving_concept_screen_interceptions|pff_receiving_concept_screen_longest|pff_receiving_concept_screen_pass_block_rate|pff_receiving_concept_screen_pass_blocks|pff_receiving_concept_screen_pass_plays|pff_receiving_concept_screen_positive_epa_percent|pff_receiving_concept_screen_receptions|pff_receiving_concept_screen_route_rate|pff_receiving_concept_screen_routes|pff_receiving_concept_screen_targeted_qb_rating|pff_receiving_concept_screen_targets|pff_receiving_concept_screen_targets_percent|pff_receiving_concept_screen_touchdowns|pff_receiving_concept_screen_yards|pff_receiving_concept_screen_yards_after_catch|pff_receiving_concept_screen_yprr|pff_receiving_concept_slot_avg_depth_of_target|pff_receiving_concept_slot_avoided_tackles|pff_receiving_concept_slot_caught_percent|pff_receiving_concept_slot_contested_catch_rate|pff_receiving_concept_slot_contested_receptions,0.0,0.0,6.28,6.73,87.0
555,Maximilian Mang,TE,TE,Syracuse,NYG,,,,0.015,-0.19,-0.03,0.005,,0,0.005,0.815,0.696,468,1,missing_pick;missing_age,ras_score|pffx_yprr|pffx_g_off|pff_receiving_concept_base_targets|pff_receiving_concept_declined_penalties|pff_receiving_concept_penalties|pff_receiving_concept_screen_avoided_tackles|pff_receiving_concept_screen_contested_receptions|pff_receiving_concept_screen_contested_targets|pff_receiving_concept_screen_drops|pff_receiving_concept_screen_epa|pff_receiving_concept_screen_first_downs|pff_receiving_concept_screen_fumbles|pff_receiving_concept_screen_grades_pass_route|pff_receiving_concept_screen_interceptions|pff_receiving_concept_screen_longest|pff_receiving_concept_screen_pass_block_rate|pff_receiving_concept_screen_pass_blocks|pff_receiving_concept_screen_pass_plays|pff_receiving_concept_screen_positive_epa_percent|pff_receiving_concept_screen_receptions|pff_receiving_concept_screen_route_rate|pff_receiving_concept_screen_routes|pff_receiving_concept_screen_targeted_qb_rating|pff_receiving_concept_screen_targets|pff_receiving_concept_screen_targets_percent|pff_receiving_concept_screen_touchdowns|pff_receiving_concept_screen_yards|pff_receiving_concept_screen_yards_after_catch|pff_receiving_concept_screen_yprr|pff_receiving_concept_slot_avoided_tackles|pff_receiving_concept_slot_contested_receptions|pff_receiving_concept_slot_contested_targets|pff_receiving_concept_slot_drops|pff_receiving_concept_slot_epa,0.0,0.0,5.25,5.0,64.9
556,Bryce Pierre,TE,TE,UCLA; Arizona State,CAR,,,,0.015,-0.144,-0.023,0.005,,0,0.005,0.815,0.765,514,1,missing_pick;missing_age,ras_score|pffx_yprr|pffx_g_off|pff_receiving_concept_base_targets|pff_receiving_concept_declined_penalties|pff_receiving_concept_penalties|pff_receiving_concept_screen_avoided_tackles|pff_receiving_concept_screen_contested_receptions|pff_receiving_concept_screen_contested_targets|pff_receiving_concept_screen_drops|pff_receiving_concept_screen_epa|pff_receiving_concept_screen_first_downs|pff_receiving_concept_screen_fumbles|pff_receiving_concept_screen_grades_pass_route|pff_receiving_concept_screen_interceptions|pff_receiving_concept_screen_longest|pff_receiving_concept_screen_pass_block_rate|pff_receiving_concept_screen_pass_blocks|pff_receiving_concept_screen_pass_plays|pff_receiving_concept_screen_positive_epa_percent|pff_receiving_concept_screen_receptions|pff_receiving_concept_screen_route_rate|pff_receiving_concept_screen_routes|pff_receiving_concept_screen_targeted_qb_rating|pff_receiving_concept_screen_targets|pff_receiving_concept_screen_targets_percent|pff_receiving_concept_screen_touchdowns|pff_receiving_concept_screen_yards|pff_receiving_concept_screen_yards_after_catch|pff_receiving_concept_screen_yprr|pff_receiving_concept_slot_avg_depth_of_target|pff_receiving_concept_slot_avoided_tackles|pff_receiving_concept_slot_caught_percent|pff_receiving_concept_slot_contested_catch_rate|pff_receiving_concept_slot_contested_receptions,0.0,0.0,1.56,6.5,54.3
557,Lan Larison,RB,RB,UC Davis,NE,,,,0.015,-0.169,-0.015,0.005,,0,0.005,0.151,0.003,2,1,missing_pick;missing_age;too_few_football_features;low_position_feature_completeness,ras_score|pffx_g_off,0.0,0.0,7.02,,63.5
558,Lucas Scott,RB,RB,Army,BAL,,,,0.015,-0.402,-0.036,0.005,,0,0.005,0.151,0.003,2,1,missing_pick;missing_age;too_few_football_features;low_position_feature_completeness,ras_score|pffx_g_off,0.0,0.0,4.08,,65.1
559,Kye Robichaux,RB,RB,Boston College; Western Kentucky,DET,,,,0.015,-0.063,-0.01,0.005,,0,0.005,0.78,0.818,563,1,missing_pick;missing_age;missing_ras,pffx_yprr|pffx_g_off|pff_receiving_concept_base_targets|pff_receiving_concept_declined_penalties|pff_receiving_concept_penalties|pff_receiving_concept_screen_avg_depth_of_target|pff_receiving_concept_screen_avoided_tackles|pff_receiving_concept_screen_caught_percent|pff_receiving_concept_screen_contested_receptions|pff_receiving_concept_screen_contested_targets|pff_receiving_concept_screen_drop_rate|pff_receiving_concept_screen_drops|pff_receiving_concept_screen_epa|pff_receiving_concept_screen_first_downs|pff_receiving_concept_screen_fumbles|pff_receiving_concept_screen_grades_hands_drop|pff_receiving_concept_screen_grades_pass_route|pff_receiving_concept_screen_interceptions|pff_receiving_concept_screen_longest|pff_receiving_concept_screen_pass_block_rate|pff_receiving_concept_screen_pass_blocks|pff_receiving_concept_screen_pass_plays|pff_receiving_concept_screen_positive_epa_percent|pff_receiving_concept_screen_receptions|pff_receiving_concept_screen_route_rate|pff_receiving_concept_screen_routes|pff_receiving_concept_screen_targeted_qb_rating|pff_receiving_concept_screen_targets|pff_receiving_concept_screen_targets_percent|pff_receiving_concept_screen_touchdowns|pff_receiving_concept_screen_yards|pff_receiving_concept_screen_yards_after_catch|pff_receiving_concept_screen_yards_after_catch_per_reception|pff_receiving_concept_screen_yards_per_reception|pff_receiving_concept_screen_yprr,0.0,0.0,,5.0,86.6
560,Jacardia Wright,RB,RB,Missouri State; Kansas State,SEA,,,,0.015,-0.24,-0.038,0.005,,0,0.005,0.405,0.062,43,1,missing_pick;missing_age;low_position_feature_completeness,ras_score|pffx_yprr|pffx_g_off|pff_rushing_summary_attempts|pff_rushing_summary_avoided_tackles|pff_rushing_summary_breakaway_attempts|pff_rushing_summary_breakaway_percent|pff_rushing_summary_breakaway_yards|pff_rushing_summary_declined_penalties|pff_rushing_summary_designed_yards|pff_rushing_summary_drops|pff_rushing_summary_elu_recv_mtf|pff_rushing_summary_elu_rush_mtf|pff_rushing_summary_elu_yco|pff_rushing_summary_elusive_rating|pff_rushing_summary_explosive|pff_rushing_summary_first_downs|pff_rushing_summary_fumbles|pff_rushing_summary_gap_attempts|pff_rushing_summary_grades_hands_fumble|pff_rushing_summary_grades_offense|pff_rushing_summary_grades_offense_penalty|pff_rushing_summary_grades_pass_block|pff_rushing_summary_grades_pass_route|pff_rushing_summary_grades_run|pff_rushing_summary_grades_run_block|pff_rushing_summary_longest|pff_rushing_summary_penalties|pff_rushing_summary_rec_yards|pff_rushing_summary_receptions|pff_rushing_summary_routes|pff_rushing_summary_run_plays|pff_rushing_summary_scramble_yards|pff_rushing_summary_scrambles|pff_rushing_summary_targets,0.0,0.0,6.13,0.0,76.1
561,Jeremy Crawshaw,P,ST,Florida,DEN,6.0,216.0,24.0,0.01,-0.278,-0.025,0.005,,0,0.005,0.715,0.333,1,1,missing_ras;too_few_football_features,pffx_g_off|age,0.075,0.091,,,60.0
562,Tyler Loop,K,ST,Arizona,BAL,6.0,186.0,24.0,0.01,-0.278,-0.025,0.005,,0,0.005,0.715,0.333,1,1,missing_ras;too_few_football_features,pffx_g_off|age,0.075,0.091,,,60.0
563,Julian Ashby,LS,ST,Vanderbilt,NWE,7.0,251.0,23.0,0.01,-0.143,-0.013,0.005,,0,0.005,0.75,0.333,1,1,too_few_football_features,ras_score|age,0.0,0.042,8.53,,
564,Lenny Krieg,K,ST,,NYJ,,,,0.005,0,0,0.005,,0,0.005,0.11,0,0,1,missing_pick;missing_age;missing_ras;too_few_football_features;low_position_feature_completeness,,0.003,0.003,,,
565,Mark McNamee,K,ST,,GB,,,,0.005,0,0,0.005,,0,0.005,0.11,0,0,1,missing_pick;missing_age;missing_ras;too_few_football_features;low_position_feature_completeness,,0.003,0.003,,,
566,Austin Brinkman,LS,ST,West Virginia,HOU,,,,0.005,0,0,0.005,,0,0.005,0.645,0.333,1,1,missing_pick;missing_age;missing_ras;too_few_football_features,pffx_g_off,0.003,0.003,,,60.0
567,Harrison Mevis,K,ST,Missouri,LA,,,,0.005,0,0,0.005,,0,0.005,0.11,0,0,1,missing_pick;missing_age;missing_ras;too_few_football_features;low_position_feature_completeness,,0.003,0.003,,,
568,Ben Sauls,K,ST,Pittsburgh,NYG,,,,0.005,0,0,0.005,,0,0.005,0.11,0,0,1,missing_pick;missing_age;missing_ras;too_few_football_features;low_position_feature_completeness,,0.003,0.003,,,
569,William Wagner,LS,ST,Michigan,CIN,,,,0.005,0,0,0.005,,0,0.005,0.645,0.333,1,1,missing_pick;missing_age;missing_ras;too_few_football_features,pffx_g_off,0.003,0.003,,,60.0
570,Ryan Fitzgerald,K,ST,Florida State,CAR,,,,0.005,-0.389,-0.035,0.005,,0,0.005,0.645,0.333,1,1,missing_pick;missing_age;missing_ras;too_few_football_features,pffx_g_off,0.003,0.003,,,59.9
