rank,player,position,posg,college,team,round,pick,age,draft_prior,football_score,profile_lift,pre_draft_prob_v6,early_evidence_prob,early_evidence_weight,success_prob_v6,model_confidence,feature_completeness,football_features_used_count,duplicate_count,data_flags,top_features_used,pre_draft_prob,success_prob,ras_score,pffx_yprr,pffx_g_off
1,Caleb Williams,QB,QB,USC,CHI,1.0,1.0,22.0,0.825,0.125,0.033,0.858,,0,0.858,0.95,0.949,948,1,missing_ras,pffx_yprr|pffx_g_off|pff_passing_allowed_pressure_allowed_pressure_dropbacks|pff_passing_allowed_pressure_ce_percent|pff_passing_allowed_pressure_declined_penalties|pff_passing_allowed_pressure_hits_allowed|pff_passing_allowed_pressure_hurries_allowed|pff_passing_allowed_pressure_lg_percent|pff_passing_allowed_pressure_lt_percent|pff_passing_allowed_pressure_ol_te_percent|pff_passing_allowed_pressure_other_percent|pff_passing_allowed_pressure_penalties|pff_passing_allowed_pressure_pressures_allowed|pff_passing_allowed_pressure_pressures_ce|pff_passing_allowed_pressure_pressures_lg|pff_passing_allowed_pressure_pressures_lt|pff_passing_allowed_pressure_pressures_off|pff_passing_allowed_pressure_pressures_ol_te|pff_passing_allowed_pressure_pressures_other|pff_passing_allowed_pressure_pressures_rg|pff_passing_allowed_pressure_pressures_rt|pff_passing_allowed_pressure_pressures_self|pff_passing_allowed_pressure_pressures_te|pff_passing_allowed_pressure_rg_percent|pff_passing_allowed_pressure_rt_percent|pff_passing_allowed_pressure_sacks_allowed|pff_passing_allowed_pressure_self_percent|pff_passing_allowed_pressure_te_percent|pff_passing_concept_dropbacks|pff_passing_concept_no_screen_accuracy_percent|pff_passing_concept_no_screen_aimed_passes|pff_passing_concept_no_screen_attempts|pff_passing_concept_no_screen_avg_depth_of_target|pff_passing_concept_no_screen_avg_time_to_throw|pff_passing_concept_no_screen_bats,0.558,0.697,,15.0,94.3
2,Jayden Daniels,QB,QB,LSU,WAS,1.0,2.0,23.0,0.775,0.131,0.034,0.809,,0,0.809,0.95,0.935,934,1,missing_ras,pffx_g_off|pff_passing_allowed_pressure_allowed_pressure_dropbacks|pff_passing_allowed_pressure_ce_percent|pff_passing_allowed_pressure_declined_penalties|pff_passing_allowed_pressure_hits_allowed|pff_passing_allowed_pressure_hurries_allowed|pff_passing_allowed_pressure_lg_percent|pff_passing_allowed_pressure_lt_percent|pff_passing_allowed_pressure_ol_te_percent|pff_passing_allowed_pressure_other_percent|pff_passing_allowed_pressure_penalties|pff_passing_allowed_pressure_pressures_allowed|pff_passing_allowed_pressure_pressures_ce|pff_passing_allowed_pressure_pressures_lg|pff_passing_allowed_pressure_pressures_lt|pff_passing_allowed_pressure_pressures_off|pff_passing_allowed_pressure_pressures_ol_te|pff_passing_allowed_pressure_pressures_other|pff_passing_allowed_pressure_pressures_rg|pff_passing_allowed_pressure_pressures_rt|pff_passing_allowed_pressure_pressures_self|pff_passing_allowed_pressure_pressures_te|pff_passing_allowed_pressure_rg_percent|pff_passing_allowed_pressure_rt_percent|pff_passing_allowed_pressure_sacks_allowed|pff_passing_allowed_pressure_self_percent|pff_passing_allowed_pressure_te_percent|pff_passing_concept_dropbacks|pff_passing_concept_no_screen_accuracy_percent|pff_passing_concept_no_screen_aimed_passes|pff_passing_concept_no_screen_attempts|pff_passing_concept_no_screen_avg_depth_of_target|pff_passing_concept_no_screen_avg_time_to_throw|pff_passing_concept_no_screen_bats|pff_passing_concept_no_screen_big_time_throws,0.547,0.693,,,94.8
3,Drake Maye,QB,QB,North Carolina,NWE,1.0,3.0,22.0,0.775,0.088,0.023,0.798,,0,0.798,0.95,0.942,941,1,missing_ras,pffx_yprr|pffx_g_off|pff_passing_allowed_pressure_allowed_pressure_dropbacks|pff_passing_allowed_pressure_ce_percent|pff_passing_allowed_pressure_declined_penalties|pff_passing_allowed_pressure_hits_allowed|pff_passing_allowed_pressure_hurries_allowed|pff_passing_allowed_pressure_lg_percent|pff_passing_allowed_pressure_lt_percent|pff_passing_allowed_pressure_ol_te_percent|pff_passing_allowed_pressure_other_percent|pff_passing_allowed_pressure_penalties|pff_passing_allowed_pressure_pressures_allowed|pff_passing_allowed_pressure_pressures_ce|pff_passing_allowed_pressure_pressures_lg|pff_passing_allowed_pressure_pressures_lt|pff_passing_allowed_pressure_pressures_off|pff_passing_allowed_pressure_pressures_ol_te|pff_passing_allowed_pressure_pressures_other|pff_passing_allowed_pressure_pressures_rg|pff_passing_allowed_pressure_pressures_rt|pff_passing_allowed_pressure_pressures_self|pff_passing_allowed_pressure_pressures_te|pff_passing_allowed_pressure_rg_percent|pff_passing_allowed_pressure_rt_percent|pff_passing_allowed_pressure_sacks_allowed|pff_passing_allowed_pressure_self_percent|pff_passing_allowed_pressure_te_percent|pff_passing_concept_dropbacks|pff_passing_concept_no_screen_accuracy_percent|pff_passing_concept_no_screen_aimed_passes|pff_passing_concept_no_screen_attempts|pff_passing_concept_no_screen_avg_depth_of_target|pff_passing_concept_no_screen_avg_time_to_throw|pff_passing_concept_no_screen_bats,0.814,0.8,,0.0,92.3
4,Joe Alt,OL,OL,Notre Dame,LAC,1.0,5.0,21.0,0.695,0.165,0.053,0.748,,0,0.748,0.95,0.5,27,1,,ras_score|pffx_g_off|pff_offense_blocking_block_percent|pff_offense_blocking_declined_penalties|pff_offense_blocking_grades_offense|pff_offense_blocking_grades_pass_block|pff_offense_blocking_grades_run_block|pff_offense_blocking_hits_allowed|pff_offense_blocking_hurries_allowed|pff_offense_blocking_non_spike_pass_block|pff_offense_blocking_non_spike_pass_block_percentage|pff_offense_blocking_pass_block_percent|pff_offense_blocking_pbe|pff_offense_blocking_penalties|pff_offense_blocking_pressures_allowed|pff_offense_blocking_sacks_allowed|pff_offense_blocking_snap_counts_block|pff_offense_blocking_snap_counts_ce|pff_offense_blocking_snap_counts_lg|pff_offense_blocking_snap_counts_lt|pff_offense_blocking_snap_counts_offense|pff_offense_blocking_snap_counts_pass_block|pff_offense_blocking_snap_counts_pass_play|pff_offense_blocking_snap_counts_rg|pff_offense_blocking_snap_counts_rt|pff_offense_blocking_snap_counts_run_block|pff_offense_blocking_snap_counts_te|age,0.572,0.703,9.93,,90.7
5,Marvin Harrison Jr.,WR,WR,Ohio St.,ARI,1.0,4.0,22.0,0.695,0.128,0.041,0.736,,0,0.736,0.95,0.977,632,1,missing_ras,pffx_yprr|pffx_g_off|pff_receiving_concept_base_targets|pff_receiving_concept_declined_penalties|pff_receiving_concept_penalties|pff_receiving_concept_screen_avg_depth_of_target|pff_receiving_concept_screen_avoided_tackles|pff_receiving_concept_screen_caught_percent|pff_receiving_concept_screen_contested_receptions|pff_receiving_concept_screen_contested_targets|pff_receiving_concept_screen_drop_rate|pff_receiving_concept_screen_drops|pff_receiving_concept_screen_epa|pff_receiving_concept_screen_first_downs|pff_receiving_concept_screen_fumbles|pff_receiving_concept_screen_grades_hands_drop|pff_receiving_concept_screen_grades_pass_route|pff_receiving_concept_screen_interceptions|pff_receiving_concept_screen_longest|pff_receiving_concept_screen_pass_block_rate|pff_receiving_concept_screen_pass_blocks|pff_receiving_concept_screen_pass_plays|pff_receiving_concept_screen_positive_epa_percent|pff_receiving_concept_screen_receptions|pff_receiving_concept_screen_route_rate|pff_receiving_concept_screen_routes|pff_receiving_concept_screen_targeted_qb_rating|pff_receiving_concept_screen_targets|pff_receiving_concept_screen_targets_percent|pff_receiving_concept_screen_touchdowns|pff_receiving_concept_screen_yards|pff_receiving_concept_screen_yards_after_catch|pff_receiving_concept_screen_yards_after_catch_per_reception|pff_receiving_concept_screen_yards_per_reception|pff_receiving_concept_screen_yprr,0.708,0.757,,24.92,89.9
6,Michael Penix,QB,QB,Washington,ATL,1.0,8.0,24.0,0.635,0.126,0.04,0.675,,0,0.675,0.95,0.949,948,1,,ras_score|pffx_yprr|pffx_g_off|pff_passing_allowed_pressure_allowed_pressure_dropbacks|pff_passing_allowed_pressure_ce_percent|pff_passing_allowed_pressure_declined_penalties|pff_passing_allowed_pressure_hits_allowed|pff_passing_allowed_pressure_hurries_allowed|pff_passing_allowed_pressure_lg_percent|pff_passing_allowed_pressure_lt_percent|pff_passing_allowed_pressure_ol_te_percent|pff_passing_allowed_pressure_other_percent|pff_passing_allowed_pressure_penalties|pff_passing_allowed_pressure_pressures_allowed|pff_passing_allowed_pressure_pressures_ce|pff_passing_allowed_pressure_pressures_lg|pff_passing_allowed_pressure_pressures_lt|pff_passing_allowed_pressure_pressures_off|pff_passing_allowed_pressure_pressures_ol_te|pff_passing_allowed_pressure_pressures_other|pff_passing_allowed_pressure_pressures_rg|pff_passing_allowed_pressure_pressures_rt|pff_passing_allowed_pressure_pressures_self|pff_passing_allowed_pressure_pressures_te|pff_passing_allowed_pressure_rg_percent|pff_passing_allowed_pressure_rt_percent|pff_passing_allowed_pressure_sacks_allowed|pff_passing_allowed_pressure_self_percent|pff_passing_allowed_pressure_te_percent|pff_passing_concept_dropbacks|pff_passing_concept_no_screen_accuracy_percent|pff_passing_concept_no_screen_aimed_passes|pff_passing_concept_no_screen_attempts|pff_passing_concept_no_screen_avg_depth_of_target|pff_passing_concept_no_screen_avg_time_to_throw,0.576,0.284,9.75,0.0,93.0
7,Malik Nabers,WR,WR,LSU,NYG,1.0,6.0,21.0,0.615,0.179,0.057,0.672,,0,0.672,0.95,0.98,634,1,,ras_score|pffx_yprr|pffx_g_off|pff_receiving_concept_base_targets|pff_receiving_concept_declined_penalties|pff_receiving_concept_penalties|pff_receiving_concept_screen_avg_depth_of_target|pff_receiving_concept_screen_avoided_tackles|pff_receiving_concept_screen_caught_percent|pff_receiving_concept_screen_contested_catch_rate|pff_receiving_concept_screen_contested_receptions|pff_receiving_concept_screen_contested_targets|pff_receiving_concept_screen_drop_rate|pff_receiving_concept_screen_drops|pff_receiving_concept_screen_epa|pff_receiving_concept_screen_first_downs|pff_receiving_concept_screen_fumbles|pff_receiving_concept_screen_grades_hands_drop|pff_receiving_concept_screen_grades_pass_route|pff_receiving_concept_screen_interceptions|pff_receiving_concept_screen_longest|pff_receiving_concept_screen_pass_block_rate|pff_receiving_concept_screen_pass_blocks|pff_receiving_concept_screen_pass_plays|pff_receiving_concept_screen_positive_epa_percent|pff_receiving_concept_screen_receptions|pff_receiving_concept_screen_route_rate|pff_receiving_concept_screen_routes|pff_receiving_concept_screen_targeted_qb_rating|pff_receiving_concept_screen_targets|pff_receiving_concept_screen_targets_percent|pff_receiving_concept_screen_touchdowns|pff_receiving_concept_screen_yards|pff_receiving_concept_screen_yards_after_catch|pff_receiving_concept_screen_yards_after_catch_per_reception,0.797,0.793,9.67,23.0,92.9
8,Rome Odunze,WR,WR,Washington,CHI,1.0,9.0,22.0,0.615,0.175,0.056,0.671,,0,0.671,0.95,0.988,639,1,,ras_score|pffx_yprr|pffx_g_off|pff_receiving_concept_base_targets|pff_receiving_concept_declined_penalties|pff_receiving_concept_penalties|pff_receiving_concept_screen_avg_depth_of_target|pff_receiving_concept_screen_avoided_tackles|pff_receiving_concept_screen_caught_percent|pff_receiving_concept_screen_contested_receptions|pff_receiving_concept_screen_contested_targets|pff_receiving_concept_screen_drop_rate|pff_receiving_concept_screen_drops|pff_receiving_concept_screen_epa|pff_receiving_concept_screen_first_downs|pff_receiving_concept_screen_fumbles|pff_receiving_concept_screen_grades_hands_drop|pff_receiving_concept_screen_grades_pass_route|pff_receiving_concept_screen_interceptions|pff_receiving_concept_screen_longest|pff_receiving_concept_screen_pass_block_rate|pff_receiving_concept_screen_pass_blocks|pff_receiving_concept_screen_pass_plays|pff_receiving_concept_screen_positive_epa_percent|pff_receiving_concept_screen_receptions|pff_receiving_concept_screen_route_rate|pff_receiving_concept_screen_routes|pff_receiving_concept_screen_targeted_qb_rating|pff_receiving_concept_screen_targets|pff_receiving_concept_screen_targets_percent|pff_receiving_concept_screen_touchdowns|pff_receiving_concept_screen_yards|pff_receiving_concept_screen_yards_after_catch|pff_receiving_concept_screen_yards_after_catch_per_reception|pff_receiving_concept_screen_yards_per_reception,0.39,0.63,9.92,15.98,89.9
9,J.J. McCarthy,QB,QB,Michigan,MIN,1.0,10.0,21.0,0.635,0.054,0.017,0.652,,0,0.652,0.95,0.94,939,1,missing_ras,pffx_yprr|pffx_g_off|pff_passing_allowed_pressure_allowed_pressure_dropbacks|pff_passing_allowed_pressure_ce_percent|pff_passing_allowed_pressure_declined_penalties|pff_passing_allowed_pressure_hits_allowed|pff_passing_allowed_pressure_hurries_allowed|pff_passing_allowed_pressure_lg_percent|pff_passing_allowed_pressure_lt_percent|pff_passing_allowed_pressure_ol_te_percent|pff_passing_allowed_pressure_other_percent|pff_passing_allowed_pressure_penalties|pff_passing_allowed_pressure_pressures_allowed|pff_passing_allowed_pressure_pressures_ce|pff_passing_allowed_pressure_pressures_lg|pff_passing_allowed_pressure_pressures_lt|pff_passing_allowed_pressure_pressures_off|pff_passing_allowed_pressure_pressures_ol_te|pff_passing_allowed_pressure_pressures_other|pff_passing_allowed_pressure_pressures_rg|pff_passing_allowed_pressure_pressures_rt|pff_passing_allowed_pressure_pressures_self|pff_passing_allowed_pressure_pressures_te|pff_passing_allowed_pressure_rg_percent|pff_passing_allowed_pressure_rt_percent|pff_passing_allowed_pressure_sacks_allowed|pff_passing_allowed_pressure_self_percent|pff_passing_allowed_pressure_te_percent|pff_passing_concept_dropbacks|pff_passing_concept_no_screen_accuracy_percent|pff_passing_concept_no_screen_aimed_passes|pff_passing_concept_no_screen_attempts|pff_passing_concept_no_screen_avg_depth_of_target|pff_passing_concept_no_screen_avg_time_to_throw|pff_passing_concept_no_screen_bats,0.517,0.261,,0.0,90.6
10,JC Latham,OL,OL,Alabama,TEN,1.0,7.0,21.0,0.615,0.105,0.034,0.649,,0,0.649,0.95,0.481,26,1,missing_ras,pffx_g_off|pff_offense_blocking_block_percent|pff_offense_blocking_declined_penalties|pff_offense_blocking_grades_offense|pff_offense_blocking_grades_pass_block|pff_offense_blocking_grades_run_block|pff_offense_blocking_hits_allowed|pff_offense_blocking_hurries_allowed|pff_offense_blocking_non_spike_pass_block|pff_offense_blocking_non_spike_pass_block_percentage|pff_offense_blocking_pass_block_percent|pff_offense_blocking_pbe|pff_offense_blocking_penalties|pff_offense_blocking_pressures_allowed|pff_offense_blocking_sacks_allowed|pff_offense_blocking_snap_counts_block|pff_offense_blocking_snap_counts_ce|pff_offense_blocking_snap_counts_lg|pff_offense_blocking_snap_counts_lt|pff_offense_blocking_snap_counts_offense|pff_offense_blocking_snap_counts_pass_block|pff_offense_blocking_snap_counts_pass_play|pff_offense_blocking_snap_counts_rg|pff_offense_blocking_snap_counts_rt|pff_offense_blocking_snap_counts_run_block|pff_offense_blocking_snap_counts_te|age,0.56,0.698,,,81.9
11,Bo Nix,QB,QB,Oregon,DEN,1.0,12.0,24.0,0.555,0.106,0.042,0.597,,0,0.597,0.95,0.948,947,1,missing_ras,pffx_yprr|pffx_g_off|pff_passing_allowed_pressure_allowed_pressure_dropbacks|pff_passing_allowed_pressure_ce_percent|pff_passing_allowed_pressure_declined_penalties|pff_passing_allowed_pressure_hits_allowed|pff_passing_allowed_pressure_hurries_allowed|pff_passing_allowed_pressure_lg_percent|pff_passing_allowed_pressure_lt_percent|pff_passing_allowed_pressure_ol_te_percent|pff_passing_allowed_pressure_other_percent|pff_passing_allowed_pressure_penalties|pff_passing_allowed_pressure_pressures_allowed|pff_passing_allowed_pressure_pressures_ce|pff_passing_allowed_pressure_pressures_lg|pff_passing_allowed_pressure_pressures_lt|pff_passing_allowed_pressure_pressures_off|pff_passing_allowed_pressure_pressures_ol_te|pff_passing_allowed_pressure_pressures_other|pff_passing_allowed_pressure_pressures_rg|pff_passing_allowed_pressure_pressures_rt|pff_passing_allowed_pressure_pressures_self|pff_passing_allowed_pressure_pressures_te|pff_passing_allowed_pressure_rg_percent|pff_passing_allowed_pressure_rt_percent|pff_passing_allowed_pressure_sacks_allowed|pff_passing_allowed_pressure_self_percent|pff_passing_allowed_pressure_te_percent|pff_passing_concept_dropbacks|pff_passing_concept_no_screen_accuracy_percent|pff_passing_concept_no_screen_aimed_passes|pff_passing_concept_no_screen_attempts|pff_passing_concept_no_screen_avg_depth_of_target|pff_passing_concept_no_screen_avg_time_to_throw|pff_passing_concept_no_screen_bats,0.659,0.738,,0.0,93.4
12,Olumuyiwa Fashanu,OL,OL,Penn St.,NYJ,1.0,11.0,21.0,0.535,0.125,0.05,0.585,,0,0.585,0.95,0.5,27,1,,ras_score|pffx_g_off|pff_offense_blocking_block_percent|pff_offense_blocking_declined_penalties|pff_offense_blocking_grades_offense|pff_offense_blocking_grades_pass_block|pff_offense_blocking_grades_run_block|pff_offense_blocking_hits_allowed|pff_offense_blocking_hurries_allowed|pff_offense_blocking_non_spike_pass_block|pff_offense_blocking_non_spike_pass_block_percentage|pff_offense_blocking_pass_block_percent|pff_offense_blocking_pbe|pff_offense_blocking_penalties|pff_offense_blocking_pressures_allowed|pff_offense_blocking_sacks_allowed|pff_offense_blocking_snap_counts_block|pff_offense_blocking_snap_counts_ce|pff_offense_blocking_snap_counts_lg|pff_offense_blocking_snap_counts_lt|pff_offense_blocking_snap_counts_offense|pff_offense_blocking_snap_counts_pass_block|pff_offense_blocking_snap_counts_pass_play|pff_offense_blocking_snap_counts_rg|pff_offense_blocking_snap_counts_rt|pff_offense_blocking_snap_counts_run_block|pff_offense_blocking_snap_counts_te|age,0.708,0.757,9.58,,78.8
13,Taliese Fuaga,OL,OL,Oregon St.,NOR,1.0,14.0,22.0,0.535,0.094,0.038,0.573,,0,0.573,0.95,0.5,27,1,,ras_score|pffx_g_off|pff_offense_blocking_block_percent|pff_offense_blocking_declined_penalties|pff_offense_blocking_grades_offense|pff_offense_blocking_grades_pass_block|pff_offense_blocking_grades_run_block|pff_offense_blocking_hits_allowed|pff_offense_blocking_hurries_allowed|pff_offense_blocking_non_spike_pass_block|pff_offense_blocking_non_spike_pass_block_percentage|pff_offense_blocking_pass_block_percent|pff_offense_blocking_pbe|pff_offense_blocking_penalties|pff_offense_blocking_pressures_allowed|pff_offense_blocking_sacks_allowed|pff_offense_blocking_snap_counts_block|pff_offense_blocking_snap_counts_ce|pff_offense_blocking_snap_counts_lg|pff_offense_blocking_snap_counts_lt|pff_offense_blocking_snap_counts_offense|pff_offense_blocking_snap_counts_pass_block|pff_offense_blocking_snap_counts_pass_play|pff_offense_blocking_snap_counts_rg|pff_offense_blocking_snap_counts_rt|pff_offense_blocking_snap_counts_run_block|pff_offense_blocking_snap_counts_te|age,0.638,0.729,9.63,,88.2
14,Brock Bowers,TE,TE,Georgia,LVR,1.0,13.0,21.0,0.505,0.14,0.056,0.561,,0,0.561,0.95,0.918,617,1,missing_ras,pffx_yprr|pffx_g_off|pff_offense_blocking_block_percent|pff_offense_blocking_declined_penalties|pff_offense_blocking_grades_offense|pff_offense_blocking_grades_pass_block|pff_offense_blocking_grades_run_block|pff_offense_blocking_hits_allowed|pff_offense_blocking_hurries_allowed|pff_offense_blocking_non_spike_pass_block|pff_offense_blocking_non_spike_pass_block_percentage|pff_offense_blocking_pass_block_percent|pff_offense_blocking_pbe|pff_offense_blocking_penalties|pff_offense_blocking_pressures_allowed|pff_offense_blocking_sacks_allowed|pff_offense_blocking_snap_counts_block|pff_offense_blocking_snap_counts_ce|pff_offense_blocking_snap_counts_lg|pff_offense_blocking_snap_counts_lt|pff_offense_blocking_snap_counts_offense|pff_offense_blocking_snap_counts_pass_block|pff_offense_blocking_snap_counts_pass_play|pff_offense_blocking_snap_counts_rg|pff_offense_blocking_snap_counts_rt|pff_offense_blocking_snap_counts_run_block|pff_offense_blocking_snap_counts_te|pff_receiving_concept_base_targets|pff_receiving_concept_declined_penalties|pff_receiving_concept_penalties|pff_receiving_concept_screen_avg_depth_of_target|pff_receiving_concept_screen_avoided_tackles|pff_receiving_concept_screen_caught_percent|pff_receiving_concept_screen_contested_receptions|pff_receiving_concept_screen_contested_targets,0.569,0.702,,16.11,84.4
15,Byron Murphy,DL,DL,Texas,SEA,1.0,16.0,21.0,0.525,0.201,0.034,0.559,,0,0.559,0.85,1,3,1,thin_football_features,ras_score|pffx_yprr|pffx_g_off|age,0.804,0.796,9.23,1.0,74.1
16,Laiatu Latu,DL,DL,UCLA,IND,1.0,15.0,23.0,0.525,0.148,0.013,0.538,,0,0.538,0.85,0.333,1,1,too_few_football_features,ras_score|age,0.56,0.698,9.37,,
17,Xavier Legette,WR,WR,South Carolina,CAR,1.0,32.0,23.0,0.435,0.138,0.055,0.49,,0,0.49,0.95,0.988,639,1,,ras_score|pffx_yprr|pffx_g_off|pff_receiving_concept_base_targets|pff_receiving_concept_declined_penalties|pff_receiving_concept_penalties|pff_receiving_concept_screen_avg_depth_of_target|pff_receiving_concept_screen_avoided_tackles|pff_receiving_concept_screen_caught_percent|pff_receiving_concept_screen_contested_receptions|pff_receiving_concept_screen_contested_targets|pff_receiving_concept_screen_drop_rate|pff_receiving_concept_screen_drops|pff_receiving_concept_screen_epa|pff_receiving_concept_screen_first_downs|pff_receiving_concept_screen_fumbles|pff_receiving_concept_screen_grades_hands_drop|pff_receiving_concept_screen_grades_pass_route|pff_receiving_concept_screen_interceptions|pff_receiving_concept_screen_longest|pff_receiving_concept_screen_pass_block_rate|pff_receiving_concept_screen_pass_blocks|pff_receiving_concept_screen_pass_plays|pff_receiving_concept_screen_positive_epa_percent|pff_receiving_concept_screen_receptions|pff_receiving_concept_screen_route_rate|pff_receiving_concept_screen_routes|pff_receiving_concept_screen_targeted_qb_rating|pff_receiving_concept_screen_targets|pff_receiving_concept_screen_targets_percent|pff_receiving_concept_screen_touchdowns|pff_receiving_concept_screen_yards|pff_receiving_concept_screen_yards_after_catch|pff_receiving_concept_screen_yards_after_catch_per_reception|pff_receiving_concept_screen_yards_per_reception,0.609,0.718,9.9,23.08,89.6
18,Jordan Morgan,OL,OL,Arizona,GNB,1.0,25.0,23.0,0.435,0.122,0.049,0.484,,0,0.484,0.95,0.5,27,1,,ras_score|pffx_g_off|pff_offense_blocking_block_percent|pff_offense_blocking_declined_penalties|pff_offense_blocking_grades_offense|pff_offense_blocking_grades_pass_block|pff_offense_blocking_grades_run_block|pff_offense_blocking_hits_allowed|pff_offense_blocking_hurries_allowed|pff_offense_blocking_non_spike_pass_block|pff_offense_blocking_non_spike_pass_block_percentage|pff_offense_blocking_pass_block_percent|pff_offense_blocking_pbe|pff_offense_blocking_penalties|pff_offense_blocking_pressures_allowed|pff_offense_blocking_sacks_allowed|pff_offense_blocking_snap_counts_block|pff_offense_blocking_snap_counts_ce|pff_offense_blocking_snap_counts_lg|pff_offense_blocking_snap_counts_lt|pff_offense_blocking_snap_counts_offense|pff_offense_blocking_snap_counts_pass_block|pff_offense_blocking_snap_counts_pass_play|pff_offense_blocking_snap_counts_rg|pff_offense_blocking_snap_counts_rt|pff_offense_blocking_snap_counts_run_block|pff_offense_blocking_snap_counts_te|age,0.397,0.213,9.25,,83.4
19,Amarius Mims,OL,OL,Georgia,CIN,1.0,18.0,21.0,0.435,0.09,0.036,0.471,,0,0.471,0.95,0.5,27,1,,ras_score|pffx_g_off|pff_offense_blocking_block_percent|pff_offense_blocking_declined_penalties|pff_offense_blocking_grades_offense|pff_offense_blocking_grades_pass_block|pff_offense_blocking_grades_run_block|pff_offense_blocking_hits_allowed|pff_offense_blocking_hurries_allowed|pff_offense_blocking_non_spike_pass_block|pff_offense_blocking_non_spike_pass_block_percentage|pff_offense_blocking_pass_block_percent|pff_offense_blocking_pbe|pff_offense_blocking_penalties|pff_offense_blocking_pressures_allowed|pff_offense_blocking_sacks_allowed|pff_offense_blocking_snap_counts_block|pff_offense_blocking_snap_counts_ce|pff_offense_blocking_snap_counts_lg|pff_offense_blocking_snap_counts_lt|pff_offense_blocking_snap_counts_offense|pff_offense_blocking_snap_counts_pass_block|pff_offense_blocking_snap_counts_pass_play|pff_offense_blocking_snap_counts_rg|pff_offense_blocking_snap_counts_rt|pff_offense_blocking_snap_counts_run_block|pff_offense_blocking_snap_counts_te|age,0.588,0.709,9.59,,75.6
20,Brian Thomas,WR,WR,LSU,JAX,1.0,23.0,21.0,0.435,0.084,0.034,0.469,,0,0.469,0.95,0.964,624,1,,ras_score|pffx_yprr|pffx_g_off|pff_receiving_concept_base_targets|pff_receiving_concept_declined_penalties|pff_receiving_concept_penalties|pff_receiving_concept_screen_avg_depth_of_target|pff_receiving_concept_screen_avoided_tackles|pff_receiving_concept_screen_caught_percent|pff_receiving_concept_screen_contested_receptions|pff_receiving_concept_screen_contested_targets|pff_receiving_concept_screen_drop_rate|pff_receiving_concept_screen_drops|pff_receiving_concept_screen_epa|pff_receiving_concept_screen_first_downs|pff_receiving_concept_screen_fumbles|pff_receiving_concept_screen_grades_hands_drop|pff_receiving_concept_screen_grades_pass_route|pff_receiving_concept_screen_interceptions|pff_receiving_concept_screen_longest|pff_receiving_concept_screen_pass_block_rate|pff_receiving_concept_screen_pass_blocks|pff_receiving_concept_screen_pass_plays|pff_receiving_concept_screen_positive_epa_percent|pff_receiving_concept_screen_receptions|pff_receiving_concept_screen_route_rate|pff_receiving_concept_screen_routes|pff_receiving_concept_screen_targeted_qb_rating|pff_receiving_concept_screen_targets|pff_receiving_concept_screen_targets_percent|pff_receiving_concept_screen_touchdowns|pff_receiving_concept_screen_yards|pff_receiving_concept_screen_yards_after_catch|pff_receiving_concept_screen_yards_after_catch_per_reception|pff_receiving_concept_screen_yards_per_reception,0.616,0.72,9.84,30.45,73.7
21,Xavier Worthy,WR,WR,Texas,KAN,1.0,28.0,21.0,0.435,0.076,0.03,0.465,,0,0.465,0.95,0.986,638,1,,ras_score|pffx_yprr|pffx_g_off|pff_receiving_concept_base_targets|pff_receiving_concept_declined_penalties|pff_receiving_concept_penalties|pff_receiving_concept_screen_avg_depth_of_target|pff_receiving_concept_screen_avoided_tackles|pff_receiving_concept_screen_caught_percent|pff_receiving_concept_screen_contested_receptions|pff_receiving_concept_screen_contested_targets|pff_receiving_concept_screen_drop_rate|pff_receiving_concept_screen_drops|pff_receiving_concept_screen_epa|pff_receiving_concept_screen_first_downs|pff_receiving_concept_screen_fumbles|pff_receiving_concept_screen_grades_hands_drop|pff_receiving_concept_screen_grades_pass_route|pff_receiving_concept_screen_interceptions|pff_receiving_concept_screen_longest|pff_receiving_concept_screen_pass_block_rate|pff_receiving_concept_screen_pass_blocks|pff_receiving_concept_screen_pass_plays|pff_receiving_concept_screen_positive_epa_percent|pff_receiving_concept_screen_receptions|pff_receiving_concept_screen_route_rate|pff_receiving_concept_screen_routes|pff_receiving_concept_screen_targeted_qb_rating|pff_receiving_concept_screen_targets|pff_receiving_concept_screen_targets_percent|pff_receiving_concept_screen_touchdowns|pff_receiving_concept_screen_yards|pff_receiving_concept_screen_yards_after_catch|pff_receiving_concept_screen_yards_after_catch_per_reception|pff_receiving_concept_screen_yards_per_reception,0.323,0.603,9.41,11.17,89.1
22,Ricky Pearsall,WR,WR,Florida,SFO,1.0,31.0,23.0,0.435,0.062,0.025,0.46,,0,0.46,0.95,0.988,639,1,,ras_score|pffx_yprr|pffx_g_off|pff_receiving_concept_base_targets|pff_receiving_concept_declined_penalties|pff_receiving_concept_penalties|pff_receiving_concept_screen_avg_depth_of_target|pff_receiving_concept_screen_avoided_tackles|pff_receiving_concept_screen_caught_percent|pff_receiving_concept_screen_contested_catch_rate|pff_receiving_concept_screen_contested_receptions|pff_receiving_concept_screen_contested_targets|pff_receiving_concept_screen_drop_rate|pff_receiving_concept_screen_drops|pff_receiving_concept_screen_epa|pff_receiving_concept_screen_first_downs|pff_receiving_concept_screen_fumbles|pff_receiving_concept_screen_grades_hands_drop|pff_receiving_concept_screen_grades_pass_route|pff_receiving_concept_screen_interceptions|pff_receiving_concept_screen_longest|pff_receiving_concept_screen_pass_block_rate|pff_receiving_concept_screen_pass_blocks|pff_receiving_concept_screen_pass_plays|pff_receiving_concept_screen_positive_epa_percent|pff_receiving_concept_screen_receptions|pff_receiving_concept_screen_route_rate|pff_receiving_concept_screen_routes|pff_receiving_concept_screen_targeted_qb_rating|pff_receiving_concept_screen_targets|pff_receiving_concept_screen_targets_percent|pff_receiving_concept_screen_touchdowns|pff_receiving_concept_screen_yards|pff_receiving_concept_screen_yards_after_catch|pff_receiving_concept_screen_yards_after_catch_per_reception,0.408,0.637,9.91,17.1,88.2
23,Chop Robinson,DE,DL,Penn St.,MIA,1.0,21.0,21.0,0.425,0.285,0.026,0.451,,0,0.451,0.85,0.667,2,1,too_few_football_features,ras_score|pffx_g_off|age,0.363,0.619,9.72,,60.0
24,Nate Wiggins,CB,DB,Clemson,BAL,1.0,30.0,21.0,0.42,0.314,0.028,0.448,,0,0.448,0.85,0.333,1,1,too_few_football_features,ras_score|age,0.525,0.684,9.44,,
25,Troy Fautanu,OL,OL,Washington,PIT,1.0,20.0,23.0,0.435,0.022,0.009,0.444,,0,0.444,0.95,0.5,27,1,,ras_score|pffx_g_off|pff_offense_blocking_block_percent|pff_offense_blocking_declined_penalties|pff_offense_blocking_grades_offense|pff_offense_blocking_grades_pass_block|pff_offense_blocking_grades_run_block|pff_offense_blocking_hits_allowed|pff_offense_blocking_hurries_allowed|pff_offense_blocking_non_spike_pass_block|pff_offense_blocking_non_spike_pass_block_percentage|pff_offense_blocking_pass_block_percent|pff_offense_blocking_pbe|pff_offense_blocking_penalties|pff_offense_blocking_pressures_allowed|pff_offense_blocking_sacks_allowed|pff_offense_blocking_snap_counts_block|pff_offense_blocking_snap_counts_ce|pff_offense_blocking_snap_counts_lg|pff_offense_blocking_snap_counts_lt|pff_offense_blocking_snap_counts_offense|pff_offense_blocking_snap_counts_pass_block|pff_offense_blocking_snap_counts_pass_play|pff_offense_blocking_snap_counts_rg|pff_offense_blocking_snap_counts_rt|pff_offense_blocking_snap_counts_run_block|pff_offense_blocking_snap_counts_te|age,0.51,0.258,9.62,,75.5
26,Jared Verse,DL,DL,Florida St.,LAR,1.0,19.0,23.0,0.425,0.166,0.015,0.44,,0,0.44,0.85,0.333,1,1,too_few_football_features,ras_score|age,0.36,0.618,9.6,,
27,Terrion Arnold,DB,DB,Alabama,DET,1.0,24.0,21.0,0.42,0.205,0.018,0.438,,0,0.438,0.85,0.667,2,1,too_few_football_features,ras_score|pffx_g_off|age,0.353,0.615,9.27,,60.0
28,Dallas Turner,LB,LB,Alabama,MIN,1.0,17.0,21.0,0.415,0.257,0.023,0.438,,0,0.438,0.85,0.333,1,1,too_few_football_features,ras_score|age,0.692,0.751,8.86,,
29,Graham Barton,OL,OL,Duke,TAM,1.0,26.0,22.0,0.435,-0.008,-0.003,0.432,,0,0.432,0.95,0.5,27,1,,ras_score|pffx_g_off|pff_offense_blocking_block_percent|pff_offense_blocking_declined_penalties|pff_offense_blocking_grades_offense|pff_offense_blocking_grades_pass_block|pff_offense_blocking_grades_run_block|pff_offense_blocking_hits_allowed|pff_offense_blocking_hurries_allowed|pff_offense_blocking_non_spike_pass_block|pff_offense_blocking_non_spike_pass_block_percentage|pff_offense_blocking_pass_block_percent|pff_offense_blocking_pbe|pff_offense_blocking_penalties|pff_offense_blocking_pressures_allowed|pff_offense_blocking_sacks_allowed|pff_offense_blocking_snap_counts_block|pff_offense_blocking_snap_counts_ce|pff_offense_blocking_snap_counts_lg|pff_offense_blocking_snap_counts_lt|pff_offense_blocking_snap_counts_offense|pff_offense_blocking_snap_counts_pass_block|pff_offense_blocking_snap_counts_pass_play|pff_offense_blocking_snap_counts_rg|pff_offense_blocking_snap_counts_rt|pff_offense_blocking_snap_counts_run_block|pff_offense_blocking_snap_counts_te|age,0.524,0.684,10.0,,75.9
30,Darius Robinson,DL,DL,Missouri,ARI,1.0,27.0,22.0,0.425,0.062,0.006,0.431,,0,0.431,0.85,0.333,1,1,too_few_football_features,ras_score|age,0.389,0.21,7.78,,
31,Quinyon Mitchell,CB,DB,Toledo,PHI,1.0,22.0,23.0,0.42,0.1,0.009,0.429,,0,0.429,0.85,0.667,2,1,too_few_football_features,ras_score|pffx_g_off|age,0.323,0.603,9.79,,60.0
32,Jackson Powers-Johnson,OL,OL,Oregon,LVR,2.0,44.0,21.0,0.285,0.282,0.124,0.409,,0,0.409,0.95,0.481,26,1,missing_ras,pffx_g_off|pff_offense_blocking_block_percent|pff_offense_blocking_declined_penalties|pff_offense_blocking_grades_offense|pff_offense_blocking_grades_pass_block|pff_offense_blocking_grades_run_block|pff_offense_blocking_hits_allowed|pff_offense_blocking_hurries_allowed|pff_offense_blocking_non_spike_pass_block|pff_offense_blocking_non_spike_pass_block_percentage|pff_offense_blocking_pass_block_percent|pff_offense_blocking_pbe|pff_offense_blocking_penalties|pff_offense_blocking_pressures_allowed|pff_offense_blocking_sacks_allowed|pff_offense_blocking_snap_counts_block|pff_offense_blocking_snap_counts_ce|pff_offense_blocking_snap_counts_lg|pff_offense_blocking_snap_counts_lt|pff_offense_blocking_snap_counts_offense|pff_offense_blocking_snap_counts_pass_block|pff_offense_blocking_snap_counts_pass_play|pff_offense_blocking_snap_counts_rg|pff_offense_blocking_snap_counts_rt|pff_offense_blocking_snap_counts_run_block|pff_offense_blocking_snap_counts_te|age,0.377,0.523,,,84.5
33,Tyler Guyton,OL,OL,Oklahoma,DAL,1.0,29.0,23.0,0.435,-0.137,-0.055,0.38,,0,0.38,0.95,0.5,27,1,,ras_score|pffx_g_off|pff_offense_blocking_block_percent|pff_offense_blocking_declined_penalties|pff_offense_blocking_grades_offense|pff_offense_blocking_grades_pass_block|pff_offense_blocking_grades_run_block|pff_offense_blocking_hits_allowed|pff_offense_blocking_hurries_allowed|pff_offense_blocking_non_spike_pass_block|pff_offense_blocking_non_spike_pass_block_percentage|pff_offense_blocking_pass_block_percent|pff_offense_blocking_pbe|pff_offense_blocking_penalties|pff_offense_blocking_pressures_allowed|pff_offense_blocking_sacks_allowed|pff_offense_blocking_snap_counts_block|pff_offense_blocking_snap_counts_ce|pff_offense_blocking_snap_counts_lg|pff_offense_blocking_snap_counts_lt|pff_offense_blocking_snap_counts_offense|pff_offense_blocking_snap_counts_pass_block|pff_offense_blocking_snap_counts_pass_play|pff_offense_blocking_snap_counts_rg|pff_offense_blocking_snap_counts_rt|pff_offense_blocking_snap_counts_run_block|pff_offense_blocking_snap_counts_te|age,0.36,0.618,9.73,,63.7
34,Patrick Paul,OL,OL,Houston,MIA,2.0,55.0,22.0,0.285,0.169,0.074,0.359,,0,0.359,0.95,0.5,27,1,,ras_score|pffx_g_off|pff_offense_blocking_block_percent|pff_offense_blocking_declined_penalties|pff_offense_blocking_grades_offense|pff_offense_blocking_grades_pass_block|pff_offense_blocking_grades_run_block|pff_offense_blocking_hits_allowed|pff_offense_blocking_hurries_allowed|pff_offense_blocking_non_spike_pass_block|pff_offense_blocking_non_spike_pass_block_percentage|pff_offense_blocking_pass_block_percent|pff_offense_blocking_pbe|pff_offense_blocking_penalties|pff_offense_blocking_pressures_allowed|pff_offense_blocking_sacks_allowed|pff_offense_blocking_snap_counts_block|pff_offense_blocking_snap_counts_ce|pff_offense_blocking_snap_counts_lg|pff_offense_blocking_snap_counts_lt|pff_offense_blocking_snap_counts_offense|pff_offense_blocking_snap_counts_pass_block|pff_offense_blocking_snap_counts_pass_play|pff_offense_blocking_snap_counts_rg|pff_offense_blocking_snap_counts_rt|pff_offense_blocking_snap_counts_run_block|pff_offense_blocking_snap_counts_te|age,0.296,0.49,9.67,,81.1
35,Ja'Lynn Polk,WR,WR,Washington,NWE,2.0,37.0,22.0,0.285,0.116,0.051,0.336,,0,0.336,0.95,0.989,640,1,,ras_score|pffx_yprr|pffx_g_off|pff_receiving_concept_base_targets|pff_receiving_concept_declined_penalties|pff_receiving_concept_penalties|pff_receiving_concept_screen_avg_depth_of_target|pff_receiving_concept_screen_avoided_tackles|pff_receiving_concept_screen_caught_percent|pff_receiving_concept_screen_contested_receptions|pff_receiving_concept_screen_contested_targets|pff_receiving_concept_screen_drop_rate|pff_receiving_concept_screen_drops|pff_receiving_concept_screen_epa|pff_receiving_concept_screen_first_downs|pff_receiving_concept_screen_fumbles|pff_receiving_concept_screen_grades_hands_drop|pff_receiving_concept_screen_grades_pass_route|pff_receiving_concept_screen_interceptions|pff_receiving_concept_screen_longest|pff_receiving_concept_screen_pass_block_rate|pff_receiving_concept_screen_pass_blocks|pff_receiving_concept_screen_pass_plays|pff_receiving_concept_screen_positive_epa_percent|pff_receiving_concept_screen_receptions|pff_receiving_concept_screen_route_rate|pff_receiving_concept_screen_routes|pff_receiving_concept_screen_targeted_qb_rating|pff_receiving_concept_screen_targets|pff_receiving_concept_screen_targets_percent|pff_receiving_concept_screen_touchdowns|pff_receiving_concept_screen_yards|pff_receiving_concept_screen_yards_after_catch|pff_receiving_concept_screen_yards_after_catch_per_reception|pff_receiving_concept_screen_yards_per_reception,0.716,0.352,8.85,20.25,75.0
36,Zach Frazier,OL,OL,West Virginia,PIT,2.0,51.0,23.0,0.285,0.107,0.047,0.332,,0,0.332,0.95,0.5,27,1,,ras_score|pffx_g_off|pff_offense_blocking_block_percent|pff_offense_blocking_declined_penalties|pff_offense_blocking_grades_offense|pff_offense_blocking_grades_pass_block|pff_offense_blocking_grades_run_block|pff_offense_blocking_hits_allowed|pff_offense_blocking_hurries_allowed|pff_offense_blocking_non_spike_pass_block|pff_offense_blocking_non_spike_pass_block_percentage|pff_offense_blocking_pass_block_percent|pff_offense_blocking_pbe|pff_offense_blocking_penalties|pff_offense_blocking_pressures_allowed|pff_offense_blocking_sacks_allowed|pff_offense_blocking_snap_counts_block|pff_offense_blocking_snap_counts_ce|pff_offense_blocking_snap_counts_lg|pff_offense_blocking_snap_counts_lt|pff_offense_blocking_snap_counts_offense|pff_offense_blocking_snap_counts_pass_block|pff_offense_blocking_snap_counts_pass_play|pff_offense_blocking_snap_counts_rg|pff_offense_blocking_snap_counts_rt|pff_offense_blocking_snap_counts_run_block|pff_offense_blocking_snap_counts_te|age,0.266,0.478,7.67,,77.1
37,Ben Sinnott,TE,TE,Kansas St.,WAS,2.0,53.0,22.0,0.255,0.146,0.064,0.319,,0,0.319,0.95,0.918,617,1,,ras_score|pffx_yprr|pffx_g_off|pff_offense_blocking_block_percent|pff_offense_blocking_declined_penalties|pff_offense_blocking_grades_offense|pff_offense_blocking_grades_pass_block|pff_offense_blocking_grades_run_block|pff_offense_blocking_hits_allowed|pff_offense_blocking_hurries_allowed|pff_offense_blocking_non_spike_pass_block|pff_offense_blocking_non_spike_pass_block_percentage|pff_offense_blocking_pass_block_percent|pff_offense_blocking_pbe|pff_offense_blocking_penalties|pff_offense_blocking_pressures_allowed|pff_offense_blocking_sacks_allowed|pff_offense_blocking_snap_counts_block|pff_offense_blocking_snap_counts_ce|pff_offense_blocking_snap_counts_lg|pff_offense_blocking_snap_counts_lt|pff_offense_blocking_snap_counts_offense|pff_offense_blocking_snap_counts_pass_block|pff_offense_blocking_snap_counts_pass_play|pff_offense_blocking_snap_counts_rg|pff_offense_blocking_snap_counts_rt|pff_offense_blocking_snap_counts_run_block|pff_offense_blocking_snap_counts_te|pff_receiving_concept_base_targets|pff_receiving_concept_declined_penalties|pff_receiving_concept_penalties|pff_receiving_concept_screen_avg_depth_of_target|pff_receiving_concept_screen_avoided_tackles|pff_receiving_concept_screen_caught_percent|pff_receiving_concept_screen_contested_catch_rate,0.238,0.161,9.73,13.63,82.0
38,Roger Rosengarten,OL,OL,Washington,BAL,2.0,62.0,22.0,0.285,0.065,0.028,0.313,,0,0.313,0.95,0.5,27,1,,ras_score|pffx_g_off|pff_offense_blocking_block_percent|pff_offense_blocking_declined_penalties|pff_offense_blocking_grades_offense|pff_offense_blocking_grades_pass_block|pff_offense_blocking_grades_run_block|pff_offense_blocking_hits_allowed|pff_offense_blocking_hurries_allowed|pff_offense_blocking_non_spike_pass_block|pff_offense_blocking_non_spike_pass_block_percentage|pff_offense_blocking_pass_block_percent|pff_offense_blocking_pbe|pff_offense_blocking_penalties|pff_offense_blocking_pressures_allowed|pff_offense_blocking_sacks_allowed|pff_offense_blocking_snap_counts_block|pff_offense_blocking_snap_counts_ce|pff_offense_blocking_snap_counts_lg|pff_offense_blocking_snap_counts_lt|pff_offense_blocking_snap_counts_offense|pff_offense_blocking_snap_counts_pass_block|pff_offense_blocking_snap_counts_pass_play|pff_offense_blocking_snap_counts_rg|pff_offense_blocking_snap_counts_rt|pff_offense_blocking_snap_counts_run_block|pff_offense_blocking_snap_counts_te|age,0.321,0.5,9.19,,71.0
39,Michael Hall,DT,DL,Ohio St.,CLE,2.0,54.0,21.0,0.275,0.377,0.034,0.309,,0,0.309,0.85,0.333,1,1,too_few_football_features,ras_score|age,0.348,0.205,9.57,,
40,Cooper DeJean,DB,DB,Iowa,PHI,2.0,40.0,21.0,0.27,0.387,0.035,0.305,,0,0.305,0.85,0.667,2,1,too_few_football_features,ras_score|pffx_g_off|age,0.501,0.572,9.85,,68.3
41,T'Vondre Sweat,DL,DL,Texas,TEN,2.0,38.0,23.0,0.275,0.16,0.027,0.302,,0,0.302,0.85,1,3,1,thin_football_features,ras_score|pffx_yprr|pffx_g_off|age,0.561,0.596,4.27,2.0,84.4
42,Adonai Mitchell,WR,WR,Texas,IND,2.0,52.0,21.0,0.285,0.036,0.016,0.301,,0,0.301,0.95,0.971,628,1,,ras_score|pffx_yprr|pffx_g_off|pff_receiving_concept_base_targets|pff_receiving_concept_declined_penalties|pff_receiving_concept_penalties|pff_receiving_concept_screen_avg_depth_of_target|pff_receiving_concept_screen_avoided_tackles|pff_receiving_concept_screen_caught_percent|pff_receiving_concept_screen_contested_receptions|pff_receiving_concept_screen_contested_targets|pff_receiving_concept_screen_drop_rate|pff_receiving_concept_screen_drops|pff_receiving_concept_screen_epa|pff_receiving_concept_screen_first_downs|pff_receiving_concept_screen_fumbles|pff_receiving_concept_screen_grades_hands_drop|pff_receiving_concept_screen_grades_pass_route|pff_receiving_concept_screen_interceptions|pff_receiving_concept_screen_longest|pff_receiving_concept_screen_pass_block_rate|pff_receiving_concept_screen_pass_blocks|pff_receiving_concept_screen_pass_plays|pff_receiving_concept_screen_positive_epa_percent|pff_receiving_concept_screen_receptions|pff_receiving_concept_screen_route_rate|pff_receiving_concept_screen_routes|pff_receiving_concept_screen_targeted_qb_rating|pff_receiving_concept_screen_targets|pff_receiving_concept_screen_targets_percent|pff_receiving_concept_screen_touchdowns|pff_receiving_concept_screen_yards|pff_receiving_concept_screen_yards_after_catch|pff_receiving_concept_screen_yards_after_catch_per_reception|pff_receiving_concept_screen_yards_per_reception,0.277,0.177,9.99,13.73,74.0
43,Keon Coleman,WR,WR,Florida St.,BUF,2.0,33.0,21.0,0.285,0.031,0.014,0.299,,0,0.299,0.95,0.992,642,1,,ras_score|pffx_yprr|pffx_g_off|pff_receiving_concept_base_targets|pff_receiving_concept_declined_penalties|pff_receiving_concept_penalties|pff_receiving_concept_screen_avg_depth_of_target|pff_receiving_concept_screen_avoided_tackles|pff_receiving_concept_screen_caught_percent|pff_receiving_concept_screen_contested_catch_rate|pff_receiving_concept_screen_contested_receptions|pff_receiving_concept_screen_contested_targets|pff_receiving_concept_screen_drop_rate|pff_receiving_concept_screen_drops|pff_receiving_concept_screen_epa|pff_receiving_concept_screen_first_downs|pff_receiving_concept_screen_fumbles|pff_receiving_concept_screen_grades_hands_drop|pff_receiving_concept_screen_grades_pass_route|pff_receiving_concept_screen_interceptions|pff_receiving_concept_screen_longest|pff_receiving_concept_screen_pass_block_rate|pff_receiving_concept_screen_pass_blocks|pff_receiving_concept_screen_pass_plays|pff_receiving_concept_screen_positive_epa_percent|pff_receiving_concept_screen_receptions|pff_receiving_concept_screen_route_rate|pff_receiving_concept_screen_routes|pff_receiving_concept_screen_targeted_qb_rating|pff_receiving_concept_screen_targets|pff_receiving_concept_screen_targets_percent|pff_receiving_concept_screen_touchdowns|pff_receiving_concept_screen_yards|pff_receiving_concept_screen_yards_after_catch|pff_receiving_concept_screen_yards_after_catch_per_reception,0.414,0.538,8.18,10.71,70.2
44,Maason Smith,DT,DL,LSU,JAX,2.0,48.0,21.0,0.275,0.239,0.022,0.297,,0,0.297,0.85,0.333,1,1,too_few_football_features,ras_score|age,0.276,0.176,8.46,,
45,Cole Bishop,SAF,DB,Utah,BUF,2.0,60.0,21.0,0.27,0.277,0.025,0.295,,0,0.295,0.85,0.667,2,1,too_few_football_features,ras_score|pffx_g_off|age,0.229,0.463,9.88,,60.0
46,Kris Jenkins,DL,DL,Michigan,CIN,2.0,49.0,22.0,0.275,0.183,0.016,0.291,,0,0.291,0.85,0.333,1,1,too_few_football_features,ras_score|age,0.256,0.474,8.99,,
47,Ruke Orhorhoro,DT,DL,Clemson,ATL,2.0,35.0,22.0,0.275,0.145,0.013,0.288,,0,0.288,0.85,0.667,2,1,too_few_football_features,ras_score|pffx_g_off|age,0.295,0.49,9.92,,59.8
48,Marshawn Kneeland,DL,DL,Western Michigan,DAL,2.0,56.0,23.0,0.275,0.142,0.013,0.288,,0,0.288,0.85,0.667,2,1,too_few_football_features,ras_score|pffx_g_off|age,0.182,0.139,9.08,,68.0
49,Mike Sainristil,DB,DB,Michigan,WAS,2.0,50.0,23.0,0.27,0.103,0.018,0.288,,0,0.288,0.85,1,3,1,thin_football_features,ras_score|pffx_yprr|pffx_g_off|age,0.335,0.506,8.45,20.83,86.6
50,Max Melton,DB,DB,Rutgers,ARI,2.0,43.0,22.0,0.27,0.168,0.015,0.285,,0,0.285,0.85,0.333,1,1,too_few_football_features,ras_score|age,0.35,0.206,9.09,,
51,Ladd McConkey,WR,WR,Georgia,LAC,2.0,34.0,22.0,0.285,-0.009,-0.004,0.281,,0,0.281,0.95,0.961,622,1,,ras_score|pffx_yprr|pffx_g_off|pff_receiving_concept_base_targets|pff_receiving_concept_declined_penalties|pff_receiving_concept_penalties|pff_receiving_concept_screen_avg_depth_of_target|pff_receiving_concept_screen_avoided_tackles|pff_receiving_concept_screen_caught_percent|pff_receiving_concept_screen_contested_receptions|pff_receiving_concept_screen_contested_targets|pff_receiving_concept_screen_drop_rate|pff_receiving_concept_screen_drops|pff_receiving_concept_screen_epa|pff_receiving_concept_screen_first_downs|pff_receiving_concept_screen_fumbles|pff_receiving_concept_screen_grades_hands_drop|pff_receiving_concept_screen_grades_pass_route|pff_receiving_concept_screen_interceptions|pff_receiving_concept_screen_longest|pff_receiving_concept_screen_pass_block_rate|pff_receiving_concept_screen_pass_blocks|pff_receiving_concept_screen_pass_plays|pff_receiving_concept_screen_positive_epa_percent|pff_receiving_concept_screen_receptions|pff_receiving_concept_screen_route_rate|pff_receiving_concept_screen_routes|pff_receiving_concept_screen_targeted_qb_rating|pff_receiving_concept_screen_targets|pff_receiving_concept_screen_targets_percent|pff_receiving_concept_screen_touchdowns|pff_receiving_concept_screen_yards|pff_receiving_concept_screen_yards_after_catch|pff_receiving_concept_screen_yards_after_catch_per_reception|pff_receiving_concept_screen_yards_per_reception,0.743,0.669,9.34,20.5,84.1
52,Cooper Beebe,OL,OL,Kansas St.,DAL,3.0,73.0,23.0,0.195,0.214,0.085,0.28,,0,0.28,0.95,0.5,27,1,,ras_score|pffx_g_off|pff_offense_blocking_block_percent|pff_offense_blocking_declined_penalties|pff_offense_blocking_grades_offense|pff_offense_blocking_grades_pass_block|pff_offense_blocking_grades_run_block|pff_offense_blocking_hits_allowed|pff_offense_blocking_hurries_allowed|pff_offense_blocking_non_spike_pass_block|pff_offense_blocking_non_spike_pass_block_percentage|pff_offense_blocking_pass_block_percent|pff_offense_blocking_pbe|pff_offense_blocking_penalties|pff_offense_blocking_pressures_allowed|pff_offense_blocking_sacks_allowed|pff_offense_blocking_snap_counts_block|pff_offense_blocking_snap_counts_ce|pff_offense_blocking_snap_counts_lg|pff_offense_blocking_snap_counts_lt|pff_offense_blocking_snap_counts_offense|pff_offense_blocking_snap_counts_pass_block|pff_offense_blocking_snap_counts_pass_play|pff_offense_blocking_snap_counts_rg|pff_offense_blocking_snap_counts_rt|pff_offense_blocking_snap_counts_run_block|pff_offense_blocking_snap_counts_te|age,0.26,0.476,9.29,,83.9
53,Edgerrin Cooper,LB,LB,Texas A&M,GNB,2.0,45.0,22.0,0.265,0.169,0.015,0.28,,0,0.28,0.85,0.333,1,1,too_few_football_features,ras_score|age,0.417,0.539,9.13,,
54,Jer'Zhan Newton,DL,DL,Illinois,WAS,2.0,36.0,22.0,0.275,0.057,0.005,0.28,,0,0.28,0.28,0,0,1,missing_ras;too_few_football_features;low_position_feature_completeness,age,0.4,0.532,,,
55,Braden Fiske,DL,DL,Florida St.,LAR,2.0,39.0,24.0,0.275,0.051,0.005,0.28,,0,0.28,0.85,0.667,2,1,too_few_football_features,ras_score|pffx_g_off|age,0.276,0.482,9.9,,60.0
56,Kool-Aid McKinstry,DB,DB,Alabama,NOR,2.0,41.0,21.0,0.27,0.077,0.007,0.277,,0,0.277,0.85,0.333,1,1,too_few_football_features,ras_score|age,0.482,0.565,7.54,,
57,Javon Bullard,DB,DB,Georgia,GNB,2.0,58.0,22.0,0.27,0.074,0.007,0.277,,0,0.277,0.85,0.333,1,1,too_few_football_features,ras_score|age,0.256,0.474,8.25,,
58,Chris Braswell,LB,LB,Alabama,TAM,2.0,57.0,22.0,0.265,0.105,0.009,0.274,,0,0.274,0.85,0.333,1,1,too_few_football_features,ras_score|age,0.35,0.206,8.73,,
59,Jonathon Brooks,RB,RB,Texas,CAR,2.0,46.0,21.0,0.255,0.039,0.017,0.272,,0,0.272,0.95,0.812,559,1,missing_ras,pffx_yprr|pffx_g_off|pff_receiving_concept_base_targets|pff_receiving_concept_declined_penalties|pff_receiving_concept_penalties|pff_receiving_concept_screen_avg_depth_of_target|pff_receiving_concept_screen_avoided_tackles|pff_receiving_concept_screen_caught_percent|pff_receiving_concept_screen_contested_receptions|pff_receiving_concept_screen_contested_targets|pff_receiving_concept_screen_drop_rate|pff_receiving_concept_screen_drops|pff_receiving_concept_screen_epa|pff_receiving_concept_screen_first_downs|pff_receiving_concept_screen_fumbles|pff_receiving_concept_screen_grades_hands_drop|pff_receiving_concept_screen_grades_pass_route|pff_receiving_concept_screen_interceptions|pff_receiving_concept_screen_longest|pff_receiving_concept_screen_pass_block_rate|pff_receiving_concept_screen_pass_blocks|pff_receiving_concept_screen_pass_plays|pff_receiving_concept_screen_positive_epa_percent|pff_receiving_concept_screen_receptions|pff_receiving_concept_screen_route_rate|pff_receiving_concept_screen_routes|pff_receiving_concept_screen_targeted_qb_rating|pff_receiving_concept_screen_targets|pff_receiving_concept_screen_targets_percent|pff_receiving_concept_screen_touchdowns|pff_receiving_concept_screen_yards|pff_receiving_concept_screen_yards_after_catch|pff_receiving_concept_screen_yards_after_catch_per_reception|pff_receiving_concept_screen_yards_per_reception|pff_receiving_concept_screen_yprr,0.349,0.139,,13.53,91.5
60,Kamari Lassiter,DB,DB,Georgia,HOU,2.0,42.0,21.0,0.27,-0.03,-0.003,0.267,,0,0.267,0.85,0.333,1,1,too_few_football_features,ras_score|age,0.452,0.553,6.24,,
61,Renardo Green,DB,DB,Florida St.,SFO,2.0,64.0,23.0,0.27,-0.049,-0.004,0.266,,0,0.266,0.85,0.667,2,1,too_few_football_features,ras_score|pffx_g_off|age,0.167,0.439,8.21,,60.0
62,Ennis Rakestraw,DB,DB,Missouri,DET,2.0,61.0,22.0,0.27,-0.133,-0.012,0.258,,0,0.258,0.85,0.667,2,1,too_few_football_features,ras_score|pffx_g_off|age,0.135,0.054,6.17,,60.0
63,Kingsley Suamataia,OL,OL,BYU,KAN,2.0,63.0,21.0,0.285,-0.09,-0.04,0.245,,0,0.245,0.95,0.5,27,1,,ras_score|pffx_g_off|pff_offense_blocking_block_percent|pff_offense_blocking_declined_penalties|pff_offense_blocking_grades_offense|pff_offense_blocking_grades_pass_block|pff_offense_blocking_grades_run_block|pff_offense_blocking_hits_allowed|pff_offense_blocking_hurries_allowed|pff_offense_blocking_non_spike_pass_block|pff_offense_blocking_non_spike_pass_block_percentage|pff_offense_blocking_pass_block_percent|pff_offense_blocking_pbe|pff_offense_blocking_penalties|pff_offense_blocking_pressures_allowed|pff_offense_blocking_sacks_allowed|pff_offense_blocking_snap_counts_block|pff_offense_blocking_snap_counts_ce|pff_offense_blocking_snap_counts_lg|pff_offense_blocking_snap_counts_lt|pff_offense_blocking_snap_counts_offense|pff_offense_blocking_snap_counts_pass_block|pff_offense_blocking_snap_counts_pass_play|pff_offense_blocking_snap_counts_rg|pff_offense_blocking_snap_counts_rt|pff_offense_blocking_snap_counts_run_block|pff_offense_blocking_snap_counts_te|age,0.424,0.541,9.4,,67.5
64,Blake Fisher,OL,OL,Notre Dame,HOU,2.0,59.0,21.0,0.285,-0.094,-0.041,0.244,,0,0.244,0.95,0.5,27,1,,ras_score|pffx_g_off|pff_offense_blocking_block_percent|pff_offense_blocking_declined_penalties|pff_offense_blocking_grades_offense|pff_offense_blocking_grades_pass_block|pff_offense_blocking_grades_run_block|pff_offense_blocking_hits_allowed|pff_offense_blocking_hurries_allowed|pff_offense_blocking_non_spike_pass_block|pff_offense_blocking_non_spike_pass_block_percentage|pff_offense_blocking_pass_block_percent|pff_offense_blocking_pbe|pff_offense_blocking_penalties|pff_offense_blocking_pressures_allowed|pff_offense_blocking_sacks_allowed|pff_offense_blocking_snap_counts_block|pff_offense_blocking_snap_counts_ce|pff_offense_blocking_snap_counts_lg|pff_offense_blocking_snap_counts_lt|pff_offense_blocking_snap_counts_offense|pff_offense_blocking_snap_counts_pass_block|pff_offense_blocking_snap_counts_pass_play|pff_offense_blocking_snap_counts_rg|pff_offense_blocking_snap_counts_rt|pff_offense_blocking_snap_counts_run_block|pff_offense_blocking_snap_counts_te|age,0.277,0.177,7.72,,71.8
65,Christian Haynes,OL,OL,Connecticut,SEA,3.0,81.0,24.0,0.195,0.11,0.044,0.239,,0,0.239,0.95,0.5,27,1,,ras_score|pffx_g_off|pff_offense_blocking_block_percent|pff_offense_blocking_declined_penalties|pff_offense_blocking_grades_offense|pff_offense_blocking_grades_pass_block|pff_offense_blocking_grades_run_block|pff_offense_blocking_hits_allowed|pff_offense_blocking_hurries_allowed|pff_offense_blocking_non_spike_pass_block|pff_offense_blocking_non_spike_pass_block_percentage|pff_offense_blocking_pass_block_percent|pff_offense_blocking_pbe|pff_offense_blocking_penalties|pff_offense_blocking_pressures_allowed|pff_offense_blocking_sacks_allowed|pff_offense_blocking_snap_counts_block|pff_offense_blocking_snap_counts_ce|pff_offense_blocking_snap_counts_lg|pff_offense_blocking_snap_counts_lt|pff_offense_blocking_snap_counts_offense|pff_offense_blocking_snap_counts_pass_block|pff_offense_blocking_snap_counts_pass_play|pff_offense_blocking_snap_counts_rg|pff_offense_blocking_snap_counts_rt|pff_offense_blocking_snap_counts_run_block|pff_offense_blocking_snap_counts_te|age,0.192,0.143,9.1,,80.2
66,Tyler Nubin,DB,DB,Minnesota,NYG,2.0,47.0,23.0,0.27,-0.383,-0.034,0.236,,0,0.236,0.85,0.333,1,1,too_few_football_features,ras_score|age,0.397,0.531,3.72,,
67,Dominick Puni,OL,OL,Kansas,SFO,3.0,86.0,24.0,0.195,0.097,0.039,0.234,,0,0.234,0.95,0.5,27,1,,ras_score|pffx_g_off|pff_offense_blocking_block_percent|pff_offense_blocking_declined_penalties|pff_offense_blocking_grades_offense|pff_offense_blocking_grades_pass_block|pff_offense_blocking_grades_run_block|pff_offense_blocking_hits_allowed|pff_offense_blocking_hurries_allowed|pff_offense_blocking_non_spike_pass_block|pff_offense_blocking_non_spike_pass_block_percentage|pff_offense_blocking_pass_block_percent|pff_offense_blocking_pbe|pff_offense_blocking_penalties|pff_offense_blocking_pressures_allowed|pff_offense_blocking_sacks_allowed|pff_offense_blocking_snap_counts_block|pff_offense_blocking_snap_counts_ce|pff_offense_blocking_snap_counts_lg|pff_offense_blocking_snap_counts_lt|pff_offense_blocking_snap_counts_offense|pff_offense_blocking_snap_counts_pass_block|pff_offense_blocking_snap_counts_pass_play|pff_offense_blocking_snap_counts_rg|pff_offense_blocking_snap_counts_rt|pff_offense_blocking_snap_counts_run_block|pff_offense_blocking_snap_counts_te|age,0.167,0.439,8.17,,80.6
68,Luke McCaffrey,WR,WR,Rice,WAS,3.0,100.0,23.0,0.195,0.087,0.035,0.23,,0,0.23,0.95,0.981,635,1,,ras_score|pffx_yprr|pffx_g_off|pff_receiving_concept_base_targets|pff_receiving_concept_declined_penalties|pff_receiving_concept_penalties|pff_receiving_concept_screen_avg_depth_of_target|pff_receiving_concept_screen_avoided_tackles|pff_receiving_concept_screen_caught_percent|pff_receiving_concept_screen_contested_catch_rate|pff_receiving_concept_screen_contested_receptions|pff_receiving_concept_screen_contested_targets|pff_receiving_concept_screen_drop_rate|pff_receiving_concept_screen_drops|pff_receiving_concept_screen_epa|pff_receiving_concept_screen_first_downs|pff_receiving_concept_screen_fumbles|pff_receiving_concept_screen_grades_hands_drop|pff_receiving_concept_screen_grades_pass_route|pff_receiving_concept_screen_interceptions|pff_receiving_concept_screen_longest|pff_receiving_concept_screen_pass_block_rate|pff_receiving_concept_screen_pass_blocks|pff_receiving_concept_screen_pass_plays|pff_receiving_concept_screen_positive_epa_percent|pff_receiving_concept_screen_receptions|pff_receiving_concept_screen_route_rate|pff_receiving_concept_screen_routes|pff_receiving_concept_screen_targeted_qb_rating|pff_receiving_concept_screen_targets|pff_receiving_concept_screen_targets_percent|pff_receiving_concept_screen_touchdowns|pff_receiving_concept_screen_yards|pff_receiving_concept_screen_yards_after_catch|pff_receiving_concept_screen_yards_after_catch_per_reception,0.189,0.142,9.44,13.57,86.4
69,Zak Zinter,OL,OL,Michigan,CLE,3.0,85.0,23.0,0.195,0.064,0.026,0.221,,0,0.221,0.95,0.481,26,1,missing_ras,pffx_g_off|pff_offense_blocking_block_percent|pff_offense_blocking_declined_penalties|pff_offense_blocking_grades_offense|pff_offense_blocking_grades_pass_block|pff_offense_blocking_grades_run_block|pff_offense_blocking_hits_allowed|pff_offense_blocking_hurries_allowed|pff_offense_blocking_non_spike_pass_block|pff_offense_blocking_non_spike_pass_block_percentage|pff_offense_blocking_pass_block_percent|pff_offense_blocking_pbe|pff_offense_blocking_penalties|pff_offense_blocking_pressures_allowed|pff_offense_blocking_sacks_allowed|pff_offense_blocking_snap_counts_block|pff_offense_blocking_snap_counts_ce|pff_offense_blocking_snap_counts_lg|pff_offense_blocking_snap_counts_lt|pff_offense_blocking_snap_counts_offense|pff_offense_blocking_snap_counts_pass_block|pff_offense_blocking_snap_counts_pass_play|pff_offense_blocking_snap_counts_rg|pff_offense_blocking_snap_counts_rt|pff_offense_blocking_snap_counts_run_block|pff_offense_blocking_snap_counts_te|age,0.177,0.137,,,76.7
70,Malachi Corley,WR,WR,Western Kentucky,NYJ,3.0,65.0,22.0,0.195,0.044,0.017,0.212,,0,0.212,0.95,0.985,637,1,,ras_score|pffx_yprr|pffx_g_off|pff_receiving_concept_base_targets|pff_receiving_concept_declined_penalties|pff_receiving_concept_penalties|pff_receiving_concept_screen_avg_depth_of_target|pff_receiving_concept_screen_avoided_tackles|pff_receiving_concept_screen_caught_percent|pff_receiving_concept_screen_contested_receptions|pff_receiving_concept_screen_contested_targets|pff_receiving_concept_screen_drop_rate|pff_receiving_concept_screen_drops|pff_receiving_concept_screen_epa|pff_receiving_concept_screen_first_downs|pff_receiving_concept_screen_fumbles|pff_receiving_concept_screen_grades_hands_drop|pff_receiving_concept_screen_grades_pass_route|pff_receiving_concept_screen_interceptions|pff_receiving_concept_screen_longest|pff_receiving_concept_screen_pass_block_rate|pff_receiving_concept_screen_pass_blocks|pff_receiving_concept_screen_pass_plays|pff_receiving_concept_screen_positive_epa_percent|pff_receiving_concept_screen_receptions|pff_receiving_concept_screen_route_rate|pff_receiving_concept_screen_routes|pff_receiving_concept_screen_targeted_qb_rating|pff_receiving_concept_screen_targets|pff_receiving_concept_screen_targets_percent|pff_receiving_concept_screen_touchdowns|pff_receiving_concept_screen_yards|pff_receiving_concept_screen_yards_after_catch|pff_receiving_concept_screen_yards_after_catch_per_reception|pff_receiving_concept_screen_yards_per_reception,0.324,0.196,7.76,17.4,86.6
71,Roman Wilson,WR,WR,Michigan,PIT,3.0,84.0,23.0,0.195,0.041,0.016,0.211,,0,0.211,0.95,0.961,622,1,,ras_score|pffx_yprr|pffx_g_off|pff_receiving_concept_base_targets|pff_receiving_concept_declined_penalties|pff_receiving_concept_penalties|pff_receiving_concept_screen_avg_depth_of_target|pff_receiving_concept_screen_avoided_tackles|pff_receiving_concept_screen_caught_percent|pff_receiving_concept_screen_contested_receptions|pff_receiving_concept_screen_contested_targets|pff_receiving_concept_screen_drop_rate|pff_receiving_concept_screen_drops|pff_receiving_concept_screen_epa|pff_receiving_concept_screen_first_downs|pff_receiving_concept_screen_fumbles|pff_receiving_concept_screen_grades_hands_drop|pff_receiving_concept_screen_grades_pass_route|pff_receiving_concept_screen_interceptions|pff_receiving_concept_screen_longest|pff_receiving_concept_screen_pass_block_rate|pff_receiving_concept_screen_pass_blocks|pff_receiving_concept_screen_pass_plays|pff_receiving_concept_screen_positive_epa_percent|pff_receiving_concept_screen_receptions|pff_receiving_concept_screen_route_rate|pff_receiving_concept_screen_routes|pff_receiving_concept_screen_targeted_qb_rating|pff_receiving_concept_screen_targets|pff_receiving_concept_screen_targets_percent|pff_receiving_concept_screen_touchdowns|pff_receiving_concept_screen_yards|pff_receiving_concept_screen_yards_after_catch|pff_receiving_concept_screen_yards_after_catch_per_reception|pff_receiving_concept_screen_yards_per_reception,0.205,0.148,8.59,17.28,81.5
72,Jermaine Burton,WR,WR,Alabama,CIN,3.0,80.0,23.0,0.195,0.031,0.012,0.207,,0,0.207,0.95,0.966,625,1,,ras_score|pffx_yprr|pffx_g_off|pff_receiving_concept_base_targets|pff_receiving_concept_declined_penalties|pff_receiving_concept_penalties|pff_receiving_concept_screen_avg_depth_of_target|pff_receiving_concept_screen_avoided_tackles|pff_receiving_concept_screen_caught_percent|pff_receiving_concept_screen_contested_receptions|pff_receiving_concept_screen_contested_targets|pff_receiving_concept_screen_drop_rate|pff_receiving_concept_screen_drops|pff_receiving_concept_screen_epa|pff_receiving_concept_screen_first_downs|pff_receiving_concept_screen_fumbles|pff_receiving_concept_screen_grades_hands_drop|pff_receiving_concept_screen_grades_pass_route|pff_receiving_concept_screen_interceptions|pff_receiving_concept_screen_longest|pff_receiving_concept_screen_pass_block_rate|pff_receiving_concept_screen_pass_blocks|pff_receiving_concept_screen_pass_plays|pff_receiving_concept_screen_positive_epa_percent|pff_receiving_concept_screen_receptions|pff_receiving_concept_screen_route_rate|pff_receiving_concept_screen_routes|pff_receiving_concept_screen_targeted_qb_rating|pff_receiving_concept_screen_targets|pff_receiving_concept_screen_targets_percent|pff_receiving_concept_screen_touchdowns|pff_receiving_concept_screen_yards|pff_receiving_concept_screen_yards_after_catch|pff_receiving_concept_screen_yards_after_catch_per_reception|pff_receiving_concept_screen_yards_per_reception,0.256,0.102,9.09,23.05,79.6
73,Trevin Wallace,LB,LB,Kentucky,CAR,3.0,72.0,21.0,0.175,0.31,0.028,0.203,,0,0.203,0.85,0.333,1,1,too_few_football_features,ras_score|age,0.433,0.545,9.34,,
74,Adisa Isaac,DE,DL,Penn St.,BAL,3.0,93.0,22.0,0.185,0.183,0.016,0.201,,0,0.201,0.85,0.333,1,1,too_few_football_features,ras_score|age,0.196,0.078,8.99,,
75,Delmar Glaze,OL,OL,Maryland,LVR,3.0,77.0,22.0,0.195,0.014,0.006,0.201,,0,0.201,0.95,0.5,27,1,,ras_score|pffx_g_off|pff_offense_blocking_block_percent|pff_offense_blocking_declined_penalties|pff_offense_blocking_grades_offense|pff_offense_blocking_grades_pass_block|pff_offense_blocking_grades_run_block|pff_offense_blocking_hits_allowed|pff_offense_blocking_hurries_allowed|pff_offense_blocking_non_spike_pass_block|pff_offense_blocking_non_spike_pass_block_percentage|pff_offense_blocking_pass_block_percent|pff_offense_blocking_pbe|pff_offense_blocking_penalties|pff_offense_blocking_pressures_allowed|pff_offense_blocking_sacks_allowed|pff_offense_blocking_snap_counts_block|pff_offense_blocking_snap_counts_ce|pff_offense_blocking_snap_counts_lg|pff_offense_blocking_snap_counts_lt|pff_offense_blocking_snap_counts_offense|pff_offense_blocking_snap_counts_pass_block|pff_offense_blocking_snap_counts_pass_play|pff_offense_blocking_snap_counts_rg|pff_offense_blocking_snap_counts_rt|pff_offense_blocking_snap_counts_run_block|pff_offense_blocking_snap_counts_te|age,0.244,0.47,5.54,,73.6
76,Jonah Elliss,DE,DL,Utah,DEN,3.0,76.0,21.0,0.185,0.169,0.015,0.2,,0,0.2,0.85,0.667,2,1,too_few_football_features,ras_score|pffx_g_off|age,0.193,0.449,8.59,,60.0
77,Kiran Amegadjie,OL,OL,Yale,CHI,3.0,75.0,22.0,0.195,0.057,0.005,0.2,,0,0.2,0.28,0,0,1,missing_ras;too_few_football_features;low_position_feature_completeness,age,0.275,0.11,,,
78,Jalyx Hunt,DE,DL,Houston Christian,PHI,3.0,94.0,23.0,0.185,0.108,0.01,0.195,,0,0.195,0.85,0.333,1,1,too_few_football_features,ras_score|age,0.186,0.446,9.22,,
79,Junior Colson,LB,LB,Michigan,LAC,3.0,69.0,21.0,0.175,0.2,0.018,0.193,,0,0.193,0.28,0,0,1,missing_ras;too_few_football_features;low_position_feature_completeness,age,0.376,0.217,,,
80,Jarrian Jones,DB,DB,Florida St.,JAX,3.0,96.0,23.0,0.18,0.135,0.012,0.192,,0,0.192,0.85,0.333,1,1,too_few_football_features,ras_score|age,0.228,0.157,9.61,,
81,Payton Wilson,LB,LB,North Carolina St.,PIT,3.0,98.0,24.0,0.175,0.185,0.017,0.192,,0,0.192,0.85,0.667,2,1,too_few_football_features,ras_score|pffx_g_off|age,0.242,0.469,9.89,,64.5
82,MarShawn Lloyd,RB,RB,USC,GNB,3.0,88.0,23.0,0.165,0.056,0.022,0.187,,0,0.187,0.95,0.853,587,1,,ras_score|pffx_yprr|pffx_g_off|pff_receiving_concept_base_targets|pff_receiving_concept_declined_penalties|pff_receiving_concept_penalties|pff_receiving_concept_screen_avg_depth_of_target|pff_receiving_concept_screen_avoided_tackles|pff_receiving_concept_screen_caught_percent|pff_receiving_concept_screen_contested_receptions|pff_receiving_concept_screen_contested_targets|pff_receiving_concept_screen_drop_rate|pff_receiving_concept_screen_drops|pff_receiving_concept_screen_epa|pff_receiving_concept_screen_first_downs|pff_receiving_concept_screen_fumbles|pff_receiving_concept_screen_grades_hands_drop|pff_receiving_concept_screen_grades_pass_route|pff_receiving_concept_screen_interceptions|pff_receiving_concept_screen_longest|pff_receiving_concept_screen_pass_block_rate|pff_receiving_concept_screen_pass_blocks|pff_receiving_concept_screen_pass_plays|pff_receiving_concept_screen_positive_epa_percent|pff_receiving_concept_screen_receptions|pff_receiving_concept_screen_route_rate|pff_receiving_concept_screen_routes|pff_receiving_concept_screen_targeted_qb_rating|pff_receiving_concept_screen_targets|pff_receiving_concept_screen_targets_percent|pff_receiving_concept_screen_touchdowns|pff_receiving_concept_screen_yards|pff_receiving_concept_screen_yards_after_catch|pff_receiving_concept_screen_yards_after_catch_per_reception|pff_receiving_concept_screen_yards_per_reception,0.164,0.066,8.62,29.0,84.8
83,Andru Phillips,DB,DB,Kentucky,NYG,3.0,70.0,22.0,0.18,0.038,0.003,0.183,,0,0.183,0.85,0.333,1,1,too_few_football_features,ras_score|age,0.264,0.478,8.13,,
84,Calen Bullock,SAF,DB,USC,HOU,3.0,78.0,21.0,0.18,-0.006,-0.001,0.179,,0,0.179,0.85,0.333,1,1,too_few_football_features,ras_score|age,0.28,0.484,6.37,,
85,DeWayne Carter,DT,DL,Duke,BUF,3.0,95.0,23.0,0.185,-0.074,-0.007,0.178,,0,0.178,0.85,0.667,2,1,too_few_football_features,ras_score|pffx_g_off|age,0.108,0.109,7.67,,60.0
86,Elijah Jones,DB,DB,Boston Col.,ARI,3.0,90.0,24.0,0.18,-0.033,-0.003,0.177,,0,0.177,0.85,0.667,2,1,too_few_football_features,ras_score|pffx_g_off|age,0.092,0.037,8.96,,60.0
87,Trey Benson,RB,RB,Florida St.,ARI,3.0,66.0,22.0,0.165,0.028,0.011,0.176,,0,0.176,0.95,0.859,591,1,,ras_score|pffx_yprr|pffx_g_off|pff_receiving_concept_base_targets|pff_receiving_concept_declined_penalties|pff_receiving_concept_penalties|pff_receiving_concept_screen_avg_depth_of_target|pff_receiving_concept_screen_avoided_tackles|pff_receiving_concept_screen_caught_percent|pff_receiving_concept_screen_contested_receptions|pff_receiving_concept_screen_contested_targets|pff_receiving_concept_screen_drop_rate|pff_receiving_concept_screen_drops|pff_receiving_concept_screen_epa|pff_receiving_concept_screen_first_downs|pff_receiving_concept_screen_fumbles|pff_receiving_concept_screen_grades_hands_drop|pff_receiving_concept_screen_grades_pass_route|pff_receiving_concept_screen_interceptions|pff_receiving_concept_screen_longest|pff_receiving_concept_screen_pass_block_rate|pff_receiving_concept_screen_pass_blocks|pff_receiving_concept_screen_pass_plays|pff_receiving_concept_screen_positive_epa_percent|pff_receiving_concept_screen_receptions|pff_receiving_concept_screen_route_rate|pff_receiving_concept_screen_routes|pff_receiving_concept_screen_targeted_qb_rating|pff_receiving_concept_screen_targets|pff_receiving_concept_screen_targets_percent|pff_receiving_concept_screen_touchdowns|pff_receiving_concept_screen_yards|pff_receiving_concept_screen_yards_after_catch|pff_receiving_concept_screen_yards_after_catch_per_reception|pff_receiving_concept_screen_yards_per_reception,0.232,0.159,9.76,13.0,86.3
88,Bralen Trice,DE,DL,Washington,ATL,3.0,74.0,23.0,0.185,-0.108,-0.01,0.175,,0,0.175,0.85,0.667,2,1,too_few_football_features,ras_score|pffx_g_off|age,0.136,0.055,7.46,,60.0
89,Jalen McMillan,WR,WR,Washington,TAM,3.0,92.0,22.0,0.195,-0.051,-0.02,0.175,,0,0.175,0.95,0.963,623,1,,ras_score|pffx_yprr|pffx_g_off|pff_receiving_concept_base_targets|pff_receiving_concept_declined_penalties|pff_receiving_concept_penalties|pff_receiving_concept_screen_avg_depth_of_target|pff_receiving_concept_screen_avoided_tackles|pff_receiving_concept_screen_caught_percent|pff_receiving_concept_screen_contested_receptions|pff_receiving_concept_screen_contested_targets|pff_receiving_concept_screen_drop_rate|pff_receiving_concept_screen_drops|pff_receiving_concept_screen_epa|pff_receiving_concept_screen_first_downs|pff_receiving_concept_screen_fumbles|pff_receiving_concept_screen_grades_hands_drop|pff_receiving_concept_screen_grades_pass_route|pff_receiving_concept_screen_interceptions|pff_receiving_concept_screen_longest|pff_receiving_concept_screen_pass_block_rate|pff_receiving_concept_screen_pass_blocks|pff_receiving_concept_screen_pass_plays|pff_receiving_concept_screen_positive_epa_percent|pff_receiving_concept_screen_receptions|pff_receiving_concept_screen_route_rate|pff_receiving_concept_screen_routes|pff_receiving_concept_screen_targeted_qb_rating|pff_receiving_concept_screen_targets|pff_receiving_concept_screen_targets_percent|pff_receiving_concept_screen_touchdowns|pff_receiving_concept_screen_yards|pff_receiving_concept_screen_yards_after_catch|pff_receiving_concept_screen_yards_after_catch_per_reception|pff_receiving_concept_screen_yards_per_reception,0.253,0.167,8.67,12.12,84.2
90,Matt Goncalves,OL,OL,Pittsburgh,IND,3.0,79.0,23.0,0.195,-0.066,-0.026,0.169,,0,0.169,0.95,0.5,27,1,,ras_score|pffx_g_off|pff_offense_blocking_block_percent|pff_offense_blocking_declined_penalties|pff_offense_blocking_grades_offense|pff_offense_blocking_grades_pass_block|pff_offense_blocking_grades_run_block|pff_offense_blocking_hits_allowed|pff_offense_blocking_hurries_allowed|pff_offense_blocking_non_spike_pass_block|pff_offense_blocking_non_spike_pass_block_percentage|pff_offense_blocking_pass_block_percent|pff_offense_blocking_pbe|pff_offense_blocking_penalties|pff_offense_blocking_pressures_allowed|pff_offense_blocking_sacks_allowed|pff_offense_blocking_snap_counts_block|pff_offense_blocking_snap_counts_ce|pff_offense_blocking_snap_counts_lg|pff_offense_blocking_snap_counts_lt|pff_offense_blocking_snap_counts_offense|pff_offense_blocking_snap_counts_pass_block|pff_offense_blocking_snap_counts_pass_play|pff_offense_blocking_snap_counts_rg|pff_offense_blocking_snap_counts_rt|pff_offense_blocking_snap_counts_run_block|pff_offense_blocking_snap_counts_te|age,0.173,0.441,7.69,,72.0
91,Tykee Smith,DB,DB,Georgia,TAM,3.0,89.0,23.0,0.18,-0.158,-0.014,0.166,,0,0.166,0.85,0.333,1,1,too_few_football_features,ras_score|age,0.216,0.459,7.43,,
92,McKinnley Jackson,DL,DL,Texas A&M,CIN,3.0,97.0,22.0,0.185,-0.223,-0.02,0.165,,0,0.165,0.85,0.333,1,1,too_few_football_features,ras_score|age,0.245,0.164,3.08,,
93,Ty'Ron Hopper,LB,LB,Missouri,GNB,3.0,91.0,23.0,0.175,-0.13,-0.012,0.163,,0,0.163,0.85,0.667,2,1,too_few_football_features,ras_score|pffx_g_off|age,0.15,0.06,7.42,,60.0
94,Kamren Kinchens,SAF,DB,Miami (FL),LAR,3.0,99.0,21.0,0.18,-0.195,-0.018,0.162,,0,0.162,0.85,0.333,1,1,too_few_football_features,ras_score|age,0.313,0.497,2.43,,
95,Caedan Wallace,OL,OL,Penn St.,NWE,3.0,68.0,24.0,0.195,-0.088,-0.035,0.16,,0,0.16,0.95,0.5,27,1,,ras_score|pffx_g_off|pff_offense_blocking_block_percent|pff_offense_blocking_declined_penalties|pff_offense_blocking_grades_offense|pff_offense_blocking_grades_pass_block|pff_offense_blocking_grades_run_block|pff_offense_blocking_hits_allowed|pff_offense_blocking_hurries_allowed|pff_offense_blocking_non_spike_pass_block|pff_offense_blocking_non_spike_pass_block_percentage|pff_offense_blocking_pass_block_percent|pff_offense_blocking_pbe|pff_offense_blocking_penalties|pff_offense_blocking_pressures_allowed|pff_offense_blocking_sacks_allowed|pff_offense_blocking_snap_counts_block|pff_offense_blocking_snap_counts_ce|pff_offense_blocking_snap_counts_lg|pff_offense_blocking_snap_counts_lt|pff_offense_blocking_snap_counts_offense|pff_offense_blocking_snap_counts_pass_block|pff_offense_blocking_snap_counts_pass_play|pff_offense_blocking_snap_counts_rg|pff_offense_blocking_snap_counts_rt|pff_offense_blocking_snap_counts_run_block|pff_offense_blocking_snap_counts_te|age,0.221,0.154,8.23,,68.8
96,Tip Reiman,TE,TE,Illinois,ARI,3.0,82.0,22.0,0.165,-0.013,-0.005,0.16,,0,0.16,0.95,0.853,573,1,,ras_score|pffx_yprr|pffx_g_off|pff_offense_blocking_block_percent|pff_offense_blocking_declined_penalties|pff_offense_blocking_grades_offense|pff_offense_blocking_grades_pass_block|pff_offense_blocking_grades_run_block|pff_offense_blocking_hits_allowed|pff_offense_blocking_hurries_allowed|pff_offense_blocking_non_spike_pass_block|pff_offense_blocking_non_spike_pass_block_percentage|pff_offense_blocking_pass_block_percent|pff_offense_blocking_pbe|pff_offense_blocking_penalties|pff_offense_blocking_pressures_allowed|pff_offense_blocking_sacks_allowed|pff_offense_blocking_snap_counts_block|pff_offense_blocking_snap_counts_ce|pff_offense_blocking_snap_counts_lg|pff_offense_blocking_snap_counts_lt|pff_offense_blocking_snap_counts_offense|pff_offense_blocking_snap_counts_pass_block|pff_offense_blocking_snap_counts_pass_play|pff_offense_blocking_snap_counts_rg|pff_offense_blocking_snap_counts_rt|pff_offense_blocking_snap_counts_run_block|pff_offense_blocking_snap_counts_te|pff_receiving_concept_base_targets|pff_receiving_concept_declined_penalties|pff_receiving_concept_penalties|pff_receiving_concept_screen_avg_depth_of_target|pff_receiving_concept_screen_avoided_tackles|pff_receiving_concept_screen_caught_percent|pff_receiving_concept_screen_contested_receptions,0.194,0.144,9.92,21.0,60.1
97,Troy Franklin,WR,WR,Oregon,DEN,4.0,102.0,21.0,0.115,0.14,0.039,0.154,,0,0.154,0.85,0.988,639,1,,ras_score|pffx_yprr|pffx_g_off|pff_receiving_concept_base_targets|pff_receiving_concept_declined_penalties|pff_receiving_concept_penalties|pff_receiving_concept_screen_avg_depth_of_target|pff_receiving_concept_screen_avoided_tackles|pff_receiving_concept_screen_caught_percent|pff_receiving_concept_screen_contested_receptions|pff_receiving_concept_screen_contested_targets|pff_receiving_concept_screen_drop_rate|pff_receiving_concept_screen_drops|pff_receiving_concept_screen_epa|pff_receiving_concept_screen_first_downs|pff_receiving_concept_screen_fumbles|pff_receiving_concept_screen_grades_hands_drop|pff_receiving_concept_screen_grades_pass_route|pff_receiving_concept_screen_interceptions|pff_receiving_concept_screen_longest|pff_receiving_concept_screen_pass_block_rate|pff_receiving_concept_screen_pass_blocks|pff_receiving_concept_screen_pass_plays|pff_receiving_concept_screen_positive_epa_percent|pff_receiving_concept_screen_receptions|pff_receiving_concept_screen_route_rate|pff_receiving_concept_screen_routes|pff_receiving_concept_screen_targeted_qb_rating|pff_receiving_concept_screen_targets|pff_receiving_concept_screen_targets_percent|pff_receiving_concept_screen_touchdowns|pff_receiving_concept_screen_yards|pff_receiving_concept_screen_yards_after_catch|pff_receiving_concept_screen_yards_after_catch_per_reception|pff_receiving_concept_screen_yards_per_reception,0.276,0.482,9.02,22.32,84.9
98,Blake Corum,RB,RB,Michigan,LAR,3.0,83.0,23.0,0.165,-0.028,-0.011,0.154,,0,0.154,0.95,0.778,535,1,,ras_score|pffx_yprr|pffx_g_off|pff_receiving_concept_base_targets|pff_receiving_concept_declined_penalties|pff_receiving_concept_penalties|pff_receiving_concept_screen_avg_depth_of_target|pff_receiving_concept_screen_avoided_tackles|pff_receiving_concept_screen_caught_percent|pff_receiving_concept_screen_contested_receptions|pff_receiving_concept_screen_contested_targets|pff_receiving_concept_screen_drop_rate|pff_receiving_concept_screen_drops|pff_receiving_concept_screen_epa|pff_receiving_concept_screen_first_downs|pff_receiving_concept_screen_fumbles|pff_receiving_concept_screen_grades_hands_drop|pff_receiving_concept_screen_grades_pass_route|pff_receiving_concept_screen_interceptions|pff_receiving_concept_screen_longest|pff_receiving_concept_screen_pass_block_rate|pff_receiving_concept_screen_pass_blocks|pff_receiving_concept_screen_pass_plays|pff_receiving_concept_screen_positive_epa_percent|pff_receiving_concept_screen_receptions|pff_receiving_concept_screen_route_rate|pff_receiving_concept_screen_routes|pff_receiving_concept_screen_targeted_qb_rating|pff_receiving_concept_screen_targets|pff_receiving_concept_screen_targets_percent|pff_receiving_concept_screen_touchdowns|pff_receiving_concept_screen_yards|pff_receiving_concept_screen_yards_after_catch|pff_receiving_concept_screen_yards_after_catch_per_reception|pff_receiving_concept_screen_yards_per_reception,0.138,0.427,8.29,15.0,84.0
99,Javon Foster,OL,OL,Missouri,JAX,4.0,114.0,24.0,0.115,0.137,0.038,0.153,,0,0.153,0.85,0.5,27,1,,ras_score|pffx_g_off|pff_offense_blocking_block_percent|pff_offense_blocking_declined_penalties|pff_offense_blocking_grades_offense|pff_offense_blocking_grades_pass_block|pff_offense_blocking_grades_run_block|pff_offense_blocking_hits_allowed|pff_offense_blocking_hurries_allowed|pff_offense_blocking_non_spike_pass_block|pff_offense_blocking_non_spike_pass_block_percentage|pff_offense_blocking_pass_block_percent|pff_offense_blocking_pbe|pff_offense_blocking_penalties|pff_offense_blocking_pressures_allowed|pff_offense_blocking_sacks_allowed|pff_offense_blocking_snap_counts_block|pff_offense_blocking_snap_counts_ce|pff_offense_blocking_snap_counts_lg|pff_offense_blocking_snap_counts_lt|pff_offense_blocking_snap_counts_offense|pff_offense_blocking_snap_counts_pass_block|pff_offense_blocking_snap_counts_pass_play|pff_offense_blocking_snap_counts_rg|pff_offense_blocking_snap_counts_rt|pff_offense_blocking_snap_counts_run_block|pff_offense_blocking_snap_counts_te|age,0.092,0.049,6.31,,84.2
100,Marist Liufau,LB,LB,Notre Dame,DAL,3.0,87.0,23.0,0.175,-0.244,-0.022,0.153,,0,0.153,0.85,0.667,2,1,too_few_football_features,ras_score|pffx_g_off|age,0.138,0.121,5.63,,60.0
101,Isaiah Adams,OL,OL,Illinois,ARI,3.0,71.0,24.0,0.195,-0.11,-0.044,0.151,,0,0.151,0.95,0.5,27,1,,ras_score|pffx_g_off|pff_offense_blocking_block_percent|pff_offense_blocking_declined_penalties|pff_offense_blocking_grades_offense|pff_offense_blocking_grades_pass_block|pff_offense_blocking_grades_run_block|pff_offense_blocking_hits_allowed|pff_offense_blocking_hurries_allowed|pff_offense_blocking_non_spike_pass_block|pff_offense_blocking_non_spike_pass_block_percentage|pff_offense_blocking_pass_block_percent|pff_offense_blocking_pbe|pff_offense_blocking_penalties|pff_offense_blocking_pressures_allowed|pff_offense_blocking_sacks_allowed|pff_offense_blocking_snap_counts_block|pff_offense_blocking_snap_counts_ce|pff_offense_blocking_snap_counts_lg|pff_offense_blocking_snap_counts_lt|pff_offense_blocking_snap_counts_offense|pff_offense_blocking_snap_counts_pass_block|pff_offense_blocking_snap_counts_pass_play|pff_offense_blocking_snap_counts_rg|pff_offense_blocking_snap_counts_rt|pff_offense_blocking_snap_counts_run_block|pff_offense_blocking_snap_counts_te|age,0.237,0.161,7.23,,65.6
102,Sedrick Van Pran-Granger,OL,OL,Georgia,BUF,5.0,141.0,22.0,0.115,0.122,0.034,0.149,,0,0.149,0.85,0.5,27,1,,ras_score|pffx_g_off|pff_offense_blocking_block_percent|pff_offense_blocking_declined_penalties|pff_offense_blocking_grades_offense|pff_offense_blocking_grades_pass_block|pff_offense_blocking_grades_run_block|pff_offense_blocking_hits_allowed|pff_offense_blocking_hurries_allowed|pff_offense_blocking_non_spike_pass_block|pff_offense_blocking_non_spike_pass_block_percentage|pff_offense_blocking_pass_block_percent|pff_offense_blocking_pbe|pff_offense_blocking_penalties|pff_offense_blocking_pressures_allowed|pff_offense_blocking_sacks_allowed|pff_offense_blocking_snap_counts_block|pff_offense_blocking_snap_counts_ce|pff_offense_blocking_snap_counts_lg|pff_offense_blocking_snap_counts_lt|pff_offense_blocking_snap_counts_offense|pff_offense_blocking_snap_counts_pass_block|pff_offense_blocking_snap_counts_pass_play|pff_offense_blocking_snap_counts_rg|pff_offense_blocking_snap_counts_rt|pff_offense_blocking_snap_counts_run_block|pff_offense_blocking_snap_counts_te|age,0.186,0.146,7.63,,77.9
103,Sione Vaki,SAF,DB,Utah,DET,4.0,132.0,23.0,0.1,0.238,0.04,0.14,,0,0.14,0.75,1,3,1,thin_football_features,ras_score|pffx_yprr|pffx_g_off|age,0.11,0.056,7.94,53.0,94.0
104,Brandon Coleman,OL,OL,TCU,WAS,3.0,67.0,23.0,0.195,-0.146,-0.058,0.137,,0,0.137,0.95,0.5,27,1,,ras_score|pffx_g_off|pff_offense_blocking_block_percent|pff_offense_blocking_declined_penalties|pff_offense_blocking_grades_offense|pff_offense_blocking_grades_pass_block|pff_offense_blocking_grades_run_block|pff_offense_blocking_hits_allowed|pff_offense_blocking_hurries_allowed|pff_offense_blocking_non_spike_pass_block|pff_offense_blocking_non_spike_pass_block_percentage|pff_offense_blocking_pass_block_percent|pff_offense_blocking_pbe|pff_offense_blocking_penalties|pff_offense_blocking_pressures_allowed|pff_offense_blocking_sacks_allowed|pff_offense_blocking_snap_counts_block|pff_offense_blocking_snap_counts_ce|pff_offense_blocking_snap_counts_lg|pff_offense_blocking_snap_counts_lt|pff_offense_blocking_snap_counts_offense|pff_offense_blocking_snap_counts_pass_block|pff_offense_blocking_snap_counts_pass_play|pff_offense_blocking_snap_counts_rg|pff_offense_blocking_snap_counts_rt|pff_offense_blocking_snap_counts_run_block|pff_offense_blocking_snap_counts_te|age,0.213,0.457,9.97,,58.1
105,Spencer Rattler,QB,QB,South Carolina,NOR,5.0,150.0,23.0,0.135,0.003,0.001,0.136,,0,0.136,0.85,0.946,945,1,,ras_score|pffx_yprr|pffx_g_off|pff_passing_allowed_pressure_allowed_pressure_dropbacks|pff_passing_allowed_pressure_ce_percent|pff_passing_allowed_pressure_declined_penalties|pff_passing_allowed_pressure_hits_allowed|pff_passing_allowed_pressure_hurries_allowed|pff_passing_allowed_pressure_lg_percent|pff_passing_allowed_pressure_lt_percent|pff_passing_allowed_pressure_ol_te_percent|pff_passing_allowed_pressure_other_percent|pff_passing_allowed_pressure_penalties|pff_passing_allowed_pressure_pressures_allowed|pff_passing_allowed_pressure_pressures_ce|pff_passing_allowed_pressure_pressures_lg|pff_passing_allowed_pressure_pressures_lt|pff_passing_allowed_pressure_pressures_off|pff_passing_allowed_pressure_pressures_ol_te|pff_passing_allowed_pressure_pressures_other|pff_passing_allowed_pressure_pressures_rg|pff_passing_allowed_pressure_pressures_rt|pff_passing_allowed_pressure_pressures_self|pff_passing_allowed_pressure_pressures_te|pff_passing_allowed_pressure_rg_percent|pff_passing_allowed_pressure_rt_percent|pff_passing_allowed_pressure_sacks_allowed|pff_passing_allowed_pressure_self_percent|pff_passing_allowed_pressure_te_percent|pff_passing_concept_dropbacks|pff_passing_concept_no_screen_accuracy_percent|pff_passing_concept_no_screen_aimed_passes|pff_passing_concept_no_screen_attempts|pff_passing_concept_no_screen_avg_depth_of_target|pff_passing_concept_no_screen_avg_time_to_throw,0.082,0.105,4.0,0.0,89.2
106,Jacob Cowing,WR,WR,Arizona,SFO,4.0,135.0,23.0,0.115,0.052,0.015,0.13,,0,0.13,0.85,0.988,639,1,,ras_score|pffx_yprr|pffx_g_off|pff_receiving_concept_base_targets|pff_receiving_concept_declined_penalties|pff_receiving_concept_penalties|pff_receiving_concept_screen_avg_depth_of_target|pff_receiving_concept_screen_avoided_tackles|pff_receiving_concept_screen_caught_percent|pff_receiving_concept_screen_contested_receptions|pff_receiving_concept_screen_contested_targets|pff_receiving_concept_screen_drop_rate|pff_receiving_concept_screen_drops|pff_receiving_concept_screen_epa|pff_receiving_concept_screen_first_downs|pff_receiving_concept_screen_fumbles|pff_receiving_concept_screen_grades_hands_drop|pff_receiving_concept_screen_grades_pass_route|pff_receiving_concept_screen_interceptions|pff_receiving_concept_screen_longest|pff_receiving_concept_screen_pass_block_rate|pff_receiving_concept_screen_pass_blocks|pff_receiving_concept_screen_pass_plays|pff_receiving_concept_screen_positive_epa_percent|pff_receiving_concept_screen_receptions|pff_receiving_concept_screen_route_rate|pff_receiving_concept_screen_routes|pff_receiving_concept_screen_targeted_qb_rating|pff_receiving_concept_screen_targets|pff_receiving_concept_screen_targets_percent|pff_receiving_concept_screen_touchdowns|pff_receiving_concept_screen_yards|pff_receiving_concept_screen_yards_after_catch|pff_receiving_concept_screen_yards_after_catch_per_reception|pff_receiving_concept_screen_yards_per_reception,0.13,0.064,6.28,12.27,84.5
107,Tanor Bortolini,OL,OL,Wisconsin,IND,4.0,117.0,22.0,0.115,0.038,0.011,0.126,,0,0.126,0.85,0.5,27,1,,ras_score|pffx_g_off|pff_offense_blocking_block_percent|pff_offense_blocking_declined_penalties|pff_offense_blocking_grades_offense|pff_offense_blocking_grades_pass_block|pff_offense_blocking_grades_run_block|pff_offense_blocking_hits_allowed|pff_offense_blocking_hurries_allowed|pff_offense_blocking_non_spike_pass_block|pff_offense_blocking_non_spike_pass_block_percentage|pff_offense_blocking_pass_block_percent|pff_offense_blocking_pbe|pff_offense_blocking_penalties|pff_offense_blocking_pressures_allowed|pff_offense_blocking_sacks_allowed|pff_offense_blocking_snap_counts_block|pff_offense_blocking_snap_counts_ce|pff_offense_blocking_snap_counts_lg|pff_offense_blocking_snap_counts_lt|pff_offense_blocking_snap_counts_offense|pff_offense_blocking_snap_counts_pass_block|pff_offense_blocking_snap_counts_pass_play|pff_offense_blocking_snap_counts_rg|pff_offense_blocking_snap_counts_rt|pff_offense_blocking_snap_counts_run_block|pff_offense_blocking_snap_counts_te|age,0.223,0.161,9.77,,65.9
108,Javon Baker,WR,WR,Central Florida,NWE,4.0,110.0,22.0,0.115,0.036,0.01,0.125,,0,0.125,0.85,0.964,624,1,,ras_score|pffx_yprr|pffx_g_off|pff_receiving_concept_base_targets|pff_receiving_concept_declined_penalties|pff_receiving_concept_penalties|pff_receiving_concept_screen_avg_depth_of_target|pff_receiving_concept_screen_avoided_tackles|pff_receiving_concept_screen_caught_percent|pff_receiving_concept_screen_contested_receptions|pff_receiving_concept_screen_contested_targets|pff_receiving_concept_screen_drop_rate|pff_receiving_concept_screen_drops|pff_receiving_concept_screen_epa|pff_receiving_concept_screen_first_downs|pff_receiving_concept_screen_fumbles|pff_receiving_concept_screen_grades_hands_drop|pff_receiving_concept_screen_grades_pass_route|pff_receiving_concept_screen_interceptions|pff_receiving_concept_screen_longest|pff_receiving_concept_screen_pass_block_rate|pff_receiving_concept_screen_pass_blocks|pff_receiving_concept_screen_pass_plays|pff_receiving_concept_screen_positive_epa_percent|pff_receiving_concept_screen_receptions|pff_receiving_concept_screen_route_rate|pff_receiving_concept_screen_routes|pff_receiving_concept_screen_targeted_qb_rating|pff_receiving_concept_screen_targets|pff_receiving_concept_screen_targets_percent|pff_receiving_concept_screen_touchdowns|pff_receiving_concept_screen_yards|pff_receiving_concept_screen_yards_after_catch|pff_receiving_concept_screen_yards_after_catch_per_reception|pff_receiving_concept_screen_yards_per_reception,0.218,0.099,7.84,21.48,82.9
109,Cade Stover,TE,TE,Ohio St.,HOU,4.0,123.0,24.0,0.085,0.143,0.04,0.125,,0,0.125,0.85,0.887,596,1,,ras_score|pffx_yprr|pffx_g_off|pff_offense_blocking_block_percent|pff_offense_blocking_declined_penalties|pff_offense_blocking_grades_offense|pff_offense_blocking_grades_pass_block|pff_offense_blocking_grades_run_block|pff_offense_blocking_hits_allowed|pff_offense_blocking_hurries_allowed|pff_offense_blocking_non_spike_pass_block|pff_offense_blocking_non_spike_pass_block_percentage|pff_offense_blocking_pass_block_percent|pff_offense_blocking_pbe|pff_offense_blocking_penalties|pff_offense_blocking_pressures_allowed|pff_offense_blocking_sacks_allowed|pff_offense_blocking_snap_counts_block|pff_offense_blocking_snap_counts_ce|pff_offense_blocking_snap_counts_lg|pff_offense_blocking_snap_counts_lt|pff_offense_blocking_snap_counts_offense|pff_offense_blocking_snap_counts_pass_block|pff_offense_blocking_snap_counts_pass_play|pff_offense_blocking_snap_counts_rg|pff_offense_blocking_snap_counts_rt|pff_offense_blocking_snap_counts_run_block|pff_offense_blocking_snap_counts_te|pff_receiving_concept_base_targets|pff_receiving_concept_declined_penalties|pff_receiving_concept_penalties|pff_receiving_concept_screen_avg_depth_of_target|pff_receiving_concept_screen_avoided_tackles|pff_receiving_concept_screen_caught_percent|pff_receiving_concept_screen_contested_receptions,0.178,0.143,8.22,24.6,75.6
110,Mason McCormick,OL,OL,South Dakota St.,PIT,4.0,119.0,24.0,0.115,0.101,0.009,0.124,,0,0.124,0.252,0.019,1,1,too_few_football_features;low_position_feature_completeness,ras_score|age,0.165,0.306,9.96,,
111,Elijah Klein,G,OL,Texas-El Paso,TAM,6.0,220.0,24.0,0.065,0.194,0.054,0.119,,0,0.119,0.85,0.5,27,1,,ras_score|pffx_g_off|pff_offense_blocking_block_percent|pff_offense_blocking_declined_penalties|pff_offense_blocking_grades_offense|pff_offense_blocking_grades_pass_block|pff_offense_blocking_grades_run_block|pff_offense_blocking_hits_allowed|pff_offense_blocking_hurries_allowed|pff_offense_blocking_non_spike_pass_block|pff_offense_blocking_non_spike_pass_block_percentage|pff_offense_blocking_pass_block_percent|pff_offense_blocking_pbe|pff_offense_blocking_penalties|pff_offense_blocking_pressures_allowed|pff_offense_blocking_sacks_allowed|pff_offense_blocking_snap_counts_block|pff_offense_blocking_snap_counts_ce|pff_offense_blocking_snap_counts_lg|pff_offense_blocking_snap_counts_lt|pff_offense_blocking_snap_counts_offense|pff_offense_blocking_snap_counts_pass_block|pff_offense_blocking_snap_counts_pass_play|pff_offense_blocking_snap_counts_rg|pff_offense_blocking_snap_counts_rt|pff_offense_blocking_snap_counts_run_block|pff_offense_blocking_snap_counts_te|age,0.058,0.035,5.61,,82.5
112,Ja'Tavion Sanders,TE,TE,Texas,CAR,4.0,101.0,21.0,0.085,0.119,0.033,0.118,,0,0.118,0.85,0.923,620,1,,ras_score|pffx_yprr|pffx_g_off|pff_offense_blocking_block_percent|pff_offense_blocking_declined_penalties|pff_offense_blocking_grades_offense|pff_offense_blocking_grades_pass_block|pff_offense_blocking_grades_run_block|pff_offense_blocking_hits_allowed|pff_offense_blocking_hurries_allowed|pff_offense_blocking_non_spike_pass_block|pff_offense_blocking_non_spike_pass_block_percentage|pff_offense_blocking_pass_block_percent|pff_offense_blocking_pbe|pff_offense_blocking_penalties|pff_offense_blocking_pressures_allowed|pff_offense_blocking_sacks_allowed|pff_offense_blocking_snap_counts_block|pff_offense_blocking_snap_counts_ce|pff_offense_blocking_snap_counts_lg|pff_offense_blocking_snap_counts_lt|pff_offense_blocking_snap_counts_offense|pff_offense_blocking_snap_counts_pass_block|pff_offense_blocking_snap_counts_pass_play|pff_offense_blocking_snap_counts_rg|pff_offense_blocking_snap_counts_rt|pff_offense_blocking_snap_counts_run_block|pff_offense_blocking_snap_counts_te|pff_receiving_concept_base_targets|pff_receiving_concept_declined_penalties|pff_receiving_concept_penalties|pff_receiving_concept_screen_avg_depth_of_target|pff_receiving_concept_screen_avoided_tackles|pff_receiving_concept_screen_caught_percent|pff_receiving_concept_screen_contested_receptions,0.282,0.485,5.75,15.92,75.6
113,Malik Mustapha,DB,DB,Wake Forest,SFO,4.0,124.0,22.0,0.1,0.198,0.018,0.118,,0,0.118,0.75,0.333,1,1,too_few_football_features,ras_score|age,0.245,0.338,9.39,,
114,Christian Mahogany,OL,OL,Boston Col.,DET,6.0,210.0,23.0,0.065,0.188,0.053,0.118,,0,0.118,0.85,0.5,27,1,,ras_score|pffx_g_off|pff_offense_blocking_block_percent|pff_offense_blocking_declined_penalties|pff_offense_blocking_grades_offense|pff_offense_blocking_grades_pass_block|pff_offense_blocking_grades_run_block|pff_offense_blocking_hits_allowed|pff_offense_blocking_hurries_allowed|pff_offense_blocking_non_spike_pass_block|pff_offense_blocking_non_spike_pass_block_percentage|pff_offense_blocking_pass_block_percent|pff_offense_blocking_pbe|pff_offense_blocking_penalties|pff_offense_blocking_pressures_allowed|pff_offense_blocking_sacks_allowed|pff_offense_blocking_snap_counts_block|pff_offense_blocking_snap_counts_ce|pff_offense_blocking_snap_counts_lg|pff_offense_blocking_snap_counts_lt|pff_offense_blocking_snap_counts_offense|pff_offense_blocking_snap_counts_pass_block|pff_offense_blocking_snap_counts_pass_play|pff_offense_blocking_snap_counts_rg|pff_offense_blocking_snap_counts_rt|pff_offense_blocking_snap_counts_run_block|pff_offense_blocking_snap_counts_te|age,0.084,0.106,9.64,,74.9
115,Ray Davis,RB,RB,Kentucky,BUF,4.0,128.0,24.0,0.085,0.11,0.031,0.116,,0,0.116,0.85,0.884,608,1,missing_ras,pffx_yprr|pffx_g_off|pff_receiving_concept_base_targets|pff_receiving_concept_declined_penalties|pff_receiving_concept_penalties|pff_receiving_concept_screen_avg_depth_of_target|pff_receiving_concept_screen_avoided_tackles|pff_receiving_concept_screen_caught_percent|pff_receiving_concept_screen_contested_receptions|pff_receiving_concept_screen_contested_targets|pff_receiving_concept_screen_drop_rate|pff_receiving_concept_screen_drops|pff_receiving_concept_screen_epa|pff_receiving_concept_screen_first_downs|pff_receiving_concept_screen_fumbles|pff_receiving_concept_screen_grades_hands_drop|pff_receiving_concept_screen_grades_pass_route|pff_receiving_concept_screen_interceptions|pff_receiving_concept_screen_longest|pff_receiving_concept_screen_pass_block_rate|pff_receiving_concept_screen_pass_blocks|pff_receiving_concept_screen_pass_plays|pff_receiving_concept_screen_positive_epa_percent|pff_receiving_concept_screen_receptions|pff_receiving_concept_screen_route_rate|pff_receiving_concept_screen_routes|pff_receiving_concept_screen_targeted_qb_rating|pff_receiving_concept_screen_targets|pff_receiving_concept_screen_targets_percent|pff_receiving_concept_screen_touchdowns|pff_receiving_concept_screen_yards|pff_receiving_concept_screen_yards_after_catch|pff_receiving_concept_screen_yards_after_catch_per_reception|pff_receiving_concept_screen_yards_per_reception|pff_receiving_concept_screen_yprr,0.12,0.288,,20.0,87.5
116,Jared Wiley,TE,TE,TCU,KAN,4.0,131.0,23.0,0.085,0.107,0.03,0.115,,0,0.115,0.85,0.92,618,1,,ras_score|pffx_yprr|pffx_g_off|pff_offense_blocking_block_percent|pff_offense_blocking_declined_penalties|pff_offense_blocking_grades_offense|pff_offense_blocking_grades_pass_block|pff_offense_blocking_grades_run_block|pff_offense_blocking_hits_allowed|pff_offense_blocking_hurries_allowed|pff_offense_blocking_non_spike_pass_block|pff_offense_blocking_non_spike_pass_block_percentage|pff_offense_blocking_pass_block_percent|pff_offense_blocking_pbe|pff_offense_blocking_penalties|pff_offense_blocking_pressures_allowed|pff_offense_blocking_sacks_allowed|pff_offense_blocking_snap_counts_block|pff_offense_blocking_snap_counts_ce|pff_offense_blocking_snap_counts_lg|pff_offense_blocking_snap_counts_lt|pff_offense_blocking_snap_counts_offense|pff_offense_blocking_snap_counts_pass_block|pff_offense_blocking_snap_counts_pass_play|pff_offense_blocking_snap_counts_rg|pff_offense_blocking_snap_counts_rt|pff_offense_blocking_snap_counts_run_block|pff_offense_blocking_snap_counts_te|pff_receiving_concept_base_targets|pff_receiving_concept_declined_penalties|pff_receiving_concept_penalties|pff_receiving_concept_screen_avg_depth_of_target|pff_receiving_concept_screen_avoided_tackles|pff_receiving_concept_screen_caught_percent|pff_receiving_concept_screen_contested_receptions,0.263,0.117,9.3,27.4,68.0
117,Bucky Irving,RB,RB,Oregon,TAM,4.0,125.0,22.0,0.085,0.104,0.029,0.114,,0,0.114,0.85,0.842,579,1,,ras_score|pffx_yprr|pffx_g_off|pff_receiving_concept_base_targets|pff_receiving_concept_declined_penalties|pff_receiving_concept_penalties|pff_receiving_concept_screen_avg_depth_of_target|pff_receiving_concept_screen_avoided_tackles|pff_receiving_concept_screen_caught_percent|pff_receiving_concept_screen_contested_receptions|pff_receiving_concept_screen_contested_targets|pff_receiving_concept_screen_drop_rate|pff_receiving_concept_screen_drops|pff_receiving_concept_screen_epa|pff_receiving_concept_screen_first_downs|pff_receiving_concept_screen_fumbles|pff_receiving_concept_screen_grades_hands_drop|pff_receiving_concept_screen_grades_pass_route|pff_receiving_concept_screen_interceptions|pff_receiving_concept_screen_longest|pff_receiving_concept_screen_pass_block_rate|pff_receiving_concept_screen_pass_blocks|pff_receiving_concept_screen_pass_plays|pff_receiving_concept_screen_positive_epa_percent|pff_receiving_concept_screen_receptions|pff_receiving_concept_screen_route_rate|pff_receiving_concept_screen_routes|pff_receiving_concept_screen_targeted_qb_rating|pff_receiving_concept_screen_targets|pff_receiving_concept_screen_targets_percent|pff_receiving_concept_screen_touchdowns|pff_receiving_concept_screen_yards|pff_receiving_concept_screen_yards_after_catch|pff_receiving_concept_screen_yards_after_catch_per_reception|pff_receiving_concept_screen_yards_per_reception,0.121,0.288,2.22,6.83,90.9
118,Jordan Jefferson,DT,DL,LSU,JAX,4.0,116.0,22.0,0.105,0.102,0.009,0.114,,0,0.114,0.75,0.333,1,1,too_few_football_features,ras_score|age,0.178,0.083,8.31,,
119,Jaden Hicks,DB,DB,Washington St.,KAN,4.0,133.0,22.0,0.1,0.148,0.013,0.113,,0,0.113,0.75,0.333,1,1,too_few_football_features,ras_score|age,0.177,0.143,8.97,,
120,Matt Lee,C,OL,Miami (FL),CIN,7.0,237.0,23.0,0.065,0.167,0.047,0.112,,0,0.112,0.85,0.5,27,1,,ras_score|pffx_g_off|pff_offense_blocking_block_percent|pff_offense_blocking_declined_penalties|pff_offense_blocking_grades_offense|pff_offense_blocking_grades_pass_block|pff_offense_blocking_grades_run_block|pff_offense_blocking_hits_allowed|pff_offense_blocking_hurries_allowed|pff_offense_blocking_non_spike_pass_block|pff_offense_blocking_non_spike_pass_block_percentage|pff_offense_blocking_pass_block_percent|pff_offense_blocking_pbe|pff_offense_blocking_penalties|pff_offense_blocking_pressures_allowed|pff_offense_blocking_sacks_allowed|pff_offense_blocking_snap_counts_block|pff_offense_blocking_snap_counts_ce|pff_offense_blocking_snap_counts_lg|pff_offense_blocking_snap_counts_lt|pff_offense_blocking_snap_counts_offense|pff_offense_blocking_snap_counts_pass_block|pff_offense_blocking_snap_counts_pass_play|pff_offense_blocking_snap_counts_rg|pff_offense_blocking_snap_counts_rt|pff_offense_blocking_snap_counts_run_block|pff_offense_blocking_snap_counts_te|age,0.081,0.044,8.66,,79.0
121,Austin Booker,DL,DL,Kansas,CHI,5.0,144.0,21.0,0.105,0.074,0.007,0.112,,0,0.112,0.75,0.333,1,1,too_few_football_features,ras_score|age,0.256,0.342,7.02,,
122,Giovanni Manu,OL,OL,British Columbia,DET,4.0,126.0,23.0,0.115,-0.038,-0.003,0.112,,0,0.112,0.252,0.019,1,1,too_few_football_features;low_position_feature_completeness,ras_score|age,0.093,0.049,8.84,,
123,Brandon Dorlus,DE,DL,Oregon,ATL,4.0,109.0,23.0,0.105,0.05,0.005,0.11,,0,0.11,0.75,0.333,1,1,too_few_football_features,ras_score|age,0.091,0.109,8.66,,
124,Michael Jurgens,OL,OL,Wake Forest,MIN,7.0,230.0,24.0,0.065,0.151,0.042,0.107,,0,0.107,0.85,0.5,27,1,,ras_score|pffx_g_off|pff_offense_blocking_block_percent|pff_offense_blocking_declined_penalties|pff_offense_blocking_grades_offense|pff_offense_blocking_grades_pass_block|pff_offense_blocking_grades_run_block|pff_offense_blocking_hits_allowed|pff_offense_blocking_hurries_allowed|pff_offense_blocking_non_spike_pass_block|pff_offense_blocking_non_spike_pass_block_percentage|pff_offense_blocking_pass_block_percent|pff_offense_blocking_pbe|pff_offense_blocking_penalties|pff_offense_blocking_pressures_allowed|pff_offense_blocking_sacks_allowed|pff_offense_blocking_snap_counts_block|pff_offense_blocking_snap_counts_ce|pff_offense_blocking_snap_counts_lg|pff_offense_blocking_snap_counts_lt|pff_offense_blocking_snap_counts_offense|pff_offense_blocking_snap_counts_pass_block|pff_offense_blocking_snap_counts_pass_play|pff_offense_blocking_snap_counts_rg|pff_offense_blocking_snap_counts_rt|pff_offense_blocking_snap_counts_run_block|pff_offense_blocking_snap_counts_te|age,0.062,0.097,7.62,,82.5
125,Anthony Gould,WR,WR,Oregon St.,IND,5.0,142.0,23.0,0.115,-0.028,-0.008,0.107,,0,0.107,0.85,0.966,625,1,,ras_score|pffx_yprr|pffx_g_off|pff_receiving_concept_base_targets|pff_receiving_concept_declined_penalties|pff_receiving_concept_penalties|pff_receiving_concept_screen_avg_depth_of_target|pff_receiving_concept_screen_avoided_tackles|pff_receiving_concept_screen_caught_percent|pff_receiving_concept_screen_contested_receptions|pff_receiving_concept_screen_contested_targets|pff_receiving_concept_screen_drop_rate|pff_receiving_concept_screen_drops|pff_receiving_concept_screen_epa|pff_receiving_concept_screen_first_downs|pff_receiving_concept_screen_fumbles|pff_receiving_concept_screen_grades_hands_drop|pff_receiving_concept_screen_grades_pass_route|pff_receiving_concept_screen_interceptions|pff_receiving_concept_screen_longest|pff_receiving_concept_screen_pass_block_rate|pff_receiving_concept_screen_pass_blocks|pff_receiving_concept_screen_pass_plays|pff_receiving_concept_screen_positive_epa_percent|pff_receiving_concept_screen_receptions|pff_receiving_concept_screen_route_rate|pff_receiving_concept_screen_routes|pff_receiving_concept_screen_targeted_qb_rating|pff_receiving_concept_screen_targets|pff_receiving_concept_screen_targets_percent|pff_receiving_concept_screen_touchdowns|pff_receiving_concept_screen_yards|pff_receiving_concept_screen_yards_after_catch|pff_receiving_concept_screen_yards_after_catch_per_reception|pff_receiving_concept_screen_yards_per_reception,0.164,0.078,8.87,12.25,87.1
126,Malik Washington,WR,WR,Virginia,MIA,6.0,184.0,23.0,0.065,0.15,0.042,0.107,,0,0.107,0.85,0.986,638,1,,ras_score|pffx_yprr|pffx_g_off|pff_receiving_concept_base_targets|pff_receiving_concept_declined_penalties|pff_receiving_concept_penalties|pff_receiving_concept_screen_avg_depth_of_target|pff_receiving_concept_screen_avoided_tackles|pff_receiving_concept_screen_caught_percent|pff_receiving_concept_screen_contested_receptions|pff_receiving_concept_screen_contested_targets|pff_receiving_concept_screen_drop_rate|pff_receiving_concept_screen_drops|pff_receiving_concept_screen_epa|pff_receiving_concept_screen_first_downs|pff_receiving_concept_screen_fumbles|pff_receiving_concept_screen_grades_hands_drop|pff_receiving_concept_screen_grades_pass_route|pff_receiving_concept_screen_interceptions|pff_receiving_concept_screen_longest|pff_receiving_concept_screen_pass_block_rate|pff_receiving_concept_screen_pass_blocks|pff_receiving_concept_screen_pass_plays|pff_receiving_concept_screen_positive_epa_percent|pff_receiving_concept_screen_receptions|pff_receiving_concept_screen_route_rate|pff_receiving_concept_screen_routes|pff_receiving_concept_screen_targeted_qb_rating|pff_receiving_concept_screen_targets|pff_receiving_concept_screen_targets_percent|pff_receiving_concept_screen_touchdowns|pff_receiving_concept_screen_yards|pff_receiving_concept_screen_yards_after_catch|pff_receiving_concept_screen_yards_after_catch_per_reception|pff_receiving_concept_screen_yards_per_reception,0.06,0.264,8.63,19.67,93.0
127,Jordan Magee,LB,LB,Temple,WAS,5.0,139.0,23.0,0.095,0.122,0.011,0.106,,0,0.106,0.75,0.333,1,1,too_few_football_features,ras_score|age,0.144,0.129,9.6,,
128,Devontez Walker,WR,WR,North Carolina,BAL,4.0,113.0,23.0,0.115,-0.04,-0.011,0.104,,0,0.104,0.85,0.966,625,1,,ras_score|pffx_yprr|pffx_g_off|pff_receiving_concept_base_targets|pff_receiving_concept_declined_penalties|pff_receiving_concept_penalties|pff_receiving_concept_screen_avg_depth_of_target|pff_receiving_concept_screen_avoided_tackles|pff_receiving_concept_screen_caught_percent|pff_receiving_concept_screen_contested_receptions|pff_receiving_concept_screen_contested_targets|pff_receiving_concept_screen_drop_rate|pff_receiving_concept_screen_drops|pff_receiving_concept_screen_epa|pff_receiving_concept_screen_first_downs|pff_receiving_concept_screen_fumbles|pff_receiving_concept_screen_grades_hands_drop|pff_receiving_concept_screen_grades_pass_route|pff_receiving_concept_screen_interceptions|pff_receiving_concept_screen_longest|pff_receiving_concept_screen_pass_block_rate|pff_receiving_concept_screen_pass_blocks|pff_receiving_concept_screen_pass_plays|pff_receiving_concept_screen_positive_epa_percent|pff_receiving_concept_screen_receptions|pff_receiving_concept_screen_route_rate|pff_receiving_concept_screen_routes|pff_receiving_concept_screen_targeted_qb_rating|pff_receiving_concept_screen_targets|pff_receiving_concept_screen_targets_percent|pff_receiving_concept_screen_touchdowns|pff_receiving_concept_screen_yards|pff_receiving_concept_screen_yards_after_catch|pff_receiving_concept_screen_yards_after_catch_per_reception|pff_receiving_concept_screen_yards_per_reception,0.062,0.097,9.76,16.3,89.4
129,Will Shipley,RB,RB,Clemson,PHI,4.0,127.0,22.0,0.085,0.064,0.018,0.103,,0,0.103,0.85,0.855,588,1,,ras_score|pffx_yprr|pffx_g_off|pff_receiving_concept_base_targets|pff_receiving_concept_declined_penalties|pff_receiving_concept_penalties|pff_receiving_concept_screen_avg_depth_of_target|pff_receiving_concept_screen_avoided_tackles|pff_receiving_concept_screen_caught_percent|pff_receiving_concept_screen_contested_receptions|pff_receiving_concept_screen_contested_targets|pff_receiving_concept_screen_drop_rate|pff_receiving_concept_screen_drops|pff_receiving_concept_screen_epa|pff_receiving_concept_screen_first_downs|pff_receiving_concept_screen_fumbles|pff_receiving_concept_screen_grades_hands_drop|pff_receiving_concept_screen_grades_pass_route|pff_receiving_concept_screen_interceptions|pff_receiving_concept_screen_longest|pff_receiving_concept_screen_pass_block_rate|pff_receiving_concept_screen_pass_blocks|pff_receiving_concept_screen_pass_plays|pff_receiving_concept_screen_positive_epa_percent|pff_receiving_concept_screen_receptions|pff_receiving_concept_screen_route_rate|pff_receiving_concept_screen_routes|pff_receiving_concept_screen_targeted_qb_rating|pff_receiving_concept_screen_targets|pff_receiving_concept_screen_targets_percent|pff_receiving_concept_screen_touchdowns|pff_receiving_concept_screen_yards|pff_receiving_concept_screen_yards_after_catch|pff_receiving_concept_screen_yards_after_catch_per_reception|pff_receiving_concept_screen_yards_per_reception,0.195,0.15,9.57,36.0,72.9
130,Cam Hart,CB,DB,Notre Dame,LAC,5.0,140.0,23.0,0.1,0.019,0.002,0.102,,0,0.102,0.75,0.667,2,1,too_few_football_features,ras_score|pffx_g_off|age,0.108,0.115,9.0,,60.0
131,Decamerion Richardson,CB,DB,Mississippi St.,LVR,4.0,112.0,23.0,0.1,0.005,0,0.1,,0,0.1,0.75,0.333,1,1,too_few_football_features,ras_score|age,0.091,0.108,8.61,,
132,Isaac Guerendo,RB,RB,Louisville,SFO,4.0,129.0,24.0,0.085,0.05,0.014,0.099,,0,0.099,0.85,0.83,571,1,,ras_score|pffx_yprr|pffx_g_off|pff_receiving_concept_base_targets|pff_receiving_concept_declined_penalties|pff_receiving_concept_penalties|pff_receiving_concept_screen_avg_depth_of_target|pff_receiving_concept_screen_avoided_tackles|pff_receiving_concept_screen_caught_percent|pff_receiving_concept_screen_contested_receptions|pff_receiving_concept_screen_contested_targets|pff_receiving_concept_screen_drop_rate|pff_receiving_concept_screen_drops|pff_receiving_concept_screen_epa|pff_receiving_concept_screen_first_downs|pff_receiving_concept_screen_fumbles|pff_receiving_concept_screen_grades_hands_drop|pff_receiving_concept_screen_grades_pass_route|pff_receiving_concept_screen_interceptions|pff_receiving_concept_screen_longest|pff_receiving_concept_screen_pass_block_rate|pff_receiving_concept_screen_pass_blocks|pff_receiving_concept_screen_pass_plays|pff_receiving_concept_screen_positive_epa_percent|pff_receiving_concept_screen_receptions|pff_receiving_concept_screen_route_rate|pff_receiving_concept_screen_routes|pff_receiving_concept_screen_targeted_qb_rating|pff_receiving_concept_screen_targets|pff_receiving_concept_screen_targets_percent|pff_receiving_concept_screen_touchdowns|pff_receiving_concept_screen_yards|pff_receiving_concept_screen_yards_after_catch|pff_receiving_concept_screen_yards_after_catch_per_reception|pff_receiving_concept_screen_yards_per_reception,0.105,0.114,9.9,20.0,89.1
133,Christian Jones,OL,OL,Texas,ARI,5.0,162.0,24.0,0.065,0.121,0.034,0.099,,0,0.099,0.85,0.5,27,1,,ras_score|pffx_g_off|pff_offense_blocking_block_percent|pff_offense_blocking_declined_penalties|pff_offense_blocking_grades_offense|pff_offense_blocking_grades_pass_block|pff_offense_blocking_grades_run_block|pff_offense_blocking_hits_allowed|pff_offense_blocking_hurries_allowed|pff_offense_blocking_non_spike_pass_block|pff_offense_blocking_non_spike_pass_block_percentage|pff_offense_blocking_pass_block_percent|pff_offense_blocking_pbe|pff_offense_blocking_penalties|pff_offense_blocking_pressures_allowed|pff_offense_blocking_sacks_allowed|pff_offense_blocking_snap_counts_block|pff_offense_blocking_snap_counts_ce|pff_offense_blocking_snap_counts_lg|pff_offense_blocking_snap_counts_lt|pff_offense_blocking_snap_counts_offense|pff_offense_blocking_snap_counts_pass_block|pff_offense_blocking_snap_counts_pass_play|pff_offense_blocking_snap_counts_rg|pff_offense_blocking_snap_counts_rt|pff_offense_blocking_snap_counts_run_block|pff_offense_blocking_snap_counts_te|age,0.075,0.042,6.18,,75.2
134,Tahj Washington,WR,WR,USC,MIA,7.0,241.0,23.0,0.065,0.118,0.033,0.098,,0,0.098,0.85,0.98,634,1,,ras_score|pffx_yprr|pffx_g_off|pff_receiving_concept_base_targets|pff_receiving_concept_declined_penalties|pff_receiving_concept_penalties|pff_receiving_concept_screen_avg_depth_of_target|pff_receiving_concept_screen_avoided_tackles|pff_receiving_concept_screen_caught_percent|pff_receiving_concept_screen_contested_receptions|pff_receiving_concept_screen_contested_targets|pff_receiving_concept_screen_drop_rate|pff_receiving_concept_screen_drops|pff_receiving_concept_screen_epa|pff_receiving_concept_screen_first_downs|pff_receiving_concept_screen_fumbles|pff_receiving_concept_screen_grades_hands_drop|pff_receiving_concept_screen_grades_pass_route|pff_receiving_concept_screen_interceptions|pff_receiving_concept_screen_longest|pff_receiving_concept_screen_pass_block_rate|pff_receiving_concept_screen_pass_blocks|pff_receiving_concept_screen_pass_plays|pff_receiving_concept_screen_positive_epa_percent|pff_receiving_concept_screen_receptions|pff_receiving_concept_screen_route_rate|pff_receiving_concept_screen_routes|pff_receiving_concept_screen_targeted_qb_rating|pff_receiving_concept_screen_targets|pff_receiving_concept_screen_targets_percent|pff_receiving_concept_screen_touchdowns|pff_receiving_concept_screen_yards|pff_receiving_concept_screen_yards_after_catch|pff_receiving_concept_screen_yards_after_catch_per_reception|pff_receiving_concept_screen_yards_per_reception,0.024,0.021,5.13,39.73,85.5
135,Tarheeb Still,DB,DB,Maryland,LAC,5.0,137.0,22.0,0.1,-0.021,-0.002,0.098,,0,0.098,0.75,0.333,1,1,too_few_football_features,ras_score|age,0.192,0.317,7.74,,
136,Cedric Gray,LB,LB,North Carolina,TEN,4.0,106.0,21.0,0.095,0.024,0.002,0.097,,0,0.097,0.75,0.333,1,1,too_few_football_features,ras_score|age,0.295,0.358,7.25,,
137,Theo Johnson,TE,TE,Penn St.,NYG,4.0,107.0,23.0,0.085,0.037,0.01,0.095,,0,0.095,0.85,0.903,607,1,,ras_score|pffx_yprr|pffx_g_off|pff_offense_blocking_block_percent|pff_offense_blocking_declined_penalties|pff_offense_blocking_grades_offense|pff_offense_blocking_grades_pass_block|pff_offense_blocking_grades_run_block|pff_offense_blocking_hits_allowed|pff_offense_blocking_hurries_allowed|pff_offense_blocking_non_spike_pass_block|pff_offense_blocking_non_spike_pass_block_percentage|pff_offense_blocking_pass_block_percent|pff_offense_blocking_pbe|pff_offense_blocking_penalties|pff_offense_blocking_pressures_allowed|pff_offense_blocking_sacks_allowed|pff_offense_blocking_snap_counts_block|pff_offense_blocking_snap_counts_ce|pff_offense_blocking_snap_counts_lg|pff_offense_blocking_snap_counts_lt|pff_offense_blocking_snap_counts_offense|pff_offense_blocking_snap_counts_pass_block|pff_offense_blocking_snap_counts_pass_play|pff_offense_blocking_snap_counts_rg|pff_offense_blocking_snap_counts_rt|pff_offense_blocking_snap_counts_run_block|pff_offense_blocking_snap_counts_te|pff_receiving_concept_base_targets|pff_receiving_concept_declined_penalties|pff_receiving_concept_penalties|pff_receiving_concept_screen_avg_depth_of_target|pff_receiving_concept_screen_avoided_tackles|pff_receiving_concept_screen_caught_percent|pff_receiving_concept_screen_contested_receptions,0.124,0.29,9.93,10.3,62.5
138,Evan Williams,DB,DB,Oregon,GNB,4.0,111.0,23.0,0.1,-0.054,-0.005,0.095,,0,0.095,0.75,0.667,2,1,too_few_football_features,ras_score|pffx_g_off|age,0.091,0.276,8.2,,60.0
139,Walter Rouse,OL,OL,Oklahoma,MIN,6.0,177.0,23.0,0.065,0.106,0.03,0.095,,0,0.095,0.85,0.5,27,1,,ras_score|pffx_g_off|pff_offense_blocking_block_percent|pff_offense_blocking_declined_penalties|pff_offense_blocking_grades_offense|pff_offense_blocking_grades_pass_block|pff_offense_blocking_grades_run_block|pff_offense_blocking_hits_allowed|pff_offense_blocking_hurries_allowed|pff_offense_blocking_non_spike_pass_block|pff_offense_blocking_non_spike_pass_block_percentage|pff_offense_blocking_pass_block_percent|pff_offense_blocking_pbe|pff_offense_blocking_penalties|pff_offense_blocking_pressures_allowed|pff_offense_blocking_sacks_allowed|pff_offense_blocking_snap_counts_block|pff_offense_blocking_snap_counts_ce|pff_offense_blocking_snap_counts_lg|pff_offense_blocking_snap_counts_lt|pff_offense_blocking_snap_counts_offense|pff_offense_blocking_snap_counts_pass_block|pff_offense_blocking_snap_counts_pass_play|pff_offense_blocking_snap_counts_rg|pff_offense_blocking_snap_counts_rt|pff_offense_blocking_snap_counts_run_block|pff_offense_blocking_snap_counts_te|age,0.055,0.034,7.87,,72.0
140,Xavier Thomas,DE,DL,Clemson,ARI,5.0,138.0,24.0,0.105,-0.125,-0.011,0.094,,0,0.094,0.75,0.333,1,1,too_few_football_features,ras_score|age,0.098,0.051,8.17,,
141,Dadrion Taylor-Demerson,DB,DB,Texas Tech,ARI,4.0,104.0,23.0,0.1,-0.078,-0.007,0.093,,0,0.093,0.75,0.333,1,1,too_few_football_features,ras_score|age,0.167,0.133,8.1,,
142,T.J. Tampa,DB,DB,Iowa St.,BAL,4.0,130.0,22.0,0.1,-0.122,-0.011,0.089,,0,0.089,0.75,0.333,1,1,too_few_football_features,ras_score|age,0.2,0.152,6.35,,
143,Jordan Travis,QB,QB,Florida St.,NYJ,5.0,171.0,24.0,0.085,0.014,0.004,0.089,,0,0.089,0.85,0.937,936,1,missing_ras,pffx_g_off|pff_passing_allowed_pressure_allowed_pressure_dropbacks|pff_passing_allowed_pressure_ce_percent|pff_passing_allowed_pressure_declined_penalties|pff_passing_allowed_pressure_hits_allowed|pff_passing_allowed_pressure_hurries_allowed|pff_passing_allowed_pressure_lg_percent|pff_passing_allowed_pressure_lt_percent|pff_passing_allowed_pressure_ol_te_percent|pff_passing_allowed_pressure_other_percent|pff_passing_allowed_pressure_penalties|pff_passing_allowed_pressure_pressures_allowed|pff_passing_allowed_pressure_pressures_ce|pff_passing_allowed_pressure_pressures_lg|pff_passing_allowed_pressure_pressures_lt|pff_passing_allowed_pressure_pressures_off|pff_passing_allowed_pressure_pressures_ol_te|pff_passing_allowed_pressure_pressures_other|pff_passing_allowed_pressure_pressures_rg|pff_passing_allowed_pressure_pressures_rt|pff_passing_allowed_pressure_pressures_self|pff_passing_allowed_pressure_pressures_te|pff_passing_allowed_pressure_rg_percent|pff_passing_allowed_pressure_rt_percent|pff_passing_allowed_pressure_sacks_allowed|pff_passing_allowed_pressure_self_percent|pff_passing_allowed_pressure_te_percent|pff_passing_concept_dropbacks|pff_passing_concept_no_screen_accuracy_percent|pff_passing_concept_no_screen_aimed_passes|pff_passing_concept_no_screen_attempts|pff_passing_concept_no_screen_avg_depth_of_target|pff_passing_concept_no_screen_avg_time_to_throw|pff_passing_concept_no_screen_bats|pff_passing_concept_no_screen_big_time_throws,0.052,0.033,,,91.0
144,Nehemiah Pritchett,CB,DB,Auburn,SEA,5.0,136.0,23.0,0.1,-0.125,-0.011,0.089,,0,0.089,0.75,0.333,1,1,too_few_football_features,ras_score|age,0.093,0.109,7.79,,
145,Jaylen Wright,RB,RB,Tennessee,MIA,4.0,120.0,21.0,0.085,0.011,0.003,0.088,,0,0.088,0.85,0.791,544,1,,ras_score|pffx_yprr|pffx_g_off|pff_receiving_concept_base_targets|pff_receiving_concept_declined_penalties|pff_receiving_concept_penalties|pff_receiving_concept_screen_avg_depth_of_target|pff_receiving_concept_screen_avoided_tackles|pff_receiving_concept_screen_caught_percent|pff_receiving_concept_screen_contested_receptions|pff_receiving_concept_screen_contested_targets|pff_receiving_concept_screen_drop_rate|pff_receiving_concept_screen_drops|pff_receiving_concept_screen_epa|pff_receiving_concept_screen_first_downs|pff_receiving_concept_screen_fumbles|pff_receiving_concept_screen_grades_hands_drop|pff_receiving_concept_screen_grades_pass_route|pff_receiving_concept_screen_interceptions|pff_receiving_concept_screen_longest|pff_receiving_concept_screen_pass_block_rate|pff_receiving_concept_screen_pass_blocks|pff_receiving_concept_screen_pass_plays|pff_receiving_concept_screen_positive_epa_percent|pff_receiving_concept_screen_receptions|pff_receiving_concept_screen_route_rate|pff_receiving_concept_screen_routes|pff_receiving_concept_screen_targeted_qb_rating|pff_receiving_concept_screen_targets|pff_receiving_concept_screen_targets_percent|pff_receiving_concept_screen_touchdowns|pff_receiving_concept_screen_yards|pff_receiving_concept_screen_yards_after_catch|pff_receiving_concept_screen_yards_after_catch_per_reception|pff_receiving_concept_screen_yards_per_reception,0.188,0.147,9.81,9.67,91.0
146,Tylan Grable,OL,OL,Central Florida,BUF,6.0,204.0,24.0,0.065,0.077,0.021,0.086,,0,0.086,0.85,0.5,27,1,,ras_score|pffx_g_off|pff_offense_blocking_block_percent|pff_offense_blocking_declined_penalties|pff_offense_blocking_grades_offense|pff_offense_blocking_grades_pass_block|pff_offense_blocking_grades_run_block|pff_offense_blocking_hits_allowed|pff_offense_blocking_hurries_allowed|pff_offense_blocking_non_spike_pass_block|pff_offense_blocking_non_spike_pass_block_percentage|pff_offense_blocking_pass_block_percent|pff_offense_blocking_pbe|pff_offense_blocking_penalties|pff_offense_blocking_pressures_allowed|pff_offense_blocking_sacks_allowed|pff_offense_blocking_snap_counts_block|pff_offense_blocking_snap_counts_ce|pff_offense_blocking_snap_counts_lg|pff_offense_blocking_snap_counts_lt|pff_offense_blocking_snap_counts_offense|pff_offense_blocking_snap_counts_pass_block|pff_offense_blocking_snap_counts_pass_play|pff_offense_blocking_snap_counts_rg|pff_offense_blocking_snap_counts_rt|pff_offense_blocking_snap_counts_run_block|pff_offense_blocking_snap_counts_te|age,0.091,0.108,9.85,,72.7
147,Justin Eboigbe,DL,DL,Alabama,LAC,4.0,105.0,23.0,0.105,-0.208,-0.019,0.086,,0,0.086,0.75,0.333,1,1,too_few_football_features,ras_score|age,0.218,0.153,5.78,,
148,Curtis Jacobs,LB,LB,Penn State,TEN,,,,0.025,0.382,0.061,0.086,,0,0.086,0.68,1,3,1,missing_pick;missing_age;thin_football_features,ras_score|pffx_yprr|pffx_g_off,0.007,0.007,8.47,18.0,81.5
149,Khyree Jackson,DB,DB,Oregon,MIN,4.0,108.0,25.0,0.1,-0.157,-0.014,0.086,,0,0.086,0.715,0.333,1,2,deduped;too_few_football_features,ras_score|age,0.052,0.033,7.86,,
150,Audric Estime,RB,RB,Notre Dame,DEN,5.0,147.0,21.0,0.085,0.003,0.001,0.086,,0,0.086,0.85,0.791,544,1,,ras_score|pffx_yprr|pffx_g_off|pff_receiving_concept_base_targets|pff_receiving_concept_declined_penalties|pff_receiving_concept_penalties|pff_receiving_concept_screen_avg_depth_of_target|pff_receiving_concept_screen_avoided_tackles|pff_receiving_concept_screen_caught_percent|pff_receiving_concept_screen_contested_receptions|pff_receiving_concept_screen_contested_targets|pff_receiving_concept_screen_drop_rate|pff_receiving_concept_screen_drops|pff_receiving_concept_screen_epa|pff_receiving_concept_screen_first_downs|pff_receiving_concept_screen_fumbles|pff_receiving_concept_screen_grades_hands_drop|pff_receiving_concept_screen_grades_pass_route|pff_receiving_concept_screen_interceptions|pff_receiving_concept_screen_longest|pff_receiving_concept_screen_pass_block_rate|pff_receiving_concept_screen_pass_blocks|pff_receiving_concept_screen_pass_plays|pff_receiving_concept_screen_positive_epa_percent|pff_receiving_concept_screen_receptions|pff_receiving_concept_screen_route_rate|pff_receiving_concept_screen_routes|pff_receiving_concept_screen_targeted_qb_rating|pff_receiving_concept_screen_targets|pff_receiving_concept_screen_targets_percent|pff_receiving_concept_screen_touchdowns|pff_receiving_concept_screen_yards|pff_receiving_concept_screen_yards_after_catch|pff_receiving_concept_screen_yards_after_catch_per_reception|pff_receiving_concept_screen_yards_per_reception,0.141,0.128,6.57,8.36,94.2
151,Tommy Eichenberg,LB,LB,Ohio St.,LVR,5.0,148.0,23.0,0.095,-0.106,-0.01,0.085,,0,0.085,0.75,0.667,2,1,too_few_football_features,ras_score|pffx_g_off|age,0.143,0.069,7.88,,60.0
152,Erick All,TE,TE,Iowa,CIN,4.0,115.0,23.0,0.085,0,0,0.085,,0,0.085,0.85,0.888,597,1,missing_ras,pffx_yprr|pffx_g_off|pff_offense_blocking_block_percent|pff_offense_blocking_declined_penalties|pff_offense_blocking_grades_offense|pff_offense_blocking_grades_pass_block|pff_offense_blocking_grades_run_block|pff_offense_blocking_hits_allowed|pff_offense_blocking_hurries_allowed|pff_offense_blocking_non_spike_pass_block|pff_offense_blocking_non_spike_pass_block_percentage|pff_offense_blocking_pass_block_percent|pff_offense_blocking_pbe|pff_offense_blocking_penalties|pff_offense_blocking_pressures_allowed|pff_offense_blocking_sacks_allowed|pff_offense_blocking_snap_counts_block|pff_offense_blocking_snap_counts_ce|pff_offense_blocking_snap_counts_lg|pff_offense_blocking_snap_counts_lt|pff_offense_blocking_snap_counts_offense|pff_offense_blocking_snap_counts_pass_block|pff_offense_blocking_snap_counts_pass_play|pff_offense_blocking_snap_counts_rg|pff_offense_blocking_snap_counts_rt|pff_offense_blocking_snap_counts_run_block|pff_offense_blocking_snap_counts_te|pff_receiving_concept_base_targets|pff_receiving_concept_declined_penalties|pff_receiving_concept_penalties|pff_receiving_concept_screen_avg_depth_of_target|pff_receiving_concept_screen_avoided_tackles|pff_receiving_concept_screen_caught_percent|pff_receiving_concept_screen_contested_catch_rate|pff_receiving_concept_screen_contested_receptions,0.135,0.126,,31.33,72.4
153,Michael Pratt,QB,QB,Tulane,GNB,7.0,245.0,22.0,0.085,-0.002,-0.001,0.084,,0,0.084,0.85,0.94,939,1,,ras_score|pffx_yprr|pffx_g_off|pff_passing_allowed_pressure_allowed_pressure_dropbacks|pff_passing_allowed_pressure_ce_percent|pff_passing_allowed_pressure_declined_penalties|pff_passing_allowed_pressure_hits_allowed|pff_passing_allowed_pressure_hurries_allowed|pff_passing_allowed_pressure_lg_percent|pff_passing_allowed_pressure_lt_percent|pff_passing_allowed_pressure_ol_te_percent|pff_passing_allowed_pressure_other_percent|pff_passing_allowed_pressure_penalties|pff_passing_allowed_pressure_pressures_allowed|pff_passing_allowed_pressure_pressures_ce|pff_passing_allowed_pressure_pressures_lg|pff_passing_allowed_pressure_pressures_lt|pff_passing_allowed_pressure_pressures_off|pff_passing_allowed_pressure_pressures_ol_te|pff_passing_allowed_pressure_pressures_other|pff_passing_allowed_pressure_pressures_rg|pff_passing_allowed_pressure_pressures_rt|pff_passing_allowed_pressure_pressures_self|pff_passing_allowed_pressure_pressures_te|pff_passing_allowed_pressure_rg_percent|pff_passing_allowed_pressure_rt_percent|pff_passing_allowed_pressure_sacks_allowed|pff_passing_allowed_pressure_self_percent|pff_passing_allowed_pressure_te_percent|pff_passing_concept_dropbacks|pff_passing_concept_no_screen_accuracy_percent|pff_passing_concept_no_screen_aimed_passes|pff_passing_concept_no_screen_attempts|pff_passing_concept_no_screen_avg_depth_of_target|pff_passing_concept_no_screen_avg_time_to_throw,0.031,0.024,8.27,0.0,88.6
154,AJ Barner,TE,TE,Michigan,SEA,4.0,121.0,22.0,0.085,-0.008,-0.002,0.083,,0,0.083,0.85,0.86,578,1,,ras_score|pffx_yprr|pffx_g_off|pff_offense_blocking_block_percent|pff_offense_blocking_declined_penalties|pff_offense_blocking_grades_offense|pff_offense_blocking_grades_pass_block|pff_offense_blocking_grades_run_block|pff_offense_blocking_hits_allowed|pff_offense_blocking_hurries_allowed|pff_offense_blocking_non_spike_pass_block|pff_offense_blocking_non_spike_pass_block_percentage|pff_offense_blocking_pass_block_percent|pff_offense_blocking_pbe|pff_offense_blocking_penalties|pff_offense_blocking_pressures_allowed|pff_offense_blocking_sacks_allowed|pff_offense_blocking_snap_counts_block|pff_offense_blocking_snap_counts_ce|pff_offense_blocking_snap_counts_lg|pff_offense_blocking_snap_counts_lt|pff_offense_blocking_snap_counts_offense|pff_offense_blocking_snap_counts_pass_block|pff_offense_blocking_snap_counts_pass_play|pff_offense_blocking_snap_counts_rg|pff_offense_blocking_snap_counts_rt|pff_offense_blocking_snap_counts_run_block|pff_offense_blocking_snap_counts_te|pff_receiving_concept_base_targets|pff_receiving_concept_declined_penalties|pff_receiving_concept_penalties|pff_receiving_concept_screen_avoided_tackles|pff_receiving_concept_screen_contested_receptions|pff_receiving_concept_screen_contested_targets|pff_receiving_concept_screen_drops,0.167,0.307,8.7,10.5,82.3
155,Tejhaun Palmer,WR,WR,Ala-Birmingham,ARI,6.0,191.0,24.0,0.065,0.062,0.017,0.082,,0,0.082,0.85,0.981,635,1,,ras_score|pffx_yprr|pffx_g_off|pff_receiving_concept_base_targets|pff_receiving_concept_declined_penalties|pff_receiving_concept_penalties|pff_receiving_concept_screen_avg_depth_of_target|pff_receiving_concept_screen_avoided_tackles|pff_receiving_concept_screen_caught_percent|pff_receiving_concept_screen_contested_catch_rate|pff_receiving_concept_screen_contested_receptions|pff_receiving_concept_screen_contested_targets|pff_receiving_concept_screen_drop_rate|pff_receiving_concept_screen_drops|pff_receiving_concept_screen_epa|pff_receiving_concept_screen_first_downs|pff_receiving_concept_screen_fumbles|pff_receiving_concept_screen_grades_hands_drop|pff_receiving_concept_screen_grades_pass_route|pff_receiving_concept_screen_interceptions|pff_receiving_concept_screen_longest|pff_receiving_concept_screen_pass_block_rate|pff_receiving_concept_screen_pass_blocks|pff_receiving_concept_screen_pass_plays|pff_receiving_concept_screen_positive_epa_percent|pff_receiving_concept_screen_receptions|pff_receiving_concept_screen_route_rate|pff_receiving_concept_screen_routes|pff_receiving_concept_screen_targeted_qb_rating|pff_receiving_concept_screen_targets|pff_receiving_concept_screen_targets_percent|pff_receiving_concept_screen_touchdowns|pff_receiving_concept_screen_yards|pff_receiving_concept_screen_yards_after_catch|pff_receiving_concept_screen_yards_after_catch_per_reception,0.074,0.042,9.57,18.86,71.4
156,Kris Abrams-Draine,DB,DB,Missouri,DEN,5.0,145.0,22.0,0.1,-0.196,-0.018,0.082,,0,0.082,0.75,0.667,2,1,too_few_football_features,ras_score|pffx_g_off|age,0.164,0.137,4.69,,60.0
157,Cole Burgess,WR,WR,Cortland State Of New York,PIT,,,,0.045,0.409,0.037,0.082,,0,0.082,0.148,0.002,1,1,missing_pick;missing_age;too_few_football_features;low_position_feature_completeness,ras_score,0.012,0.012,9.8,,
158,Braelon Allen,RB,RB,Wisconsin,NYJ,4.0,134.0,20.0,0.085,-0.012,-0.003,0.082,,0,0.082,0.85,0.82,564,1,missing_ras,pffx_yprr|pffx_g_off|pff_receiving_concept_base_targets|pff_receiving_concept_declined_penalties|pff_receiving_concept_penalties|pff_receiving_concept_screen_avg_depth_of_target|pff_receiving_concept_screen_avoided_tackles|pff_receiving_concept_screen_caught_percent|pff_receiving_concept_screen_contested_receptions|pff_receiving_concept_screen_contested_targets|pff_receiving_concept_screen_drop_rate|pff_receiving_concept_screen_drops|pff_receiving_concept_screen_epa|pff_receiving_concept_screen_first_downs|pff_receiving_concept_screen_fumbles|pff_receiving_concept_screen_grades_hands_drop|pff_receiving_concept_screen_grades_pass_route|pff_receiving_concept_screen_interceptions|pff_receiving_concept_screen_longest|pff_receiving_concept_screen_pass_block_rate|pff_receiving_concept_screen_pass_blocks|pff_receiving_concept_screen_pass_plays|pff_receiving_concept_screen_positive_epa_percent|pff_receiving_concept_screen_receptions|pff_receiving_concept_screen_route_rate|pff_receiving_concept_screen_routes|pff_receiving_concept_screen_targeted_qb_rating|pff_receiving_concept_screen_targets|pff_receiving_concept_screen_targets_percent|pff_receiving_concept_screen_touchdowns|pff_receiving_concept_screen_yards|pff_receiving_concept_screen_yards_after_catch|pff_receiving_concept_screen_yards_after_catch_per_reception|pff_receiving_concept_screen_yards_per_reception|pff_receiving_concept_screen_yprr,0.225,0.162,,24.0,85.3
159,Josh Newton,CB,DB,TCU,CIN,5.0,149.0,23.0,0.1,-0.211,-0.019,0.081,,0,0.081,0.75,0.333,1,1,too_few_football_features,ras_score|age,0.093,0.109,6.41,,
160,C.J. Hanson,G,OL,Holy Cross,KAN,7.0,248.0,23.0,0.065,0.173,0.016,0.081,,0,0.081,0.252,0.019,1,1,too_few_football_features;low_position_feature_completeness,ras_score|age,0.125,0.062,9.85,,
161,Tyrice Knight,LB,LB,Texas-El Paso,SEA,4.0,118.0,23.0,0.095,-0.164,-0.015,0.08,,0,0.08,0.75,0.333,1,1,too_few_football_features,ras_score|age,0.101,0.28,7.41,,
162,Mekhi Wingo,DT,DL,LSU,DET,6.0,189.0,21.0,0.055,0.279,0.025,0.08,,0,0.08,0.75,0.333,1,1,too_few_football_features,ras_score|age,0.145,0.07,8.78,,
163,Rashad Wisdom,SAF,DB,Texas-San Antonio,TB,,,,0.03,0.307,0.049,0.079,,0,0.079,0.68,1,3,1,missing_pick;missing_age;thin_football_features,ras_score|pffx_yprr|pffx_g_off,0.012,0.012,8.64,22.0,70.6
164,Joe Milton,QB,QB,Tennessee,NWE,6.0,193.0,24.0,0.085,-0.025,-0.007,0.078,,0,0.078,0.85,0.935,934,1,missing_ras,pffx_g_off|pff_passing_allowed_pressure_allowed_pressure_dropbacks|pff_passing_allowed_pressure_ce_percent|pff_passing_allowed_pressure_declined_penalties|pff_passing_allowed_pressure_hits_allowed|pff_passing_allowed_pressure_hurries_allowed|pff_passing_allowed_pressure_lg_percent|pff_passing_allowed_pressure_lt_percent|pff_passing_allowed_pressure_ol_te_percent|pff_passing_allowed_pressure_other_percent|pff_passing_allowed_pressure_penalties|pff_passing_allowed_pressure_pressures_allowed|pff_passing_allowed_pressure_pressures_ce|pff_passing_allowed_pressure_pressures_lg|pff_passing_allowed_pressure_pressures_lt|pff_passing_allowed_pressure_pressures_off|pff_passing_allowed_pressure_pressures_ol_te|pff_passing_allowed_pressure_pressures_other|pff_passing_allowed_pressure_pressures_rg|pff_passing_allowed_pressure_pressures_rt|pff_passing_allowed_pressure_pressures_self|pff_passing_allowed_pressure_pressures_te|pff_passing_allowed_pressure_rg_percent|pff_passing_allowed_pressure_rt_percent|pff_passing_allowed_pressure_sacks_allowed|pff_passing_allowed_pressure_self_percent|pff_passing_allowed_pressure_te_percent|pff_passing_concept_dropbacks|pff_passing_concept_no_screen_accuracy_percent|pff_passing_concept_no_screen_aimed_passes|pff_passing_concept_no_screen_attempts|pff_passing_concept_no_screen_avg_depth_of_target|pff_passing_concept_no_screen_avg_time_to_throw|pff_passing_concept_no_screen_bats|pff_passing_concept_no_screen_big_time_throws,0.061,0.037,,,83.4
165,Bucky Williams,C,OL,Appalachian State; Austin Peay,LAC,,,,0.045,0.204,0.033,0.078,,0,0.078,0.815,0.5,27,1,missing_pick;missing_age,ras_score|pffx_g_off|pff_offense_blocking_block_percent|pff_offense_blocking_declined_penalties|pff_offense_blocking_grades_offense|pff_offense_blocking_grades_pass_block|pff_offense_blocking_grades_run_block|pff_offense_blocking_hits_allowed|pff_offense_blocking_hurries_allowed|pff_offense_blocking_non_spike_pass_block|pff_offense_blocking_non_spike_pass_block_percentage|pff_offense_blocking_pass_block_percent|pff_offense_blocking_pbe|pff_offense_blocking_penalties|pff_offense_blocking_pressures_allowed|pff_offense_blocking_sacks_allowed|pff_offense_blocking_snap_counts_block|pff_offense_blocking_snap_counts_ce|pff_offense_blocking_snap_counts_lg|pff_offense_blocking_snap_counts_lt|pff_offense_blocking_snap_counts_offense|pff_offense_blocking_snap_counts_pass_block|pff_offense_blocking_snap_counts_pass_play|pff_offense_blocking_snap_counts_rg|pff_offense_blocking_snap_counts_rt|pff_offense_blocking_snap_counts_run_block|pff_offense_blocking_snap_counts_te,0.0,0.0,6.85,,81.1
166,Layden Robinson,OL,OL,Texas A&M,NWE,4.0,103.0,23.0,0.115,-0.139,-0.039,0.076,,0,0.076,0.85,0.5,27,1,,ras_score|pffx_g_off|pff_offense_blocking_block_percent|pff_offense_blocking_declined_penalties|pff_offense_blocking_grades_offense|pff_offense_blocking_grades_pass_block|pff_offense_blocking_grades_run_block|pff_offense_blocking_hits_allowed|pff_offense_blocking_hurries_allowed|pff_offense_blocking_non_spike_pass_block|pff_offense_blocking_non_spike_pass_block_percentage|pff_offense_blocking_pass_block_percent|pff_offense_blocking_pbe|pff_offense_blocking_penalties|pff_offense_blocking_pressures_allowed|pff_offense_blocking_sacks_allowed|pff_offense_blocking_snap_counts_block|pff_offense_blocking_snap_counts_ce|pff_offense_blocking_snap_counts_lg|pff_offense_blocking_snap_counts_lt|pff_offense_blocking_snap_counts_offense|pff_offense_blocking_snap_counts_pass_block|pff_offense_blocking_snap_counts_pass_play|pff_offense_blocking_snap_counts_rg|pff_offense_blocking_snap_counts_rt|pff_offense_blocking_snap_counts_run_block|pff_offense_blocking_snap_counts_te|age,0.174,0.136,8.2,,65.6
167,Beaux Limmer,OL,OL,Arkansas,LAR,6.0,217.0,23.0,0.065,0.037,0.01,0.075,,0,0.075,0.85,0.5,27,1,,ras_score|pffx_g_off|pff_offense_blocking_block_percent|pff_offense_blocking_declined_penalties|pff_offense_blocking_grades_offense|pff_offense_blocking_grades_pass_block|pff_offense_blocking_grades_run_block|pff_offense_blocking_hits_allowed|pff_offense_blocking_hurries_allowed|pff_offense_blocking_non_spike_pass_block|pff_offense_blocking_non_spike_pass_block_percentage|pff_offense_blocking_pass_block_percent|pff_offense_blocking_pbe|pff_offense_blocking_penalties|pff_offense_blocking_pressures_allowed|pff_offense_blocking_sacks_allowed|pff_offense_blocking_snap_counts_block|pff_offense_blocking_snap_counts_ce|pff_offense_blocking_snap_counts_lg|pff_offense_blocking_snap_counts_lt|pff_offense_blocking_snap_counts_offense|pff_offense_blocking_snap_counts_pass_block|pff_offense_blocking_snap_counts_pass_play|pff_offense_blocking_snap_counts_rg|pff_offense_blocking_snap_counts_rt|pff_offense_blocking_snap_counts_run_block|pff_offense_blocking_snap_counts_te|age,0.088,0.107,9.8,,74.5
168,Brenden Rice,WR,WR,USC,LAC,7.0,225.0,22.0,0.065,0.031,0.009,0.074,,0,0.074,0.85,0.963,623,1,,ras_score|pffx_yprr|pffx_g_off|pff_receiving_concept_base_targets|pff_receiving_concept_declined_penalties|pff_receiving_concept_penalties|pff_receiving_concept_screen_avg_depth_of_target|pff_receiving_concept_screen_avoided_tackles|pff_receiving_concept_screen_caught_percent|pff_receiving_concept_screen_contested_catch_rate|pff_receiving_concept_screen_contested_receptions|pff_receiving_concept_screen_contested_targets|pff_receiving_concept_screen_drop_rate|pff_receiving_concept_screen_drops|pff_receiving_concept_screen_epa|pff_receiving_concept_screen_first_downs|pff_receiving_concept_screen_fumbles|pff_receiving_concept_screen_grades_hands_drop|pff_receiving_concept_screen_grades_pass_route|pff_receiving_concept_screen_interceptions|pff_receiving_concept_screen_longest|pff_receiving_concept_screen_pass_block_rate|pff_receiving_concept_screen_pass_blocks|pff_receiving_concept_screen_pass_plays|pff_receiving_concept_screen_positive_epa_percent|pff_receiving_concept_screen_receptions|pff_receiving_concept_screen_route_rate|pff_receiving_concept_screen_routes|pff_receiving_concept_screen_targeted_qb_rating|pff_receiving_concept_screen_targets|pff_receiving_concept_screen_targets_percent|pff_receiving_concept_screen_touchdowns|pff_receiving_concept_screen_yards|pff_receiving_concept_screen_yards_after_catch|pff_receiving_concept_screen_yards_after_catch_per_reception,0.096,0.05,7.17,17.6,77.5
169,Devin Leary,QB,QB,Kentucky,BAL,6.0,218.0,24.0,0.085,-0.044,-0.012,0.073,,0,0.073,0.85,0.942,941,1,missing_ras,pffx_yprr|pffx_g_off|pff_passing_allowed_pressure_allowed_pressure_dropbacks|pff_passing_allowed_pressure_ce_percent|pff_passing_allowed_pressure_declined_penalties|pff_passing_allowed_pressure_hits_allowed|pff_passing_allowed_pressure_hurries_allowed|pff_passing_allowed_pressure_lg_percent|pff_passing_allowed_pressure_lt_percent|pff_passing_allowed_pressure_ol_te_percent|pff_passing_allowed_pressure_other_percent|pff_passing_allowed_pressure_penalties|pff_passing_allowed_pressure_pressures_allowed|pff_passing_allowed_pressure_pressures_ce|pff_passing_allowed_pressure_pressures_lg|pff_passing_allowed_pressure_pressures_lt|pff_passing_allowed_pressure_pressures_off|pff_passing_allowed_pressure_pressures_ol_te|pff_passing_allowed_pressure_pressures_other|pff_passing_allowed_pressure_pressures_rg|pff_passing_allowed_pressure_pressures_rt|pff_passing_allowed_pressure_pressures_self|pff_passing_allowed_pressure_pressures_te|pff_passing_allowed_pressure_rg_percent|pff_passing_allowed_pressure_rt_percent|pff_passing_allowed_pressure_sacks_allowed|pff_passing_allowed_pressure_self_percent|pff_passing_allowed_pressure_te_percent|pff_passing_concept_dropbacks|pff_passing_concept_no_screen_accuracy_percent|pff_passing_concept_no_screen_aimed_passes|pff_passing_concept_no_screen_attempts|pff_passing_concept_no_screen_avg_depth_of_target|pff_passing_concept_no_screen_avg_time_to_throw|pff_passing_concept_no_screen_bats,0.009,0.016,,-4.0,90.2
170,Jordan Colbert,DB,DB,Rhode Island,MIA,,,,0.03,0.471,0.042,0.072,,0,0.072,0.68,0.333,1,1,missing_pick;missing_age;too_few_football_features,ras_score,0.009,0.009,9.78,,
171,Ryan Flournoy,WR,WR,SE Missouri St.,DAL,6.0,216.0,24.0,0.065,0.078,0.007,0.072,,0,0.072,0.218,0.002,1,1,too_few_football_features;low_position_feature_completeness,ras_score|age,0.075,0.102,9.89,,
172,Casey Rogers,DT,DL,Oregon; Nebraska,NYG,,,,0.035,0.401,0.036,0.071,,0,0.071,0.68,0.667,2,1,missing_pick;missing_age;too_few_football_features,ras_score|pffx_g_off,0.012,0.012,9.82,,64.5
173,Mark Perry,SAF,DB,TCU,GB,,,,0.03,0.442,0.04,0.07,,0,0.07,0.68,0.333,1,1,missing_pick;missing_age;too_few_football_features,ras_score,0.012,0.012,9.6,,
174,Ainias Smith,WR,WR,Texas A&M,PHI,5.0,152.0,23.0,0.065,0.016,0.005,0.07,,0,0.07,0.85,0.955,618,1,,ras_score|pffx_yprr|pffx_g_off|pff_receiving_concept_base_targets|pff_receiving_concept_declined_penalties|pff_receiving_concept_penalties|pff_receiving_concept_screen_avg_depth_of_target|pff_receiving_concept_screen_avoided_tackles|pff_receiving_concept_screen_caught_percent|pff_receiving_concept_screen_contested_receptions|pff_receiving_concept_screen_contested_targets|pff_receiving_concept_screen_drop_rate|pff_receiving_concept_screen_drops|pff_receiving_concept_screen_epa|pff_receiving_concept_screen_first_downs|pff_receiving_concept_screen_fumbles|pff_receiving_concept_screen_grades_hands_drop|pff_receiving_concept_screen_grades_pass_route|pff_receiving_concept_screen_interceptions|pff_receiving_concept_screen_longest|pff_receiving_concept_screen_pass_block_rate|pff_receiving_concept_screen_pass_blocks|pff_receiving_concept_screen_pass_plays|pff_receiving_concept_screen_positive_epa_percent|pff_receiving_concept_screen_receptions|pff_receiving_concept_screen_route_rate|pff_receiving_concept_screen_routes|pff_receiving_concept_screen_targeted_qb_rating|pff_receiving_concept_screen_targets|pff_receiving_concept_screen_targets_percent|pff_receiving_concept_screen_touchdowns|pff_receiving_concept_screen_yards|pff_receiving_concept_screen_yards_after_catch|pff_receiving_concept_screen_yards_after_catch_per_reception|pff_receiving_concept_screen_yards_per_reception,0.091,0.048,7.36,15.0,77.1
175,Jake Kubas,G,OL,North Dakota State,NYG,,,,0.045,0.273,0.025,0.07,,0,0.07,0.182,0.019,1,1,missing_pick;missing_age;too_few_football_features;low_position_feature_completeness,ras_score,0.012,0.012,9.45,,
176,Cedric Johnson,DE,DL,Mississippi,CIN,6.0,214.0,22.0,0.055,0.16,0.014,0.069,,0,0.069,0.75,0.667,2,1,too_few_football_features,ras_score|pffx_g_off|age,0.091,0.108,9.28,,60.0
177,Emany Johnson,SAF,DB,Nevada,LAC,,,,0.03,0.428,0.039,0.069,,0,0.069,0.68,0.333,1,1,missing_pick;missing_age;too_few_football_features,ras_score,0.012,0.012,9.58,,
178,Andrew Meyer,OL,OL,Texas-El Paso,MIA,,,,0.045,0.147,0.023,0.068,,0,0.068,0.815,0.5,27,1,missing_pick;missing_age,ras_score|pffx_g_off|pff_offense_blocking_block_percent|pff_offense_blocking_declined_penalties|pff_offense_blocking_grades_offense|pff_offense_blocking_grades_pass_block|pff_offense_blocking_grades_run_block|pff_offense_blocking_hits_allowed|pff_offense_blocking_hurries_allowed|pff_offense_blocking_non_spike_pass_block|pff_offense_blocking_non_spike_pass_block_percentage|pff_offense_blocking_pass_block_percent|pff_offense_blocking_pbe|pff_offense_blocking_penalties|pff_offense_blocking_pressures_allowed|pff_offense_blocking_sacks_allowed|pff_offense_blocking_snap_counts_block|pff_offense_blocking_snap_counts_ce|pff_offense_blocking_snap_counts_lg|pff_offense_blocking_snap_counts_lt|pff_offense_blocking_snap_counts_offense|pff_offense_blocking_snap_counts_pass_block|pff_offense_blocking_snap_counts_pass_play|pff_offense_blocking_snap_counts_rg|pff_offense_blocking_snap_counts_rt|pff_offense_blocking_snap_counts_run_block|pff_offense_blocking_snap_counts_te,0.0,0.0,8.55,,72.3
179,Jaheim Bell,TE,TE,Florida St.,NWE,7.0,231.0,23.0,0.035,0.119,0.033,0.068,,0,0.068,0.85,0.914,614,1,,ras_score|pffx_yprr|pffx_g_off|pff_offense_blocking_block_percent|pff_offense_blocking_declined_penalties|pff_offense_blocking_grades_offense|pff_offense_blocking_grades_pass_block|pff_offense_blocking_grades_run_block|pff_offense_blocking_hits_allowed|pff_offense_blocking_hurries_allowed|pff_offense_blocking_non_spike_pass_block|pff_offense_blocking_non_spike_pass_block_percentage|pff_offense_blocking_pass_block_percent|pff_offense_blocking_pbe|pff_offense_blocking_penalties|pff_offense_blocking_pressures_allowed|pff_offense_blocking_sacks_allowed|pff_offense_blocking_snap_counts_block|pff_offense_blocking_snap_counts_ce|pff_offense_blocking_snap_counts_lg|pff_offense_blocking_snap_counts_lt|pff_offense_blocking_snap_counts_offense|pff_offense_blocking_snap_counts_pass_block|pff_offense_blocking_snap_counts_pass_play|pff_offense_blocking_snap_counts_rg|pff_offense_blocking_snap_counts_rt|pff_offense_blocking_snap_counts_run_block|pff_offense_blocking_snap_counts_te|pff_receiving_concept_base_targets|pff_receiving_concept_declined_penalties|pff_receiving_concept_penalties|pff_receiving_concept_screen_avg_depth_of_target|pff_receiving_concept_screen_avoided_tackles|pff_receiving_concept_screen_caught_percent|pff_receiving_concept_screen_contested_receptions,0.037,0.027,8.45,15.89,73.4
180,Kyle Hergel,OL,OL,Boston College; Texas State-San Marcos,CHI,,,,0.045,0.146,0.023,0.068,,0,0.068,0.815,0.5,27,1,missing_pick;missing_age,ras_score|pffx_g_off|pff_offense_blocking_block_percent|pff_offense_blocking_declined_penalties|pff_offense_blocking_grades_offense|pff_offense_blocking_grades_pass_block|pff_offense_blocking_grades_run_block|pff_offense_blocking_hits_allowed|pff_offense_blocking_hurries_allowed|pff_offense_blocking_non_spike_pass_block|pff_offense_blocking_non_spike_pass_block_percentage|pff_offense_blocking_pass_block_percent|pff_offense_blocking_pbe|pff_offense_blocking_penalties|pff_offense_blocking_pressures_allowed|pff_offense_blocking_sacks_allowed|pff_offense_blocking_snap_counts_block|pff_offense_blocking_snap_counts_ce|pff_offense_blocking_snap_counts_lg|pff_offense_blocking_snap_counts_lt|pff_offense_blocking_snap_counts_offense|pff_offense_blocking_snap_counts_pass_block|pff_offense_blocking_snap_counts_pass_play|pff_offense_blocking_snap_counts_rg|pff_offense_blocking_snap_counts_rt|pff_offense_blocking_snap_counts_run_block|pff_offense_blocking_snap_counts_te,0.009,0.009,7.83,,66.4
181,Jarvis Brownlee,DB,DB,Louisville,TEN,5.0,146.0,23.0,0.1,-0.356,-0.032,0.068,,0,0.068,0.75,0.333,1,1,too_few_football_features,ras_score|age,0.113,0.285,4.62,,
182,JD Bertrand,LB,LB,Notre Dame,ATL,5.0,143.0,24.0,0.095,-0.302,-0.027,0.068,,0,0.068,0.715,0.333,1,1,missing_ras;too_few_football_features,pffx_g_off|age,0.133,0.125,,,60.0
183,Sam Hartman,QB,QB,Notre Dame; Wake Forest,WAS,,,,0.065,0.017,0.003,0.068,,0,0.068,0.815,0.935,934,1,missing_pick;missing_age,ras_score|pffx_g_off|pff_passing_allowed_pressure_allowed_pressure_dropbacks|pff_passing_allowed_pressure_ce_percent|pff_passing_allowed_pressure_declined_penalties|pff_passing_allowed_pressure_hits_allowed|pff_passing_allowed_pressure_hurries_allowed|pff_passing_allowed_pressure_lg_percent|pff_passing_allowed_pressure_lt_percent|pff_passing_allowed_pressure_ol_te_percent|pff_passing_allowed_pressure_other_percent|pff_passing_allowed_pressure_penalties|pff_passing_allowed_pressure_pressures_allowed|pff_passing_allowed_pressure_pressures_ce|pff_passing_allowed_pressure_pressures_lg|pff_passing_allowed_pressure_pressures_lt|pff_passing_allowed_pressure_pressures_off|pff_passing_allowed_pressure_pressures_ol_te|pff_passing_allowed_pressure_pressures_other|pff_passing_allowed_pressure_pressures_rg|pff_passing_allowed_pressure_pressures_rt|pff_passing_allowed_pressure_pressures_self|pff_passing_allowed_pressure_pressures_te|pff_passing_allowed_pressure_rg_percent|pff_passing_allowed_pressure_rt_percent|pff_passing_allowed_pressure_sacks_allowed|pff_passing_allowed_pressure_self_percent|pff_passing_allowed_pressure_te_percent|pff_passing_concept_dropbacks|pff_passing_concept_no_screen_accuracy_percent|pff_passing_concept_no_screen_aimed_passes|pff_passing_concept_no_screen_attempts|pff_passing_concept_no_screen_avg_depth_of_target|pff_passing_concept_no_screen_avg_time_to_throw|pff_passing_concept_no_screen_bats,0.0,0.0,3.81,,92.7
184,Qwan'tez Stiggers,CB,DB,,NYJ,5.0,176.0,22.0,0.05,0.192,0.017,0.067,,0,0.067,0.75,0.333,1,1,too_few_football_features,ras_score|age,0.138,0.127,9.34,,
185,Storm Duck,DB,DB,Louisville,MIA,,,,0.03,0.413,0.037,0.067,,0,0.067,0.68,0.333,1,1,missing_pick;missing_age;too_few_football_features,ras_score,0.012,0.012,9.56,,
186,Gabe Hall,DT,DL,Baylor,PHI,,,,0.035,0.355,0.032,0.067,,0,0.067,0.68,0.333,1,1,missing_pick;missing_age;too_few_football_features,ras_score,0.012,0.012,9.25,,
187,Jaylen Harrell,DE,DL,Michigan,TEN,7.0,252.0,22.0,0.055,0.129,0.012,0.067,,0,0.067,0.75,0.333,1,1,too_few_football_features,ras_score|age,0.007,0.075,8.46,,
188,Trevor Keegan,OL,OL,Michigan,PHI,5.0,172.0,24.0,0.065,0.006,0.002,0.067,,0,0.067,0.85,0.5,27,1,,ras_score|pffx_g_off|pff_offense_blocking_block_percent|pff_offense_blocking_declined_penalties|pff_offense_blocking_grades_offense|pff_offense_blocking_grades_pass_block|pff_offense_blocking_grades_run_block|pff_offense_blocking_hits_allowed|pff_offense_blocking_hurries_allowed|pff_offense_blocking_non_spike_pass_block|pff_offense_blocking_non_spike_pass_block_percentage|pff_offense_blocking_pass_block_percent|pff_offense_blocking_pbe|pff_offense_blocking_penalties|pff_offense_blocking_pressures_allowed|pff_offense_blocking_sacks_allowed|pff_offense_blocking_snap_counts_block|pff_offense_blocking_snap_counts_ce|pff_offense_blocking_snap_counts_lg|pff_offense_blocking_snap_counts_lt|pff_offense_blocking_snap_counts_offense|pff_offense_blocking_snap_counts_pass_block|pff_offense_blocking_snap_counts_pass_play|pff_offense_blocking_snap_counts_rg|pff_offense_blocking_snap_counts_rt|pff_offense_blocking_snap_counts_run_block|pff_offense_blocking_snap_counts_te|age,0.121,0.061,9.2,,68.6
189,Jason Bean,QB,QB,Kansas; North Texas,IND,,,,0.065,0.006,0.001,0.066,,0,0.066,0.815,0.941,940,1,missing_pick;missing_age,ras_score|pffx_yprr|pffx_g_off|pff_passing_allowed_pressure_allowed_pressure_dropbacks|pff_passing_allowed_pressure_ce_percent|pff_passing_allowed_pressure_declined_penalties|pff_passing_allowed_pressure_hits_allowed|pff_passing_allowed_pressure_hurries_allowed|pff_passing_allowed_pressure_lg_percent|pff_passing_allowed_pressure_lt_percent|pff_passing_allowed_pressure_ol_te_percent|pff_passing_allowed_pressure_other_percent|pff_passing_allowed_pressure_penalties|pff_passing_allowed_pressure_pressures_allowed|pff_passing_allowed_pressure_pressures_ce|pff_passing_allowed_pressure_pressures_lg|pff_passing_allowed_pressure_pressures_lt|pff_passing_allowed_pressure_pressures_off|pff_passing_allowed_pressure_pressures_ol_te|pff_passing_allowed_pressure_pressures_other|pff_passing_allowed_pressure_pressures_rg|pff_passing_allowed_pressure_pressures_rt|pff_passing_allowed_pressure_pressures_self|pff_passing_allowed_pressure_pressures_te|pff_passing_allowed_pressure_rg_percent|pff_passing_allowed_pressure_rt_percent|pff_passing_allowed_pressure_sacks_allowed|pff_passing_allowed_pressure_self_percent|pff_passing_allowed_pressure_te_percent|pff_passing_concept_dropbacks|pff_passing_concept_no_screen_accuracy_percent|pff_passing_concept_no_screen_aimed_passes|pff_passing_concept_no_screen_attempts|pff_passing_concept_no_screen_avg_depth_of_target|pff_passing_concept_no_screen_avg_time_to_throw,0.0,0.0,7.42,0.0,83.7
190,Jalen Sundell,OT,OL,North Dakota State,SEA,,,,0.045,0.233,0.021,0.066,,0,0.066,0.182,0.019,1,1,missing_pick;missing_age;too_few_football_features;low_position_feature_completeness,ras_score,0.012,0.012,9.35,,
191,Ryan Watts,SAF,DB,Texas,PIT,6.0,195.0,22.0,0.05,0.174,0.016,0.066,,0,0.066,0.75,0.333,1,1,too_few_football_features,ras_score|age,0.095,0.05,9.12,,
192,Jack Plummer,QB,QB,Louisville; California; Purdue,CAR,,,,0.065,0.003,0.001,0.066,,0,0.066,0.815,0.937,936,1,missing_pick;missing_age,ras_score|pffx_g_off|pff_passing_allowed_pressure_allowed_pressure_dropbacks|pff_passing_allowed_pressure_ce_percent|pff_passing_allowed_pressure_declined_penalties|pff_passing_allowed_pressure_hits_allowed|pff_passing_allowed_pressure_hurries_allowed|pff_passing_allowed_pressure_lg_percent|pff_passing_allowed_pressure_lt_percent|pff_passing_allowed_pressure_ol_te_percent|pff_passing_allowed_pressure_other_percent|pff_passing_allowed_pressure_penalties|pff_passing_allowed_pressure_pressures_allowed|pff_passing_allowed_pressure_pressures_ce|pff_passing_allowed_pressure_pressures_lg|pff_passing_allowed_pressure_pressures_lt|pff_passing_allowed_pressure_pressures_off|pff_passing_allowed_pressure_pressures_ol_te|pff_passing_allowed_pressure_pressures_other|pff_passing_allowed_pressure_pressures_rg|pff_passing_allowed_pressure_pressures_rt|pff_passing_allowed_pressure_pressures_self|pff_passing_allowed_pressure_pressures_te|pff_passing_allowed_pressure_rg_percent|pff_passing_allowed_pressure_rt_percent|pff_passing_allowed_pressure_sacks_allowed|pff_passing_allowed_pressure_self_percent|pff_passing_allowed_pressure_te_percent|pff_passing_concept_dropbacks|pff_passing_concept_no_screen_accuracy_percent|pff_passing_concept_no_screen_aimed_passes|pff_passing_concept_no_screen_attempts|pff_passing_concept_no_screen_avg_depth_of_target|pff_passing_concept_no_screen_avg_time_to_throw|pff_passing_concept_no_screen_bats,0.0,0.0,8.36,,83.8
193,A.J. Woods,DB,DB,Pittsburgh,ATL,,,,0.03,0.394,0.035,0.065,,0,0.065,0.68,0.333,1,1,missing_pick;missing_age;too_few_football_features,ras_score,0.012,0.012,9.47,,
194,Bayron Matos,OT,OL,University of South Florida; New Mexico,IND,,,,0.045,0.221,0.02,0.065,,0,0.065,0.182,0.019,1,1,missing_pick;missing_age;too_few_football_features;low_position_feature_completeness,ras_score,0.012,0.012,9.34,,
195,Joshua Cephus,WR,WR,Texas-San Antonio,JAX,,,,0.045,0.115,0.018,0.063,,0,0.063,0.78,0.98,634,1,missing_pick;missing_age;missing_ras,pffx_yprr|pffx_g_off|pff_receiving_concept_base_targets|pff_receiving_concept_declined_penalties|pff_receiving_concept_penalties|pff_receiving_concept_screen_avg_depth_of_target|pff_receiving_concept_screen_avoided_tackles|pff_receiving_concept_screen_caught_percent|pff_receiving_concept_screen_contested_receptions|pff_receiving_concept_screen_contested_targets|pff_receiving_concept_screen_drop_rate|pff_receiving_concept_screen_drops|pff_receiving_concept_screen_epa|pff_receiving_concept_screen_first_downs|pff_receiving_concept_screen_fumbles|pff_receiving_concept_screen_grades_hands_drop|pff_receiving_concept_screen_grades_pass_route|pff_receiving_concept_screen_interceptions|pff_receiving_concept_screen_longest|pff_receiving_concept_screen_pass_block_rate|pff_receiving_concept_screen_pass_blocks|pff_receiving_concept_screen_pass_plays|pff_receiving_concept_screen_positive_epa_percent|pff_receiving_concept_screen_receptions|pff_receiving_concept_screen_route_rate|pff_receiving_concept_screen_routes|pff_receiving_concept_screen_targeted_qb_rating|pff_receiving_concept_screen_targets|pff_receiving_concept_screen_targets_percent|pff_receiving_concept_screen_touchdowns|pff_receiving_concept_screen_yards|pff_receiving_concept_screen_yards_after_catch|pff_receiving_concept_screen_yards_after_catch_per_reception|pff_receiving_concept_screen_yards_per_reception|pff_receiving_concept_screen_yprr,0.0,0.0,,12.37,89.9
196,Jeremiah Trotter Jr.,LB,LB,Clemson,PHI,5.0,155.0,21.0,0.045,0.2,0.018,0.063,,0,0.063,0.18,0,0,1,missing_ras;too_few_football_features;low_position_feature_completeness,age,0.161,0.136,,,
197,Tanner McLachlan,TE,TE,Arizona,CIN,6.0,194.0,25.0,0.035,0.1,0.028,0.063,,0,0.063,0.85,0.902,606,1,,ras_score|pffx_yprr|pffx_g_off|pff_offense_blocking_block_percent|pff_offense_blocking_declined_penalties|pff_offense_blocking_grades_offense|pff_offense_blocking_grades_pass_block|pff_offense_blocking_grades_run_block|pff_offense_blocking_hits_allowed|pff_offense_blocking_hurries_allowed|pff_offense_blocking_non_spike_pass_block|pff_offense_blocking_non_spike_pass_block_percentage|pff_offense_blocking_pass_block_percent|pff_offense_blocking_pbe|pff_offense_blocking_penalties|pff_offense_blocking_pressures_allowed|pff_offense_blocking_sacks_allowed|pff_offense_blocking_snap_counts_block|pff_offense_blocking_snap_counts_ce|pff_offense_blocking_snap_counts_lg|pff_offense_blocking_snap_counts_lt|pff_offense_blocking_snap_counts_offense|pff_offense_blocking_snap_counts_pass_block|pff_offense_blocking_snap_counts_pass_play|pff_offense_blocking_snap_counts_rg|pff_offense_blocking_snap_counts_rt|pff_offense_blocking_snap_counts_run_block|pff_offense_blocking_snap_counts_te|pff_receiving_concept_base_targets|pff_receiving_concept_declined_penalties|pff_receiving_concept_penalties|pff_receiving_concept_screen_avg_depth_of_target|pff_receiving_concept_screen_avoided_tackles|pff_receiving_concept_screen_caught_percent|pff_receiving_concept_screen_contested_receptions,0.009,0.016,7.66,14.33,69.7
198,Travis Glover,OT,OL,Georgia St.,GNB,6.0,202.0,24.0,0.065,-0.008,-0.002,0.063,,0,0.063,0.85,0.519,28,1,,ras_score|pffx_yprr|pffx_g_off|pff_offense_blocking_block_percent|pff_offense_blocking_declined_penalties|pff_offense_blocking_grades_offense|pff_offense_blocking_grades_pass_block|pff_offense_blocking_grades_run_block|pff_offense_blocking_hits_allowed|pff_offense_blocking_hurries_allowed|pff_offense_blocking_non_spike_pass_block|pff_offense_blocking_non_spike_pass_block_percentage|pff_offense_blocking_pass_block_percent|pff_offense_blocking_pbe|pff_offense_blocking_penalties|pff_offense_blocking_pressures_allowed|pff_offense_blocking_sacks_allowed|pff_offense_blocking_snap_counts_block|pff_offense_blocking_snap_counts_ce|pff_offense_blocking_snap_counts_lg|pff_offense_blocking_snap_counts_lt|pff_offense_blocking_snap_counts_offense|pff_offense_blocking_snap_counts_pass_block|pff_offense_blocking_snap_counts_pass_play|pff_offense_blocking_snap_counts_rg|pff_offense_blocking_snap_counts_rt|pff_offense_blocking_snap_counts_run_block|pff_offense_blocking_snap_counts_te|age,0.042,0.029,4.72,0.0,72.5
199,Austin Reed,QB,QB,Western Kentucky; University of West Florida; Southern Illinois,CHI,,,,0.065,-0.015,-0.002,0.063,,0,0.063,0.78,0.943,942,1,missing_pick;missing_age;missing_ras,pffx_yprr|pffx_g_off|pff_passing_allowed_pressure_allowed_pressure_dropbacks|pff_passing_allowed_pressure_ce_percent|pff_passing_allowed_pressure_declined_penalties|pff_passing_allowed_pressure_hits_allowed|pff_passing_allowed_pressure_hurries_allowed|pff_passing_allowed_pressure_lg_percent|pff_passing_allowed_pressure_lt_percent|pff_passing_allowed_pressure_ol_te_percent|pff_passing_allowed_pressure_other_percent|pff_passing_allowed_pressure_penalties|pff_passing_allowed_pressure_pressures_allowed|pff_passing_allowed_pressure_pressures_ce|pff_passing_allowed_pressure_pressures_lg|pff_passing_allowed_pressure_pressures_lt|pff_passing_allowed_pressure_pressures_off|pff_passing_allowed_pressure_pressures_ol_te|pff_passing_allowed_pressure_pressures_other|pff_passing_allowed_pressure_pressures_rg|pff_passing_allowed_pressure_pressures_rt|pff_passing_allowed_pressure_pressures_self|pff_passing_allowed_pressure_pressures_te|pff_passing_allowed_pressure_rg_percent|pff_passing_allowed_pressure_rt_percent|pff_passing_allowed_pressure_sacks_allowed|pff_passing_allowed_pressure_self_percent|pff_passing_allowed_pressure_te_percent|pff_passing_concept_dropbacks|pff_passing_concept_no_screen_accuracy_percent|pff_passing_concept_no_screen_aimed_passes|pff_passing_concept_no_screen_attempts|pff_passing_concept_no_screen_avg_depth_of_target|pff_passing_concept_no_screen_avg_time_to_throw|pff_passing_concept_no_screen_bats,0.003,0.003,,0.0,80.3
200,Steven Jones,OL,OL,Oregon,PIT,,,,0.045,0.107,0.017,0.062,,0,0.062,0.815,0.5,27,1,missing_pick;missing_age,ras_score|pffx_g_off|pff_offense_blocking_block_percent|pff_offense_blocking_declined_penalties|pff_offense_blocking_grades_offense|pff_offense_blocking_grades_pass_block|pff_offense_blocking_grades_run_block|pff_offense_blocking_hits_allowed|pff_offense_blocking_hurries_allowed|pff_offense_blocking_non_spike_pass_block|pff_offense_blocking_non_spike_pass_block_percentage|pff_offense_blocking_pass_block_percent|pff_offense_blocking_pbe|pff_offense_blocking_penalties|pff_offense_blocking_pressures_allowed|pff_offense_blocking_sacks_allowed|pff_offense_blocking_snap_counts_block|pff_offense_blocking_snap_counts_ce|pff_offense_blocking_snap_counts_lg|pff_offense_blocking_snap_counts_lt|pff_offense_blocking_snap_counts_offense|pff_offense_blocking_snap_counts_pass_block|pff_offense_blocking_snap_counts_pass_play|pff_offense_blocking_snap_counts_rg|pff_offense_blocking_snap_counts_rt|pff_offense_blocking_snap_counts_run_block|pff_offense_blocking_snap_counts_te,0.0,0.0,2.95,,72.5
201,Sincere Haynesworth,C,OL,Tulane,NO,,,,0.045,0.106,0.017,0.062,,0,0.062,0.815,0.5,27,1,missing_pick;missing_age,ras_score|pffx_g_off|pff_offense_blocking_block_percent|pff_offense_blocking_declined_penalties|pff_offense_blocking_grades_offense|pff_offense_blocking_grades_pass_block|pff_offense_blocking_grades_run_block|pff_offense_blocking_hits_allowed|pff_offense_blocking_hurries_allowed|pff_offense_blocking_non_spike_pass_block|pff_offense_blocking_non_spike_pass_block_percentage|pff_offense_blocking_pass_block_percent|pff_offense_blocking_pbe|pff_offense_blocking_penalties|pff_offense_blocking_pressures_allowed|pff_offense_blocking_sacks_allowed|pff_offense_blocking_snap_counts_block|pff_offense_blocking_snap_counts_ce|pff_offense_blocking_snap_counts_lg|pff_offense_blocking_snap_counts_lt|pff_offense_blocking_snap_counts_offense|pff_offense_blocking_snap_counts_pass_block|pff_offense_blocking_snap_counts_pass_play|pff_offense_blocking_snap_counts_rg|pff_offense_blocking_snap_counts_rt|pff_offense_blocking_snap_counts_run_block|pff_offense_blocking_snap_counts_te,0.012,0.012,5.05,,79.5
202,Drake Nugent,C,OL,Michigan; Stanford,SF,,,,0.045,0.104,0.017,0.062,,0,0.062,0.815,0.5,27,1,missing_pick;missing_age,ras_score|pffx_g_off|pff_offense_blocking_block_percent|pff_offense_blocking_declined_penalties|pff_offense_blocking_grades_offense|pff_offense_blocking_grades_pass_block|pff_offense_blocking_grades_run_block|pff_offense_blocking_hits_allowed|pff_offense_blocking_hurries_allowed|pff_offense_blocking_non_spike_pass_block|pff_offense_blocking_non_spike_pass_block_percentage|pff_offense_blocking_pass_block_percent|pff_offense_blocking_pbe|pff_offense_blocking_penalties|pff_offense_blocking_pressures_allowed|pff_offense_blocking_sacks_allowed|pff_offense_blocking_snap_counts_block|pff_offense_blocking_snap_counts_ce|pff_offense_blocking_snap_counts_lg|pff_offense_blocking_snap_counts_lt|pff_offense_blocking_snap_counts_offense|pff_offense_blocking_snap_counts_pass_block|pff_offense_blocking_snap_counts_pass_play|pff_offense_blocking_snap_counts_rg|pff_offense_blocking_snap_counts_rt|pff_offense_blocking_snap_counts_run_block|pff_offense_blocking_snap_counts_te,0.002,0.002,6.68,,78.0
203,Jamari Thrash,WR,WR,Louisville,CLE,5.0,156.0,23.0,0.065,-0.012,-0.003,0.062,,0,0.062,0.85,0.949,614,1,,ras_score|pffx_yprr|pffx_g_off|pff_receiving_concept_base_targets|pff_receiving_concept_declined_penalties|pff_receiving_concept_penalties|pff_receiving_concept_screen_avg_depth_of_target|pff_receiving_concept_screen_avoided_tackles|pff_receiving_concept_screen_caught_percent|pff_receiving_concept_screen_contested_receptions|pff_receiving_concept_screen_contested_targets|pff_receiving_concept_screen_drop_rate|pff_receiving_concept_screen_drops|pff_receiving_concept_screen_epa|pff_receiving_concept_screen_first_downs|pff_receiving_concept_screen_fumbles|pff_receiving_concept_screen_grades_hands_drop|pff_receiving_concept_screen_grades_pass_route|pff_receiving_concept_screen_interceptions|pff_receiving_concept_screen_longest|pff_receiving_concept_screen_pass_block_rate|pff_receiving_concept_screen_pass_blocks|pff_receiving_concept_screen_pass_plays|pff_receiving_concept_screen_positive_epa_percent|pff_receiving_concept_screen_receptions|pff_receiving_concept_screen_route_rate|pff_receiving_concept_screen_routes|pff_receiving_concept_screen_targeted_qb_rating|pff_receiving_concept_screen_targets|pff_receiving_concept_screen_targets_percent|pff_receiving_concept_screen_touchdowns|pff_receiving_concept_screen_yards|pff_receiving_concept_screen_yards_after_catch|pff_receiving_concept_screen_yards_after_catch_per_reception|pff_receiving_concept_screen_yards_per_reception,0.111,0.116,6.77,11.05,77.6
204,Corey Bullock,G,OL,Maryland; North Carolina Central,BAL,,,,0.045,0.09,0.014,0.059,,0,0.059,0.815,0.5,27,1,missing_pick;missing_age,ras_score|pffx_g_off|pff_offense_blocking_block_percent|pff_offense_blocking_declined_penalties|pff_offense_blocking_grades_offense|pff_offense_blocking_grades_pass_block|pff_offense_blocking_grades_run_block|pff_offense_blocking_hits_allowed|pff_offense_blocking_hurries_allowed|pff_offense_blocking_non_spike_pass_block|pff_offense_blocking_non_spike_pass_block_percentage|pff_offense_blocking_pass_block_percent|pff_offense_blocking_pbe|pff_offense_blocking_penalties|pff_offense_blocking_pressures_allowed|pff_offense_blocking_sacks_allowed|pff_offense_blocking_snap_counts_block|pff_offense_blocking_snap_counts_ce|pff_offense_blocking_snap_counts_lg|pff_offense_blocking_snap_counts_lt|pff_offense_blocking_snap_counts_offense|pff_offense_blocking_snap_counts_pass_block|pff_offense_blocking_snap_counts_pass_play|pff_offense_blocking_snap_counts_rg|pff_offense_blocking_snap_counts_rt|pff_offense_blocking_snap_counts_run_block|pff_offense_blocking_snap_counts_te,0.012,0.012,1.4,,72.4
205,Michael Jerrell,OT,OL,Findlay,SEA,6.0,207.0,25.0,0.065,-0.067,-0.006,0.059,,0,0.059,0.252,0.019,1,1,too_few_football_features;low_position_feature_completeness,ras_score|age,0.042,0.089,9.29,,
206,Michael Dowell,SAF,DB,Miami (Ohio); Michigan State,SEA,,,,0.03,0.317,0.029,0.059,,0,0.059,0.68,0.333,1,1,missing_pick;missing_age;too_few_football_features,ras_score,0.0,0.0,9.02,,
207,Carter Bradley,QB,QB,South Alabama; Toledo,JAX,,,,0.065,-0.041,-0.007,0.058,,0,0.058,0.815,0.936,935,1,missing_pick;missing_age,ras_score|pffx_g_off|pff_passing_allowed_pressure_allowed_pressure_dropbacks|pff_passing_allowed_pressure_ce_percent|pff_passing_allowed_pressure_declined_penalties|pff_passing_allowed_pressure_hits_allowed|pff_passing_allowed_pressure_hurries_allowed|pff_passing_allowed_pressure_lg_percent|pff_passing_allowed_pressure_lt_percent|pff_passing_allowed_pressure_ol_te_percent|pff_passing_allowed_pressure_other_percent|pff_passing_allowed_pressure_penalties|pff_passing_allowed_pressure_pressures_allowed|pff_passing_allowed_pressure_pressures_ce|pff_passing_allowed_pressure_pressures_lg|pff_passing_allowed_pressure_pressures_lt|pff_passing_allowed_pressure_pressures_off|pff_passing_allowed_pressure_pressures_ol_te|pff_passing_allowed_pressure_pressures_other|pff_passing_allowed_pressure_pressures_rg|pff_passing_allowed_pressure_pressures_rt|pff_passing_allowed_pressure_pressures_self|pff_passing_allowed_pressure_pressures_te|pff_passing_allowed_pressure_rg_percent|pff_passing_allowed_pressure_rt_percent|pff_passing_allowed_pressure_sacks_allowed|pff_passing_allowed_pressure_self_percent|pff_passing_allowed_pressure_te_percent|pff_passing_concept_dropbacks|pff_passing_concept_no_screen_accuracy_percent|pff_passing_concept_no_screen_aimed_passes|pff_passing_concept_no_screen_attempts|pff_passing_concept_no_screen_avg_depth_of_target|pff_passing_concept_no_screen_avg_time_to_throw|pff_passing_concept_no_screen_bats,0.0,0.0,8.55,,85.4
208,Josiah Ezirim,OT,OL,Eastern Kentucky,NOR,7.0,239.0,23.0,0.065,-0.074,-0.007,0.058,,0,0.058,0.252,0.019,1,1,too_few_football_features;low_position_feature_completeness,ras_score|age,0.047,0.031,8.51,,
209,Tanner Mordecai,QB,QB,Wisconsin; SMU; Oklahoma,SF,,,,0.065,-0.043,-0.007,0.058,,0,0.058,0.815,0.951,950,1,missing_pick;missing_age,ras_score|pffx_yprr|pffx_g_off|pff_passing_allowed_pressure_allowed_pressure_dropbacks|pff_passing_allowed_pressure_ce_percent|pff_passing_allowed_pressure_declined_penalties|pff_passing_allowed_pressure_hits_allowed|pff_passing_allowed_pressure_hurries_allowed|pff_passing_allowed_pressure_lg_percent|pff_passing_allowed_pressure_lt_percent|pff_passing_allowed_pressure_ol_te_percent|pff_passing_allowed_pressure_other_percent|pff_passing_allowed_pressure_penalties|pff_passing_allowed_pressure_pressures_allowed|pff_passing_allowed_pressure_pressures_ce|pff_passing_allowed_pressure_pressures_lg|pff_passing_allowed_pressure_pressures_lt|pff_passing_allowed_pressure_pressures_off|pff_passing_allowed_pressure_pressures_ol_te|pff_passing_allowed_pressure_pressures_other|pff_passing_allowed_pressure_pressures_rg|pff_passing_allowed_pressure_pressures_rt|pff_passing_allowed_pressure_pressures_self|pff_passing_allowed_pressure_pressures_te|pff_passing_allowed_pressure_rg_percent|pff_passing_allowed_pressure_rt_percent|pff_passing_allowed_pressure_sacks_allowed|pff_passing_allowed_pressure_self_percent|pff_passing_allowed_pressure_te_percent|pff_passing_concept_dropbacks|pff_passing_concept_no_screen_accuracy_percent|pff_passing_concept_no_screen_aimed_passes|pff_passing_concept_no_screen_attempts|pff_passing_concept_no_screen_avg_depth_of_target|pff_passing_concept_no_screen_avg_time_to_throw,0.018,0.018,9.24,19.0,88.2
210,Isaiah Williams,WR,WR,Illinois,NYJ,,,,0.045,0.08,0.013,0.058,,0,0.058,0.815,0.994,643,1,missing_pick;missing_age,ras_score|pffx_yprr|pffx_g_off|pff_receiving_concept_base_targets|pff_receiving_concept_declined_penalties|pff_receiving_concept_penalties|pff_receiving_concept_screen_avg_depth_of_target|pff_receiving_concept_screen_avoided_tackles|pff_receiving_concept_screen_caught_percent|pff_receiving_concept_screen_contested_catch_rate|pff_receiving_concept_screen_contested_receptions|pff_receiving_concept_screen_contested_targets|pff_receiving_concept_screen_drop_rate|pff_receiving_concept_screen_drops|pff_receiving_concept_screen_epa|pff_receiving_concept_screen_first_downs|pff_receiving_concept_screen_fumbles|pff_receiving_concept_screen_grades_hands_drop|pff_receiving_concept_screen_grades_pass_route|pff_receiving_concept_screen_interceptions|pff_receiving_concept_screen_longest|pff_receiving_concept_screen_pass_block_rate|pff_receiving_concept_screen_pass_blocks|pff_receiving_concept_screen_pass_plays|pff_receiving_concept_screen_positive_epa_percent|pff_receiving_concept_screen_receptions|pff_receiving_concept_screen_route_rate|pff_receiving_concept_screen_routes|pff_receiving_concept_screen_targeted_qb_rating|pff_receiving_concept_screen_targets|pff_receiving_concept_screen_targets_percent|pff_receiving_concept_screen_touchdowns|pff_receiving_concept_screen_yards|pff_receiving_concept_screen_yards_after_catch|pff_receiving_concept_screen_yards_after_catch_per_reception,0.003,0.003,6.34,17.94,87.7
211,Travis Clayton,OT,OL,,BUF,7.0,221.0,23.0,0.065,-0.081,-0.007,0.058,,0,0.058,0.252,0.019,1,1,too_few_football_features;low_position_feature_completeness,ras_score|age,0.062,0.037,8.38,,
212,Bub Means,WR,WR,Pittsburgh,NOR,5.0,170.0,23.0,0.065,-0.026,-0.007,0.058,,0,0.058,0.85,0.966,625,1,,ras_score|pffx_yprr|pffx_g_off|pff_receiving_concept_base_targets|pff_receiving_concept_declined_penalties|pff_receiving_concept_penalties|pff_receiving_concept_screen_avg_depth_of_target|pff_receiving_concept_screen_avoided_tackles|pff_receiving_concept_screen_caught_percent|pff_receiving_concept_screen_contested_receptions|pff_receiving_concept_screen_contested_targets|pff_receiving_concept_screen_drop_rate|pff_receiving_concept_screen_drops|pff_receiving_concept_screen_epa|pff_receiving_concept_screen_first_downs|pff_receiving_concept_screen_fumbles|pff_receiving_concept_screen_grades_hands_drop|pff_receiving_concept_screen_grades_pass_route|pff_receiving_concept_screen_interceptions|pff_receiving_concept_screen_longest|pff_receiving_concept_screen_pass_block_rate|pff_receiving_concept_screen_pass_blocks|pff_receiving_concept_screen_pass_plays|pff_receiving_concept_screen_positive_epa_percent|pff_receiving_concept_screen_receptions|pff_receiving_concept_screen_route_rate|pff_receiving_concept_screen_routes|pff_receiving_concept_screen_targeted_qb_rating|pff_receiving_concept_screen_targets|pff_receiving_concept_screen_targets_percent|pff_receiving_concept_screen_touchdowns|pff_receiving_concept_screen_yards|pff_receiving_concept_screen_yards_after_catch|pff_receiving_concept_screen_yards_after_catch_per_reception|pff_receiving_concept_screen_yards_per_reception,0.17,0.08,9.35,11.62,71.1
213,Myles Harden,DB,DB,South Dakota,CLE,7.0,227.0,22.0,0.05,0.085,0.008,0.058,,0,0.058,0.75,0.333,1,1,too_few_football_features,ras_score|age,0.084,0.106,8.3,,
214,Jamree Kromah,DE,DL,James Madison; Rutgers,CHI,,,,0.035,0.251,0.023,0.058,,0,0.058,0.68,0.667,2,1,missing_pick;missing_age;too_few_football_features,ras_score|pffx_g_off,0.012,0.012,9.67,,60.0
215,Amari Gainer,LB,LB,North Carolina; Florida State,NE,,,,0.025,0.362,0.033,0.058,,0,0.058,0.68,0.333,1,1,missing_pick;missing_age;too_few_football_features,ras_score,0.018,0.018,9.33,,
216,Jonah Laulu,DL,DL,Oklahoma,IND,7.0,234.0,24.0,0.055,0.023,0.002,0.057,,0,0.057,0.75,0.667,2,1,too_few_football_features,ras_score|pffx_g_off|age,0.099,0.279,9.62,,60.0
217,Drake Stoops,WR,WR,Oklahoma,LA,,,,0.045,0.075,0.012,0.057,,0,0.057,0.815,0.983,636,1,missing_pick;missing_age,ras_score|pffx_yprr|pffx_g_off|pff_receiving_concept_base_targets|pff_receiving_concept_declined_penalties|pff_receiving_concept_penalties|pff_receiving_concept_screen_avg_depth_of_target|pff_receiving_concept_screen_avoided_tackles|pff_receiving_concept_screen_caught_percent|pff_receiving_concept_screen_contested_receptions|pff_receiving_concept_screen_contested_targets|pff_receiving_concept_screen_drop_rate|pff_receiving_concept_screen_drops|pff_receiving_concept_screen_epa|pff_receiving_concept_screen_first_downs|pff_receiving_concept_screen_fumbles|pff_receiving_concept_screen_grades_hands_drop|pff_receiving_concept_screen_grades_pass_route|pff_receiving_concept_screen_interceptions|pff_receiving_concept_screen_longest|pff_receiving_concept_screen_pass_block_rate|pff_receiving_concept_screen_pass_blocks|pff_receiving_concept_screen_pass_plays|pff_receiving_concept_screen_positive_epa_percent|pff_receiving_concept_screen_receptions|pff_receiving_concept_screen_route_rate|pff_receiving_concept_screen_routes|pff_receiving_concept_screen_targeted_qb_rating|pff_receiving_concept_screen_targets|pff_receiving_concept_screen_targets_percent|pff_receiving_concept_screen_touchdowns|pff_receiving_concept_screen_yards|pff_receiving_concept_screen_yards_after_catch|pff_receiving_concept_screen_yards_after_catch_per_reception|pff_receiving_concept_screen_yards_per_reception,0.012,0.012,1.08,12.32,81.5
218,Theo Benedet,OL,OL,University of British Columbia,CHI,,,,0.045,0.128,0.012,0.057,,0,0.057,0.182,0.019,1,1,missing_pick;missing_age;too_few_football_features;low_position_feature_completeness,ras_score,0.0,0.0,9.03,,
219,Adrian Martinez,QB,QB,Kansas State; Nebraska,SF,,,,0.065,-0.054,-0.009,0.056,,0,0.056,0.78,0.945,944,1,missing_pick;missing_age;missing_ras,pffx_yprr|pffx_g_off|pff_passing_allowed_pressure_allowed_pressure_dropbacks|pff_passing_allowed_pressure_ce_percent|pff_passing_allowed_pressure_declined_penalties|pff_passing_allowed_pressure_hits_allowed|pff_passing_allowed_pressure_hurries_allowed|pff_passing_allowed_pressure_lg_percent|pff_passing_allowed_pressure_lt_percent|pff_passing_allowed_pressure_ol_te_percent|pff_passing_allowed_pressure_other_percent|pff_passing_allowed_pressure_penalties|pff_passing_allowed_pressure_pressures_allowed|pff_passing_allowed_pressure_pressures_ce|pff_passing_allowed_pressure_pressures_lg|pff_passing_allowed_pressure_pressures_lt|pff_passing_allowed_pressure_pressures_off|pff_passing_allowed_pressure_pressures_ol_te|pff_passing_allowed_pressure_pressures_other|pff_passing_allowed_pressure_pressures_rg|pff_passing_allowed_pressure_pressures_rt|pff_passing_allowed_pressure_pressures_self|pff_passing_allowed_pressure_pressures_te|pff_passing_allowed_pressure_rg_percent|pff_passing_allowed_pressure_rt_percent|pff_passing_allowed_pressure_sacks_allowed|pff_passing_allowed_pressure_self_percent|pff_passing_allowed_pressure_te_percent|pff_passing_concept_dropbacks|pff_passing_concept_no_screen_accuracy_percent|pff_passing_concept_no_screen_aimed_passes|pff_passing_concept_no_screen_attempts|pff_passing_concept_no_screen_avg_depth_of_target|pff_passing_concept_no_screen_avg_time_to_throw|pff_passing_concept_no_screen_bats,0.0,0.0,,11.0,90.2
220,Casey Washington,WR,WR,Illinois,ATL,6.0,187.0,23.0,0.065,-0.032,-0.009,0.056,,0,0.056,0.85,0.968,626,1,,ras_score|pffx_yprr|pffx_g_off|pff_receiving_concept_base_targets|pff_receiving_concept_declined_penalties|pff_receiving_concept_penalties|pff_receiving_concept_screen_avg_depth_of_target|pff_receiving_concept_screen_avoided_tackles|pff_receiving_concept_screen_caught_percent|pff_receiving_concept_screen_contested_receptions|pff_receiving_concept_screen_contested_targets|pff_receiving_concept_screen_drop_rate|pff_receiving_concept_screen_drops|pff_receiving_concept_screen_epa|pff_receiving_concept_screen_first_downs|pff_receiving_concept_screen_fumbles|pff_receiving_concept_screen_grades_hands_drop|pff_receiving_concept_screen_grades_pass_route|pff_receiving_concept_screen_interceptions|pff_receiving_concept_screen_longest|pff_receiving_concept_screen_pass_block_rate|pff_receiving_concept_screen_pass_blocks|pff_receiving_concept_screen_pass_plays|pff_receiving_concept_screen_positive_epa_percent|pff_receiving_concept_screen_receptions|pff_receiving_concept_screen_route_rate|pff_receiving_concept_screen_routes|pff_receiving_concept_screen_targeted_qb_rating|pff_receiving_concept_screen_targets|pff_receiving_concept_screen_targets_percent|pff_receiving_concept_screen_touchdowns|pff_receiving_concept_screen_yards|pff_receiving_concept_screen_yards_after_catch|pff_receiving_concept_screen_yards_after_catch_per_reception|pff_receiving_concept_screen_yards_per_reception,0.053,0.033,7.15,18.33,71.4
221,Gabriel Murphy,LB,LB,UCLA; North Texas,MIN,,,,0.025,0.345,0.031,0.056,,0,0.056,0.68,0.333,1,1,missing_pick;missing_age;too_few_football_features,ras_score,0.012,0.012,9.28,,
222,Marcellus Johnson,OT,OL,Missouri; Eastern Michigan,DAL,,,,0.045,0.068,0.011,0.056,,0,0.056,0.815,0.5,27,1,missing_pick;missing_age,ras_score|pffx_g_off|pff_offense_blocking_block_percent|pff_offense_blocking_declined_penalties|pff_offense_blocking_grades_offense|pff_offense_blocking_grades_pass_block|pff_offense_blocking_grades_run_block|pff_offense_blocking_hits_allowed|pff_offense_blocking_hurries_allowed|pff_offense_blocking_non_spike_pass_block|pff_offense_blocking_non_spike_pass_block_percentage|pff_offense_blocking_pass_block_percent|pff_offense_blocking_pbe|pff_offense_blocking_penalties|pff_offense_blocking_pressures_allowed|pff_offense_blocking_sacks_allowed|pff_offense_blocking_snap_counts_block|pff_offense_blocking_snap_counts_ce|pff_offense_blocking_snap_counts_lg|pff_offense_blocking_snap_counts_lt|pff_offense_blocking_snap_counts_offense|pff_offense_blocking_snap_counts_pass_block|pff_offense_blocking_snap_counts_pass_play|pff_offense_blocking_snap_counts_rg|pff_offense_blocking_snap_counts_rt|pff_offense_blocking_snap_counts_run_block|pff_offense_blocking_snap_counts_te,0.009,0.009,7.23,,67.6
223,Jha'Quan Jackson,WR,WR,Tulane,TEN,6.0,182.0,24.0,0.065,-0.033,-0.009,0.056,,0,0.056,0.85,0.977,632,1,,ras_score|pffx_yprr|pffx_g_off|pff_receiving_concept_base_targets|pff_receiving_concept_declined_penalties|pff_receiving_concept_penalties|pff_receiving_concept_screen_avg_depth_of_target|pff_receiving_concept_screen_avoided_tackles|pff_receiving_concept_screen_caught_percent|pff_receiving_concept_screen_contested_receptions|pff_receiving_concept_screen_contested_targets|pff_receiving_concept_screen_drop_rate|pff_receiving_concept_screen_drops|pff_receiving_concept_screen_epa|pff_receiving_concept_screen_first_downs|pff_receiving_concept_screen_fumbles|pff_receiving_concept_screen_grades_hands_drop|pff_receiving_concept_screen_grades_pass_route|pff_receiving_concept_screen_interceptions|pff_receiving_concept_screen_longest|pff_receiving_concept_screen_pass_block_rate|pff_receiving_concept_screen_pass_blocks|pff_receiving_concept_screen_pass_plays|pff_receiving_concept_screen_positive_epa_percent|pff_receiving_concept_screen_receptions|pff_receiving_concept_screen_route_rate|pff_receiving_concept_screen_routes|pff_receiving_concept_screen_targeted_qb_rating|pff_receiving_concept_screen_targets|pff_receiving_concept_screen_targets_percent|pff_receiving_concept_screen_touchdowns|pff_receiving_concept_screen_yards|pff_receiving_concept_screen_yards_after_catch|pff_receiving_concept_screen_yards_after_catch_per_reception|pff_receiving_concept_screen_yards_per_reception,0.075,0.042,5.34,23.89,83.8
224,Matthew Jones,G,OL,Ohio State,ARI,,,,0.045,0.066,0.011,0.056,,0,0.056,0.815,0.5,27,1,missing_pick;missing_age,ras_score|pffx_g_off|pff_offense_blocking_block_percent|pff_offense_blocking_declined_penalties|pff_offense_blocking_grades_offense|pff_offense_blocking_grades_pass_block|pff_offense_blocking_grades_run_block|pff_offense_blocking_hits_allowed|pff_offense_blocking_hurries_allowed|pff_offense_blocking_non_spike_pass_block|pff_offense_blocking_non_spike_pass_block_percentage|pff_offense_blocking_pass_block_percent|pff_offense_blocking_pbe|pff_offense_blocking_penalties|pff_offense_blocking_pressures_allowed|pff_offense_blocking_sacks_allowed|pff_offense_blocking_snap_counts_block|pff_offense_blocking_snap_counts_ce|pff_offense_blocking_snap_counts_lg|pff_offense_blocking_snap_counts_lt|pff_offense_blocking_snap_counts_offense|pff_offense_blocking_snap_counts_pass_block|pff_offense_blocking_snap_counts_pass_play|pff_offense_blocking_snap_counts_rg|pff_offense_blocking_snap_counts_rt|pff_offense_blocking_snap_counts_run_block|pff_offense_blocking_snap_counts_te,0.009,0.009,5.66,,70.9
225,James Williams,SAF,DB,Miami (FL),TEN,7.0,242.0,21.0,0.05,0.062,0.006,0.056,,0,0.056,0.75,0.333,1,1,too_few_football_features,ras_score|age,0.088,0.107,7.43,,
226,Ben Nikkel,DB,DB,Iowa State; McPherson College,IND,,,,0.03,0.284,0.026,0.056,,0,0.056,0.68,0.667,2,1,missing_pick;missing_age;too_few_football_features,ras_score|pffx_g_off,0.012,0.012,9.66,,60.0
227,Brennan Jackson,DE,DL,Washington St.,LAR,5.0,154.0,23.0,0.055,0.006,0.001,0.056,,0,0.056,0.75,0.333,1,1,too_few_football_features,ras_score|age,0.09,0.048,8.42,,
228,Javontae Jean-Baptiste,DL,DL,Notre Dame,WAS,7.0,222.0,24.0,0.055,0.004,0,0.055,,0,0.055,0.75,0.333,1,1,too_few_football_features,ras_score|age,0.073,0.101,9.22,,
229,Hunter Nourzad,OL,OL,Penn St.,KAN,5.0,159.0,23.0,0.065,-0.035,-0.01,0.055,,0,0.055,0.85,0.481,26,1,missing_ras,pffx_g_off|pff_offense_blocking_block_percent|pff_offense_blocking_declined_penalties|pff_offense_blocking_grades_offense|pff_offense_blocking_grades_pass_block|pff_offense_blocking_grades_run_block|pff_offense_blocking_hits_allowed|pff_offense_blocking_hurries_allowed|pff_offense_blocking_non_spike_pass_block|pff_offense_blocking_non_spike_pass_block_percentage|pff_offense_blocking_pass_block_percent|pff_offense_blocking_pbe|pff_offense_blocking_penalties|pff_offense_blocking_pressures_allowed|pff_offense_blocking_sacks_allowed|pff_offense_blocking_snap_counts_block|pff_offense_blocking_snap_counts_ce|pff_offense_blocking_snap_counts_lg|pff_offense_blocking_snap_counts_lt|pff_offense_blocking_snap_counts_offense|pff_offense_blocking_snap_counts_pass_block|pff_offense_blocking_snap_counts_pass_play|pff_offense_blocking_snap_counts_rg|pff_offense_blocking_snap_counts_rt|pff_offense_blocking_snap_counts_run_block|pff_offense_blocking_snap_counts_te|age,0.108,0.055,,,74.4
230,Sanoussi Kane,SAF,DB,Purdue,BAL,7.0,250.0,22.0,0.05,0.053,0.005,0.055,,0,0.055,0.75,0.333,1,1,too_few_football_features,ras_score|age,0.0,0.012,8.18,,
231,Sam Pinckney,WR,WR,Coastal Carolina; Georgia State,CAR,,,,0.045,0.058,0.009,0.054,,0,0.054,0.815,0.971,628,1,missing_pick;missing_age,ras_score|pffx_yprr|pffx_g_off|pff_receiving_concept_base_targets|pff_receiving_concept_declined_penalties|pff_receiving_concept_penalties|pff_receiving_concept_screen_avg_depth_of_target|pff_receiving_concept_screen_avoided_tackles|pff_receiving_concept_screen_caught_percent|pff_receiving_concept_screen_contested_catch_rate|pff_receiving_concept_screen_contested_receptions|pff_receiving_concept_screen_contested_targets|pff_receiving_concept_screen_drop_rate|pff_receiving_concept_screen_drops|pff_receiving_concept_screen_epa|pff_receiving_concept_screen_first_downs|pff_receiving_concept_screen_fumbles|pff_receiving_concept_screen_grades_hands_drop|pff_receiving_concept_screen_grades_pass_route|pff_receiving_concept_screen_interceptions|pff_receiving_concept_screen_longest|pff_receiving_concept_screen_pass_block_rate|pff_receiving_concept_screen_pass_blocks|pff_receiving_concept_screen_pass_plays|pff_receiving_concept_screen_positive_epa_percent|pff_receiving_concept_screen_receptions|pff_receiving_concept_screen_route_rate|pff_receiving_concept_screen_routes|pff_receiving_concept_screen_targeted_qb_rating|pff_receiving_concept_screen_targets|pff_receiving_concept_screen_targets_percent|pff_receiving_concept_screen_touchdowns|pff_receiving_concept_screen_yards|pff_receiving_concept_screen_yards_after_catch|pff_receiving_concept_screen_yards_after_catch_per_reception,0.012,0.012,3.72,11.82,80.3
232,Logan Lee,DL,DL,Iowa,PIT,6.0,178.0,24.0,0.055,-0.009,-0.001,0.054,,0,0.054,0.75,0.333,1,1,too_few_football_features,ras_score|age,0.073,0.041,9.2,,
233,Jaylon Carlies,DB,DB,Missouri,IND,5.0,151.0,22.0,0.05,0.044,0.004,0.054,,0,0.054,0.75,0.667,2,1,too_few_football_features,ras_score|pffx_g_off|age,0.175,0.142,8.26,,60.0
234,Kalen King,CB,DB,Penn St.,GNB,7.0,255.0,21.0,0.05,0.041,0.004,0.054,,0,0.054,0.75,0.333,1,1,too_few_football_features,ras_score|age,0.009,0.016,6.68,,
235,Trey Taylor,FS,DB,Air Force,LVR,7.0,223.0,23.0,0.05,0.041,0.004,0.054,,0,0.054,0.75,0.667,2,1,too_few_football_features,ras_score|pffx_g_off|age,0.105,0.114,9.33,,60.0
236,Elijah Chatman,DT,DL,SMU,CLE,,,,0.035,0.205,0.018,0.053,,0,0.053,0.68,0.667,2,1,missing_pick;missing_age;too_few_football_features,ras_score|pffx_g_off,0.0,0.0,7.94,,82.7
237,Bo Richter,LB,LB,Air Force,MIN,,,,0.025,0.315,0.028,0.053,,0,0.053,0.68,0.667,2,1,missing_pick;missing_age;too_few_football_features,ras_score|pffx_g_off,0.012,0.012,9.92,,60.0
238,Dominique Hampton,CB,DB,Washington,WAS,5.0,161.0,24.0,0.05,0.037,0.003,0.053,,0,0.053,0.75,0.667,2,1,too_few_football_features,ras_score|pffx_g_off|age,0.108,0.055,9.58,,60.0
239,Chigozie Anusiem,DB,DB,Colorado State; California,LV,,,,0.03,0.26,0.023,0.053,,0,0.053,0.68,0.333,1,1,missing_pick;missing_age;too_few_football_features,ras_score,0.0,0.0,8.88,,
240,Julius Welschof,LB,LB,Charlotte,PIT,,,,0.025,0.31,0.028,0.053,,0,0.053,0.68,0.333,1,1,missing_pick;missing_age;too_few_football_features,ras_score,0.0,0.0,8.94,,
241,Kyler Baugh,DL,DL,Minnesota; Houston Christian University,PIT,,,,0.035,0.196,0.018,0.053,,0,0.053,0.68,0.333,1,1,missing_pick;missing_age;too_few_football_features,ras_score,0.0,0.0,8.56,,
242,Edefuan Ulofoshio,LB,LB,Washington,BUF,5.0,160.0,24.0,0.045,0.084,0.008,0.053,,0,0.053,0.75,0.333,1,1,too_few_football_features,ras_score|age,0.093,0.049,9.67,,
243,Miles Battle,CB,DB,Utah; Mississippi,MIA,,,,0.03,0.245,0.022,0.052,,0,0.052,0.68,0.667,2,1,missing_pick;missing_age;too_few_football_features,ras_score|pffx_g_off,0.012,0.012,9.5,,60.0
244,Kimani Vidal,RB,RB,Troy,LAC,6.0,181.0,23.0,0.035,0.061,0.017,0.052,,0,0.052,0.85,0.831,572,1,,ras_score|pffx_yprr|pffx_g_off|pff_receiving_concept_base_targets|pff_receiving_concept_declined_penalties|pff_receiving_concept_penalties|pff_receiving_concept_screen_avg_depth_of_target|pff_receiving_concept_screen_avoided_tackles|pff_receiving_concept_screen_caught_percent|pff_receiving_concept_screen_contested_receptions|pff_receiving_concept_screen_contested_targets|pff_receiving_concept_screen_drop_rate|pff_receiving_concept_screen_drops|pff_receiving_concept_screen_epa|pff_receiving_concept_screen_first_downs|pff_receiving_concept_screen_fumbles|pff_receiving_concept_screen_grades_hands_drop|pff_receiving_concept_screen_grades_pass_route|pff_receiving_concept_screen_interceptions|pff_receiving_concept_screen_longest|pff_receiving_concept_screen_pass_block_rate|pff_receiving_concept_screen_pass_blocks|pff_receiving_concept_screen_pass_plays|pff_receiving_concept_screen_positive_epa_percent|pff_receiving_concept_screen_receptions|pff_receiving_concept_screen_route_rate|pff_receiving_concept_screen_routes|pff_receiving_concept_screen_targeted_qb_rating|pff_receiving_concept_screen_targets|pff_receiving_concept_screen_targets_percent|pff_receiving_concept_screen_touchdowns|pff_receiving_concept_screen_yards|pff_receiving_concept_screen_yards_after_catch|pff_receiving_concept_screen_yards_after_catch_per_reception|pff_receiving_concept_screen_yards_per_reception,0.049,0.26,8.88,14.0,92.4
245,Johnny Wilson,WR,WR,Florida St.,PHI,6.0,185.0,23.0,0.065,-0.048,-0.013,0.052,,0,0.052,0.85,0.971,628,1,,ras_score|pffx_yprr|pffx_g_off|pff_receiving_concept_base_targets|pff_receiving_concept_declined_penalties|pff_receiving_concept_penalties|pff_receiving_concept_screen_avg_depth_of_target|pff_receiving_concept_screen_avoided_tackles|pff_receiving_concept_screen_caught_percent|pff_receiving_concept_screen_contested_receptions|pff_receiving_concept_screen_contested_targets|pff_receiving_concept_screen_drop_rate|pff_receiving_concept_screen_drops|pff_receiving_concept_screen_epa|pff_receiving_concept_screen_first_downs|pff_receiving_concept_screen_fumbles|pff_receiving_concept_screen_grades_hands_drop|pff_receiving_concept_screen_grades_pass_route|pff_receiving_concept_screen_interceptions|pff_receiving_concept_screen_longest|pff_receiving_concept_screen_pass_block_rate|pff_receiving_concept_screen_pass_blocks|pff_receiving_concept_screen_pass_plays|pff_receiving_concept_screen_positive_epa_percent|pff_receiving_concept_screen_receptions|pff_receiving_concept_screen_route_rate|pff_receiving_concept_screen_routes|pff_receiving_concept_screen_targeted_qb_rating|pff_receiving_concept_screen_targets|pff_receiving_concept_screen_targets_percent|pff_receiving_concept_screen_touchdowns|pff_receiving_concept_screen_yards|pff_receiving_concept_screen_yards_after_catch|pff_receiving_concept_screen_yards_after_catch_per_reception|pff_receiving_concept_screen_yards_per_reception,0.099,0.111,9.7,11.91,75.9
246,Swayze Bozeman,LB,LB,Southern Mississippi; Copiah-Lincoln Junior College,CIN,,,,0.025,0.292,0.026,0.051,,0,0.051,0.68,0.667,2,1,missing_pick;missing_age;too_few_football_features,ras_score|pffx_g_off,0.012,0.012,9.69,,60.0
247,Garret Greenfield,OT,OL,South Dakota State,TB,,,,0.045,0.07,0.006,0.051,,0,0.051,0.182,0.019,1,1,missing_pick;missing_age;too_few_football_features;low_position_feature_completeness,ras_score,0.0,0.0,8.67,,
248,Devaughn Vele,WR,WR,Utah,DEN,7.0,235.0,26.0,0.065,-0.049,-0.014,0.051,,0,0.051,0.85,0.958,620,1,,ras_score|pffx_yprr|pffx_g_off|pff_receiving_concept_base_targets|pff_receiving_concept_declined_penalties|pff_receiving_concept_penalties|pff_receiving_concept_screen_avoided_tackles|pff_receiving_concept_screen_contested_receptions|pff_receiving_concept_screen_contested_targets|pff_receiving_concept_screen_drops|pff_receiving_concept_screen_epa|pff_receiving_concept_screen_first_downs|pff_receiving_concept_screen_fumbles|pff_receiving_concept_screen_grades_pass_route|pff_receiving_concept_screen_interceptions|pff_receiving_concept_screen_longest|pff_receiving_concept_screen_pass_block_rate|pff_receiving_concept_screen_pass_blocks|pff_receiving_concept_screen_pass_plays|pff_receiving_concept_screen_positive_epa_percent|pff_receiving_concept_screen_receptions|pff_receiving_concept_screen_route_rate|pff_receiving_concept_screen_routes|pff_receiving_concept_screen_targeted_qb_rating|pff_receiving_concept_screen_targets|pff_receiving_concept_screen_targets_percent|pff_receiving_concept_screen_touchdowns|pff_receiving_concept_screen_yards|pff_receiving_concept_screen_yards_after_catch|pff_receiving_concept_screen_yprr|pff_receiving_concept_slot_avg_depth_of_target|pff_receiving_concept_slot_avoided_tackles|pff_receiving_concept_slot_caught_percent|pff_receiving_concept_slot_contested_catch_rate|pff_receiving_concept_slot_contested_receptions,0.0,0.24,8.47,15.83,82.4
249,Jeshaun Jones,WR,WR,Maryland,MIN,,,,0.045,0.038,0.006,0.051,,0,0.051,0.815,0.977,632,1,missing_pick;missing_age,ras_score|pffx_yprr|pffx_g_off|pff_receiving_concept_base_targets|pff_receiving_concept_declined_penalties|pff_receiving_concept_penalties|pff_receiving_concept_screen_avg_depth_of_target|pff_receiving_concept_screen_avoided_tackles|pff_receiving_concept_screen_caught_percent|pff_receiving_concept_screen_contested_catch_rate|pff_receiving_concept_screen_contested_receptions|pff_receiving_concept_screen_contested_targets|pff_receiving_concept_screen_drop_rate|pff_receiving_concept_screen_drops|pff_receiving_concept_screen_epa|pff_receiving_concept_screen_first_downs|pff_receiving_concept_screen_fumbles|pff_receiving_concept_screen_grades_hands_drop|pff_receiving_concept_screen_grades_pass_route|pff_receiving_concept_screen_interceptions|pff_receiving_concept_screen_longest|pff_receiving_concept_screen_pass_block_rate|pff_receiving_concept_screen_pass_blocks|pff_receiving_concept_screen_pass_plays|pff_receiving_concept_screen_positive_epa_percent|pff_receiving_concept_screen_receptions|pff_receiving_concept_screen_route_rate|pff_receiving_concept_screen_routes|pff_receiving_concept_screen_targeted_qb_rating|pff_receiving_concept_screen_targets|pff_receiving_concept_screen_targets_percent|pff_receiving_concept_screen_touchdowns|pff_receiving_concept_screen_yards|pff_receiving_concept_screen_yards_after_catch|pff_receiving_concept_screen_yards_after_catch_per_reception,0.0,0.0,7.58,16.14,84.8
250,Bryan Hudson,OL,OL,Louisville,NYG,,,,0.045,0.037,0.006,0.051,,0,0.051,0.815,0.5,27,1,missing_pick;missing_age,ras_score|pffx_g_off|pff_offense_blocking_block_percent|pff_offense_blocking_declined_penalties|pff_offense_blocking_grades_offense|pff_offense_blocking_grades_pass_block|pff_offense_blocking_grades_run_block|pff_offense_blocking_hits_allowed|pff_offense_blocking_hurries_allowed|pff_offense_blocking_non_spike_pass_block|pff_offense_blocking_non_spike_pass_block_percentage|pff_offense_blocking_pass_block_percent|pff_offense_blocking_pbe|pff_offense_blocking_penalties|pff_offense_blocking_pressures_allowed|pff_offense_blocking_sacks_allowed|pff_offense_blocking_snap_counts_block|pff_offense_blocking_snap_counts_ce|pff_offense_blocking_snap_counts_lg|pff_offense_blocking_snap_counts_lt|pff_offense_blocking_snap_counts_offense|pff_offense_blocking_snap_counts_pass_block|pff_offense_blocking_snap_counts_pass_play|pff_offense_blocking_snap_counts_rg|pff_offense_blocking_snap_counts_rt|pff_offense_blocking_snap_counts_run_block|pff_offense_blocking_snap_counts_te,0.0,0.0,8.95,,71.5
251,Shemar Bartholomew,CB,DB,Georgia Southern; Northwestern State (LA),GB,,,,0.03,0.231,0.021,0.051,,0,0.051,0.68,0.333,1,1,missing_pick;missing_age;too_few_football_features,ras_score,0.0,0.0,8.57,,
252,Jawhar Jordan,RB,RB,Louisville,HOU,6.0,205.0,25.0,0.035,0.056,0.016,0.051,,0,0.051,0.85,0.856,589,1,,ras_score|pffx_yprr|pffx_g_off|pff_receiving_concept_base_targets|pff_receiving_concept_declined_penalties|pff_receiving_concept_penalties|pff_receiving_concept_screen_avg_depth_of_target|pff_receiving_concept_screen_avoided_tackles|pff_receiving_concept_screen_caught_percent|pff_receiving_concept_screen_contested_receptions|pff_receiving_concept_screen_contested_targets|pff_receiving_concept_screen_drop_rate|pff_receiving_concept_screen_drops|pff_receiving_concept_screen_epa|pff_receiving_concept_screen_first_downs|pff_receiving_concept_screen_fumbles|pff_receiving_concept_screen_grades_hands_drop|pff_receiving_concept_screen_grades_pass_route|pff_receiving_concept_screen_interceptions|pff_receiving_concept_screen_longest|pff_receiving_concept_screen_pass_block_rate|pff_receiving_concept_screen_pass_blocks|pff_receiving_concept_screen_pass_plays|pff_receiving_concept_screen_positive_epa_percent|pff_receiving_concept_screen_receptions|pff_receiving_concept_screen_route_rate|pff_receiving_concept_screen_routes|pff_receiving_concept_screen_targeted_qb_rating|pff_receiving_concept_screen_targets|pff_receiving_concept_screen_targets_percent|pff_receiving_concept_screen_touchdowns|pff_receiving_concept_screen_yards|pff_receiving_concept_screen_yards_after_catch|pff_receiving_concept_screen_yards_after_catch_per_reception|pff_receiving_concept_screen_yards_per_reception,0.0,0.012,4.6,16.0,87.9
253,Nathan Thomas,OL,OL,Louisiana,DAL,7.0,233.0,23.0,0.065,-0.052,-0.014,0.051,,0,0.051,0.85,0.5,27,1,,ras_score|pffx_g_off|pff_offense_blocking_block_percent|pff_offense_blocking_declined_penalties|pff_offense_blocking_grades_offense|pff_offense_blocking_grades_pass_block|pff_offense_blocking_grades_run_block|pff_offense_blocking_hits_allowed|pff_offense_blocking_hurries_allowed|pff_offense_blocking_non_spike_pass_block|pff_offense_blocking_non_spike_pass_block_percentage|pff_offense_blocking_pass_block_percent|pff_offense_blocking_pbe|pff_offense_blocking_penalties|pff_offense_blocking_pressures_allowed|pff_offense_blocking_sacks_allowed|pff_offense_blocking_snap_counts_block|pff_offense_blocking_snap_counts_ce|pff_offense_blocking_snap_counts_lg|pff_offense_blocking_snap_counts_lt|pff_offense_blocking_snap_counts_offense|pff_offense_blocking_snap_counts_pass_block|pff_offense_blocking_snap_counts_pass_play|pff_offense_blocking_snap_counts_rg|pff_offense_blocking_snap_counts_rt|pff_offense_blocking_snap_counts_run_block|pff_offense_blocking_snap_counts_te|age,0.087,0.107,7.5,,74.8
254,Mason Tipton,WR,WR,Yale,NO,,,,0.045,0.061,0.005,0.05,,0,0.05,0.148,0.002,1,1,missing_pick;missing_age;too_few_football_features;low_position_feature_completeness,ras_score,0.0,0.0,8.03,,
255,Jowon Briggs,DE,DL,Cincinnati,CLE,7.0,243.0,23.0,0.055,-0.052,-0.005,0.05,,0,0.05,0.75,0.667,2,1,too_few_football_features,ras_score|pffx_g_off|age,0.04,0.088,7.26,,60.3
256,Emory Jones,QB,QB,Cincinnati; Arizona State; Florida,ATL,,,,0.065,-0.094,-0.015,0.05,,0,0.05,0.815,0.952,951,1,missing_pick;missing_age,ras_score|pffx_yprr|pffx_g_off|pff_passing_allowed_pressure_allowed_pressure_dropbacks|pff_passing_allowed_pressure_ce_percent|pff_passing_allowed_pressure_declined_penalties|pff_passing_allowed_pressure_hits_allowed|pff_passing_allowed_pressure_hurries_allowed|pff_passing_allowed_pressure_lg_percent|pff_passing_allowed_pressure_lt_percent|pff_passing_allowed_pressure_ol_te_percent|pff_passing_allowed_pressure_other_percent|pff_passing_allowed_pressure_penalties|pff_passing_allowed_pressure_pressures_allowed|pff_passing_allowed_pressure_pressures_ce|pff_passing_allowed_pressure_pressures_lg|pff_passing_allowed_pressure_pressures_lt|pff_passing_allowed_pressure_pressures_off|pff_passing_allowed_pressure_pressures_ol_te|pff_passing_allowed_pressure_pressures_other|pff_passing_allowed_pressure_pressures_rg|pff_passing_allowed_pressure_pressures_rt|pff_passing_allowed_pressure_pressures_self|pff_passing_allowed_pressure_pressures_te|pff_passing_allowed_pressure_rg_percent|pff_passing_allowed_pressure_rt_percent|pff_passing_allowed_pressure_sacks_allowed|pff_passing_allowed_pressure_self_percent|pff_passing_allowed_pressure_te_percent|pff_passing_concept_dropbacks|pff_passing_concept_no_screen_accuracy_percent|pff_passing_concept_no_screen_aimed_passes|pff_passing_concept_no_screen_attempts|pff_passing_concept_no_screen_avg_depth_of_target|pff_passing_concept_no_screen_avg_time_to_throw,0.0,0.0,4.81,0.0,89.3
257,Hogan Hatten,LS,ST,Idaho,DET,,,,0.005,0.5,0.045,0.05,,0,0.05,0.68,0.333,1,1,missing_pick;missing_age;too_few_football_features,ras_score,0.012,0.012,9.89,,
258,Ryan Rehkow,P,ST,BYU,CIN,,,,0.005,0.5,0.045,0.05,,0,0.05,0.645,0.333,1,1,missing_pick;missing_age;missing_ras;too_few_football_features,pffx_g_off,0.003,0.003,,,73.6
259,Tyler Davis,DT,DL,Clemson,LAR,6.0,196.0,23.0,0.055,-0.057,-0.005,0.05,,0,0.05,0.75,0.667,2,1,too_few_football_features,ras_score|pffx_g_off|age,0.067,0.267,6.98,,64.5
260,Chris Collier,RB,RB,University of Lock Haven,LV,,,,0.015,0.386,0.035,0.05,,0,0.05,0.148,0.001,1,1,missing_pick;missing_age;too_few_football_features;low_position_feature_completeness,ras_score,0.009,0.009,9.71,,
261,Lorenzo Thompson,OT,OL,Rhode Island,PIT,,,,0.045,0.052,0.005,0.05,,0,0.05,0.182,0.019,1,1,missing_pick;missing_age;too_few_football_features;low_position_feature_completeness,ras_score,0.0,0.0,8.66,,
262,Kedon Slovis,QB,QB,BYU; Pittsburgh; USC,ARI,,,,0.065,-0.098,-0.016,0.049,,0,0.049,0.815,0.947,946,1,missing_pick;missing_age,ras_score|pffx_yprr|pffx_g_off|pff_passing_allowed_pressure_allowed_pressure_dropbacks|pff_passing_allowed_pressure_ce_percent|pff_passing_allowed_pressure_declined_penalties|pff_passing_allowed_pressure_hits_allowed|pff_passing_allowed_pressure_hurries_allowed|pff_passing_allowed_pressure_lg_percent|pff_passing_allowed_pressure_lt_percent|pff_passing_allowed_pressure_ol_te_percent|pff_passing_allowed_pressure_other_percent|pff_passing_allowed_pressure_penalties|pff_passing_allowed_pressure_pressures_allowed|pff_passing_allowed_pressure_pressures_ce|pff_passing_allowed_pressure_pressures_lg|pff_passing_allowed_pressure_pressures_lt|pff_passing_allowed_pressure_pressures_off|pff_passing_allowed_pressure_pressures_ol_te|pff_passing_allowed_pressure_pressures_other|pff_passing_allowed_pressure_pressures_rg|pff_passing_allowed_pressure_pressures_rt|pff_passing_allowed_pressure_pressures_self|pff_passing_allowed_pressure_pressures_te|pff_passing_allowed_pressure_rg_percent|pff_passing_allowed_pressure_rt_percent|pff_passing_allowed_pressure_sacks_allowed|pff_passing_allowed_pressure_self_percent|pff_passing_allowed_pressure_te_percent|pff_passing_concept_dropbacks|pff_passing_concept_no_screen_accuracy_percent|pff_passing_concept_no_screen_aimed_passes|pff_passing_concept_no_screen_attempts|pff_passing_concept_no_screen_avg_depth_of_target|pff_passing_concept_no_screen_avg_time_to_throw,0.024,0.024,9.34,2.0,86.4
263,Will Putnam,C,OL,Clemson,LV,,,,0.045,0.026,0.004,0.049,,0,0.049,0.815,0.5,27,1,missing_pick;missing_age,ras_score|pffx_g_off|pff_offense_blocking_block_percent|pff_offense_blocking_declined_penalties|pff_offense_blocking_grades_offense|pff_offense_blocking_grades_pass_block|pff_offense_blocking_grades_run_block|pff_offense_blocking_hits_allowed|pff_offense_blocking_hurries_allowed|pff_offense_blocking_non_spike_pass_block|pff_offense_blocking_non_spike_pass_block_percentage|pff_offense_blocking_pass_block_percent|pff_offense_blocking_pbe|pff_offense_blocking_penalties|pff_offense_blocking_pressures_allowed|pff_offense_blocking_sacks_allowed|pff_offense_blocking_snap_counts_block|pff_offense_blocking_snap_counts_ce|pff_offense_blocking_snap_counts_lg|pff_offense_blocking_snap_counts_lt|pff_offense_blocking_snap_counts_offense|pff_offense_blocking_snap_counts_pass_block|pff_offense_blocking_snap_counts_pass_play|pff_offense_blocking_snap_counts_rg|pff_offense_blocking_snap_counts_rt|pff_offense_blocking_snap_counts_run_block|pff_offense_blocking_snap_counts_te,0.009,0.009,4.18,,69.8
264,John Jiles,WR,WR,University of West Florida,NE,,,,0.045,0.045,0.004,0.049,,0,0.049,0.148,0.002,1,1,missing_pick;missing_age;too_few_football_features;low_position_feature_completeness,ras_score,0.0,0.0,7.99,,
265,Rico Payton,CB,DB,Pittsburg State (KS); Southern Illinois,NYG,,,,0.03,0.212,0.019,0.049,,0,0.049,0.68,0.333,1,1,missing_pick;missing_age;too_few_football_features,ras_score,0.0,0.0,8.38,,
266,Dylan McMahon,OL,OL,North Carolina St.,PHI,6.0,190.0,23.0,0.065,-0.058,-0.016,0.049,,0,0.049,0.85,0.5,27,1,,ras_score|pffx_g_off|pff_offense_blocking_block_percent|pff_offense_blocking_declined_penalties|pff_offense_blocking_grades_offense|pff_offense_blocking_grades_pass_block|pff_offense_blocking_grades_run_block|pff_offense_blocking_hits_allowed|pff_offense_blocking_hurries_allowed|pff_offense_blocking_non_spike_pass_block|pff_offense_blocking_non_spike_pass_block_percentage|pff_offense_blocking_pass_block_percent|pff_offense_blocking_pbe|pff_offense_blocking_penalties|pff_offense_blocking_pressures_allowed|pff_offense_blocking_sacks_allowed|pff_offense_blocking_snap_counts_block|pff_offense_blocking_snap_counts_ce|pff_offense_blocking_snap_counts_lg|pff_offense_blocking_snap_counts_lt|pff_offense_blocking_snap_counts_offense|pff_offense_blocking_snap_counts_pass_block|pff_offense_blocking_snap_counts_pass_play|pff_offense_blocking_snap_counts_rg|pff_offense_blocking_snap_counts_rt|pff_offense_blocking_snap_counts_run_block|pff_offense_blocking_snap_counts_te|age,0.125,0.062,9.79,,66.0
267,Rasheen Ali,RB,RB,Marshall,BAL,5.0,165.0,23.0,0.035,0.047,0.013,0.048,,0,0.048,0.85,0.856,589,1,missing_ras,pffx_yprr|pffx_g_off|pff_receiving_concept_base_targets|pff_receiving_concept_declined_penalties|pff_receiving_concept_penalties|pff_receiving_concept_screen_avg_depth_of_target|pff_receiving_concept_screen_avoided_tackles|pff_receiving_concept_screen_caught_percent|pff_receiving_concept_screen_contested_receptions|pff_receiving_concept_screen_contested_targets|pff_receiving_concept_screen_drop_rate|pff_receiving_concept_screen_drops|pff_receiving_concept_screen_epa|pff_receiving_concept_screen_first_downs|pff_receiving_concept_screen_fumbles|pff_receiving_concept_screen_grades_hands_drop|pff_receiving_concept_screen_grades_pass_route|pff_receiving_concept_screen_interceptions|pff_receiving_concept_screen_longest|pff_receiving_concept_screen_pass_block_rate|pff_receiving_concept_screen_pass_blocks|pff_receiving_concept_screen_pass_plays|pff_receiving_concept_screen_positive_epa_percent|pff_receiving_concept_screen_receptions|pff_receiving_concept_screen_route_rate|pff_receiving_concept_screen_routes|pff_receiving_concept_screen_targeted_qb_rating|pff_receiving_concept_screen_targets|pff_receiving_concept_screen_targets_percent|pff_receiving_concept_screen_touchdowns|pff_receiving_concept_screen_yards|pff_receiving_concept_screen_yards_after_catch|pff_receiving_concept_screen_yards_after_catch_per_reception|pff_receiving_concept_screen_yards_per_reception|pff_receiving_concept_screen_yprr,0.079,0.044,,16.25,75.2
268,Andrew Parker,LB,LB,Appalachian State; Arkansas,NE,,,,0.025,0.259,0.023,0.048,,0,0.048,0.68,0.333,1,1,missing_pick;missing_age;too_few_football_features,ras_score,0.01,0.01,8.78,,
269,Isaiah Stalbird,LB,LB,South Dakota State,NO,,,,0.025,0.258,0.023,0.048,,0,0.048,0.68,0.667,2,1,missing_pick;missing_age;too_few_football_features,ras_score|pffx_g_off,0.012,0.012,9.5,,60.0
270,Alex Johnson,DB,DB,UCLA,LA,,,,0.03,0.202,0.018,0.048,,0,0.048,0.68,0.333,1,1,missing_pick;missing_age;too_few_football_features,ras_score,0.0,0.0,8.31,,
271,Tory Taylor,P,ST,Iowa,CHI,4.0,122.0,26.0,0.06,-0.136,-0.012,0.048,,0,0.048,0.715,0.333,1,1,missing_ras;too_few_football_features,pffx_g_off|age,0.012,0.077,,,70.3
272,Jaylen Key,SAF,DB,Alabama,NYJ,7.0,257.0,24.0,0.05,-0.027,-0.002,0.048,,0,0.048,0.75,0.333,1,1,too_few_football_features,ras_score|age,0.0,0.012,8.93,,
273,Joe Andreessen,LB,LB,Buffalo,BUF,,,,0.025,0.247,0.022,0.047,,0,0.047,0.68,0.667,2,1,missing_pick;missing_age;too_few_football_features,ras_score|pffx_g_off,0.018,0.018,9.36,,60.0
274,Isaiah Davis,RB,RB,South Dakota St.,NYJ,5.0,173.0,22.0,0.035,0.134,0.012,0.047,,0,0.047,0.218,0.001,1,1,too_few_football_features;low_position_feature_completeness,ras_score|age,0.153,0.301,8.86,,
275,Dalton Tucker,OL,OL,Marshall,IND,,,,0.045,0.011,0.002,0.047,,0,0.047,0.815,0.5,27,1,missing_pick;missing_age,ras_score|pffx_g_off|pff_offense_blocking_block_percent|pff_offense_blocking_declined_penalties|pff_offense_blocking_grades_offense|pff_offense_blocking_grades_pass_block|pff_offense_blocking_grades_run_block|pff_offense_blocking_hits_allowed|pff_offense_blocking_hurries_allowed|pff_offense_blocking_non_spike_pass_block|pff_offense_blocking_non_spike_pass_block_percentage|pff_offense_blocking_pass_block_percent|pff_offense_blocking_pbe|pff_offense_blocking_penalties|pff_offense_blocking_pressures_allowed|pff_offense_blocking_sacks_allowed|pff_offense_blocking_snap_counts_block|pff_offense_blocking_snap_counts_ce|pff_offense_blocking_snap_counts_lg|pff_offense_blocking_snap_counts_lt|pff_offense_blocking_snap_counts_offense|pff_offense_blocking_snap_counts_pass_block|pff_offense_blocking_snap_counts_pass_play|pff_offense_blocking_snap_counts_rg|pff_offense_blocking_snap_counts_rt|pff_offense_blocking_snap_counts_run_block|pff_offense_blocking_snap_counts_te,0.009,0.009,7.95,,67.2
276,Jordan Whittington,WR,WR,Texas,LAR,6.0,213.0,23.0,0.065,-0.065,-0.018,0.047,,0,0.047,0.85,0.947,613,1,missing_ras,pffx_yprr|pffx_g_off|pff_receiving_concept_base_targets|pff_receiving_concept_declined_penalties|pff_receiving_concept_penalties|pff_receiving_concept_screen_avg_depth_of_target|pff_receiving_concept_screen_avoided_tackles|pff_receiving_concept_screen_caught_percent|pff_receiving_concept_screen_contested_receptions|pff_receiving_concept_screen_contested_targets|pff_receiving_concept_screen_drop_rate|pff_receiving_concept_screen_drops|pff_receiving_concept_screen_epa|pff_receiving_concept_screen_first_downs|pff_receiving_concept_screen_fumbles|pff_receiving_concept_screen_grades_hands_drop|pff_receiving_concept_screen_grades_pass_route|pff_receiving_concept_screen_interceptions|pff_receiving_concept_screen_longest|pff_receiving_concept_screen_pass_block_rate|pff_receiving_concept_screen_pass_blocks|pff_receiving_concept_screen_pass_plays|pff_receiving_concept_screen_positive_epa_percent|pff_receiving_concept_screen_receptions|pff_receiving_concept_screen_route_rate|pff_receiving_concept_screen_routes|pff_receiving_concept_screen_targeted_qb_rating|pff_receiving_concept_screen_targets|pff_receiving_concept_screen_targets_percent|pff_receiving_concept_screen_touchdowns|pff_receiving_concept_screen_yards|pff_receiving_concept_screen_yards_after_catch|pff_receiving_concept_screen_yards_after_catch_per_reception|pff_receiving_concept_screen_yards_per_reception|pff_receiving_concept_screen_yprr,0.075,0.102,,32.0,65.4
277,Cornelius Johnson,WR,WR,Michigan,LAC,7.0,253.0,23.0,0.065,-0.065,-0.018,0.047,,0,0.047,0.85,0.955,618,1,,ras_score|pffx_yprr|pffx_g_off|pff_receiving_concept_base_targets|pff_receiving_concept_declined_penalties|pff_receiving_concept_penalties|pff_receiving_concept_screen_avg_depth_of_target|pff_receiving_concept_screen_avoided_tackles|pff_receiving_concept_screen_caught_percent|pff_receiving_concept_screen_contested_receptions|pff_receiving_concept_screen_contested_targets|pff_receiving_concept_screen_drop_rate|pff_receiving_concept_screen_drops|pff_receiving_concept_screen_epa|pff_receiving_concept_screen_first_downs|pff_receiving_concept_screen_fumbles|pff_receiving_concept_screen_grades_hands_drop|pff_receiving_concept_screen_grades_pass_route|pff_receiving_concept_screen_interceptions|pff_receiving_concept_screen_longest|pff_receiving_concept_screen_pass_block_rate|pff_receiving_concept_screen_pass_blocks|pff_receiving_concept_screen_pass_plays|pff_receiving_concept_screen_positive_epa_percent|pff_receiving_concept_screen_receptions|pff_receiving_concept_screen_route_rate|pff_receiving_concept_screen_routes|pff_receiving_concept_screen_targeted_qb_rating|pff_receiving_concept_screen_targets|pff_receiving_concept_screen_targets_percent|pff_receiving_concept_screen_touchdowns|pff_receiving_concept_screen_yards|pff_receiving_concept_screen_yards_after_catch|pff_receiving_concept_screen_yards_after_catch_per_reception|pff_receiving_concept_screen_yards_per_reception,0.0,0.012,9.46,17.75,88.5
278,Jaylan Ford,LB,LB,Texas,NOR,5.0,175.0,22.0,0.045,0.019,0.002,0.047,,0,0.047,0.75,0.667,2,1,too_few_football_features,ras_score|pffx_g_off|age,0.096,0.05,8.3,,60.0
279,Cole Spencer,G,OL,Texas Tech; Western Kentucky,TEN,,,,0.045,0.01,0.002,0.047,,0,0.047,0.815,0.5,27,1,missing_pick;missing_age,ras_score|pffx_g_off|pff_offense_blocking_block_percent|pff_offense_blocking_declined_penalties|pff_offense_blocking_grades_offense|pff_offense_blocking_grades_pass_block|pff_offense_blocking_grades_run_block|pff_offense_blocking_hits_allowed|pff_offense_blocking_hurries_allowed|pff_offense_blocking_non_spike_pass_block|pff_offense_blocking_non_spike_pass_block_percentage|pff_offense_blocking_pass_block_percent|pff_offense_blocking_pbe|pff_offense_blocking_penalties|pff_offense_blocking_pressures_allowed|pff_offense_blocking_sacks_allowed|pff_offense_blocking_snap_counts_block|pff_offense_blocking_snap_counts_ce|pff_offense_blocking_snap_counts_lg|pff_offense_blocking_snap_counts_lt|pff_offense_blocking_snap_counts_offense|pff_offense_blocking_snap_counts_pass_block|pff_offense_blocking_snap_counts_pass_play|pff_offense_blocking_snap_counts_rg|pff_offense_blocking_snap_counts_rt|pff_offense_blocking_snap_counts_run_block|pff_offense_blocking_snap_counts_te,0.012,0.012,9.44,,70.4
280,Xavier Weaver,WR,WR,Colorado; University of South Florida,ARI,,,,0.045,0.01,0.002,0.047,,0,0.047,0.815,0.954,617,1,missing_pick;missing_age,ras_score|pffx_yprr|pffx_g_off|pff_receiving_concept_base_targets|pff_receiving_concept_declined_penalties|pff_receiving_concept_penalties|pff_receiving_concept_screen_avg_depth_of_target|pff_receiving_concept_screen_avoided_tackles|pff_receiving_concept_screen_caught_percent|pff_receiving_concept_screen_contested_receptions|pff_receiving_concept_screen_contested_targets|pff_receiving_concept_screen_drop_rate|pff_receiving_concept_screen_drops|pff_receiving_concept_screen_epa|pff_receiving_concept_screen_first_downs|pff_receiving_concept_screen_fumbles|pff_receiving_concept_screen_grades_hands_drop|pff_receiving_concept_screen_grades_pass_route|pff_receiving_concept_screen_interceptions|pff_receiving_concept_screen_longest|pff_receiving_concept_screen_pass_block_rate|pff_receiving_concept_screen_pass_blocks|pff_receiving_concept_screen_pass_plays|pff_receiving_concept_screen_positive_epa_percent|pff_receiving_concept_screen_receptions|pff_receiving_concept_screen_route_rate|pff_receiving_concept_screen_routes|pff_receiving_concept_screen_targeted_qb_rating|pff_receiving_concept_screen_targets|pff_receiving_concept_screen_targets_percent|pff_receiving_concept_screen_touchdowns|pff_receiving_concept_screen_yards|pff_receiving_concept_screen_yards_after_catch|pff_receiving_concept_screen_yards_after_catch_per_reception|pff_receiving_concept_screen_yards_per_reception,0.0,0.0,8.4,13.29,90.7
281,Kameron Johnson,WR,WR,Barton College,TB,,,,0.045,0.015,0.001,0.046,,0,0.046,0.148,0.002,1,1,missing_pick;missing_age;too_few_football_features;low_position_feature_completeness,ras_score,0.0,0.0,7.82,,
282,Chau Smith-Wade,DB,DB,Washington St.,CAR,5.0,157.0,21.0,0.05,-0.047,-0.004,0.046,,0,0.046,0.75,0.333,1,1,too_few_football_features,ras_score|age,0.176,0.142,5.97,,
283,Cam Johnson,WR,WR,Northwestern; Arizona State; Vanderbilt,CAR,,,,0.045,0.003,0.001,0.046,,0,0.046,0.815,0.971,628,1,missing_pick;missing_age,ras_score|pffx_yprr|pffx_g_off|pff_receiving_concept_base_targets|pff_receiving_concept_declined_penalties|pff_receiving_concept_penalties|pff_receiving_concept_screen_avg_depth_of_target|pff_receiving_concept_screen_avoided_tackles|pff_receiving_concept_screen_caught_percent|pff_receiving_concept_screen_contested_receptions|pff_receiving_concept_screen_contested_targets|pff_receiving_concept_screen_drop_rate|pff_receiving_concept_screen_drops|pff_receiving_concept_screen_epa|pff_receiving_concept_screen_first_downs|pff_receiving_concept_screen_fumbles|pff_receiving_concept_screen_grades_hands_drop|pff_receiving_concept_screen_grades_pass_route|pff_receiving_concept_screen_interceptions|pff_receiving_concept_screen_longest|pff_receiving_concept_screen_pass_block_rate|pff_receiving_concept_screen_pass_blocks|pff_receiving_concept_screen_pass_plays|pff_receiving_concept_screen_positive_epa_percent|pff_receiving_concept_screen_receptions|pff_receiving_concept_screen_route_rate|pff_receiving_concept_screen_routes|pff_receiving_concept_screen_targeted_qb_rating|pff_receiving_concept_screen_targets|pff_receiving_concept_screen_targets_percent|pff_receiving_concept_screen_touchdowns|pff_receiving_concept_screen_yards|pff_receiving_concept_screen_yards_after_catch|pff_receiving_concept_screen_yards_after_catch_per_reception|pff_receiving_concept_screen_yards_per_reception,0.003,0.003,7.5,10.38,88.2
284,Marcus Banks,DB,DB,Mississippi State; Alabama,TB,,,,0.03,0.172,0.015,0.045,,0,0.045,0.68,0.667,2,1,missing_pick;missing_age;too_few_football_features,ras_score|pffx_g_off,0.003,0.003,8.97,,60.0
285,Jarrett Kingston,OL,OL,USC,SFO,6.0,215.0,24.0,0.065,-0.07,-0.02,0.045,,0,0.045,0.85,0.5,27,1,,ras_score|pffx_g_off|pff_offense_blocking_block_percent|pff_offense_blocking_declined_penalties|pff_offense_blocking_grades_offense|pff_offense_blocking_grades_pass_block|pff_offense_blocking_grades_run_block|pff_offense_blocking_hits_allowed|pff_offense_blocking_hurries_allowed|pff_offense_blocking_non_spike_pass_block|pff_offense_blocking_non_spike_pass_block_percentage|pff_offense_blocking_pass_block_percent|pff_offense_blocking_pbe|pff_offense_blocking_penalties|pff_offense_blocking_pressures_allowed|pff_offense_blocking_sacks_allowed|pff_offense_blocking_snap_counts_block|pff_offense_blocking_snap_counts_ce|pff_offense_blocking_snap_counts_lg|pff_offense_blocking_snap_counts_lt|pff_offense_blocking_snap_counts_offense|pff_offense_blocking_snap_counts_pass_block|pff_offense_blocking_snap_counts_pass_play|pff_offense_blocking_snap_counts_rg|pff_offense_blocking_snap_counts_rt|pff_offense_blocking_snap_counts_run_block|pff_offense_blocking_snap_counts_te|age,0.113,0.057,9.93,,68.7
286,Grayson Murphy,LB,LB,UCLA; North Texas,MIA,,,,0.025,0.224,0.02,0.045,,0,0.045,0.68,0.333,1,1,missing_pick;missing_age;too_few_football_features,ras_score,0.01,0.01,8.73,,
287,Jake Johanning,G,OL,Furman,LV,,,,0.045,0,0,0.045,,0,0.045,0.11,0,0,1,missing_pick;missing_age;missing_ras;too_few_football_features;low_position_feature_completeness,,0.003,0.003,,,
288,Liam Fornadel,OL,OL,James Madison,NYJ,,,,0.045,0,0,0.045,,0,0.045,0.11,0,0,1,missing_pick;missing_age;missing_ras;too_few_football_features;low_position_feature_completeness,,0.003,0.003,,,
289,Laekin Vakalahi,OT,OL,,PHI,,,,0.045,0,0,0.045,,0,0.045,0.11,0,0,1,missing_pick;missing_age;missing_ras;too_few_football_features;low_position_feature_completeness,,0.003,0.003,,,
290,Ryan Coll,C,OL,Richmond,IND,,,,0.045,0,0,0.045,,0,0.045,0.182,0.019,1,1,missing_pick;missing_age;too_few_football_features;low_position_feature_completeness,ras_score,0.0,0.0,8.27,,
291,Kitan Oladapo,DB,DB,Oregon St.,GNB,5.0,169.0,23.0,0.05,-0.057,-0.005,0.045,,0,0.045,0.75,0.333,1,1,too_few_football_features,ras_score|age,0.084,0.106,8.18,,
292,KT Leveston,OL,OL,Kansas St.,LAR,7.0,254.0,24.0,0.065,-0.073,-0.02,0.045,,0,0.045,0.85,0.5,27,1,,ras_score|pffx_g_off|pff_offense_blocking_block_percent|pff_offense_blocking_declined_penalties|pff_offense_blocking_grades_offense|pff_offense_blocking_grades_pass_block|pff_offense_blocking_grades_run_block|pff_offense_blocking_hits_allowed|pff_offense_blocking_hurries_allowed|pff_offense_blocking_non_spike_pass_block|pff_offense_blocking_non_spike_pass_block_percentage|pff_offense_blocking_pass_block_percent|pff_offense_blocking_pbe|pff_offense_blocking_penalties|pff_offense_blocking_pressures_allowed|pff_offense_blocking_sacks_allowed|pff_offense_blocking_snap_counts_block|pff_offense_blocking_snap_counts_ce|pff_offense_blocking_snap_counts_lg|pff_offense_blocking_snap_counts_lt|pff_offense_blocking_snap_counts_offense|pff_offense_blocking_snap_counts_pass_block|pff_offense_blocking_snap_counts_pass_play|pff_offense_blocking_snap_counts_rg|pff_offense_blocking_snap_counts_rt|pff_offense_blocking_snap_counts_run_block|pff_offense_blocking_snap_counts_te|age,0.009,0.076,6.59,,68.6
293,Lideatrick Griffin,WR,WR,Mississippi State,CLE,,,,0.045,-0.004,-0.001,0.044,,0,0.044,0.815,0.977,632,1,missing_pick;missing_age,ras_score|pffx_yprr|pffx_g_off|pff_receiving_concept_base_targets|pff_receiving_concept_declined_penalties|pff_receiving_concept_penalties|pff_receiving_concept_screen_avg_depth_of_target|pff_receiving_concept_screen_avoided_tackles|pff_receiving_concept_screen_caught_percent|pff_receiving_concept_screen_contested_receptions|pff_receiving_concept_screen_contested_targets|pff_receiving_concept_screen_drop_rate|pff_receiving_concept_screen_drops|pff_receiving_concept_screen_epa|pff_receiving_concept_screen_first_downs|pff_receiving_concept_screen_fumbles|pff_receiving_concept_screen_grades_hands_drop|pff_receiving_concept_screen_grades_pass_route|pff_receiving_concept_screen_interceptions|pff_receiving_concept_screen_longest|pff_receiving_concept_screen_pass_block_rate|pff_receiving_concept_screen_pass_blocks|pff_receiving_concept_screen_pass_plays|pff_receiving_concept_screen_positive_epa_percent|pff_receiving_concept_screen_receptions|pff_receiving_concept_screen_route_rate|pff_receiving_concept_screen_routes|pff_receiving_concept_screen_targeted_qb_rating|pff_receiving_concept_screen_targets|pff_receiving_concept_screen_targets_percent|pff_receiving_concept_screen_touchdowns|pff_receiving_concept_screen_yards|pff_receiving_concept_screen_yards_after_catch|pff_receiving_concept_screen_yards_after_catch_per_reception|pff_receiving_concept_screen_yards_per_reception,0.001,0.001,6.95,21.55,72.1
294,Anderson Hardy,OT,OL,Appalachian State,MIA,,,,0.045,-0.004,-0.001,0.044,,0,0.044,0.78,0.481,26,1,missing_pick;missing_age;missing_ras,pffx_g_off|pff_offense_blocking_block_percent|pff_offense_blocking_declined_penalties|pff_offense_blocking_grades_offense|pff_offense_blocking_grades_pass_block|pff_offense_blocking_grades_run_block|pff_offense_blocking_hits_allowed|pff_offense_blocking_hurries_allowed|pff_offense_blocking_non_spike_pass_block|pff_offense_blocking_non_spike_pass_block_percentage|pff_offense_blocking_pass_block_percent|pff_offense_blocking_pbe|pff_offense_blocking_penalties|pff_offense_blocking_pressures_allowed|pff_offense_blocking_sacks_allowed|pff_offense_blocking_snap_counts_block|pff_offense_blocking_snap_counts_ce|pff_offense_blocking_snap_counts_lg|pff_offense_blocking_snap_counts_lt|pff_offense_blocking_snap_counts_offense|pff_offense_blocking_snap_counts_pass_block|pff_offense_blocking_snap_counts_pass_play|pff_offense_blocking_snap_counts_rg|pff_offense_blocking_snap_counts_rt|pff_offense_blocking_snap_counts_run_block|pff_offense_blocking_snap_counts_te,0.003,0.003,,,73.6
295,Javon Solomon,DE,DL,Troy,BUF,5.0,168.0,23.0,0.055,-0.119,-0.011,0.044,,0,0.044,0.75,0.333,1,1,too_few_football_features,ras_score|age,0.093,0.109,7.28,,
296,Daequan Hardy,CB,DB,Penn St.,BUF,6.0,219.0,23.0,0.05,-0.067,-0.006,0.044,,0,0.044,0.75,0.667,2,1,too_few_football_features,ras_score|pffx_g_off|age,0.073,0.041,8.15,,60.0
297,Donovan Jennings,OT,OL,University of South Florida,GB,,,,0.045,-0.007,-0.001,0.044,,0,0.044,0.815,0.5,27,1,missing_pick;missing_age,ras_score|pffx_g_off|pff_offense_blocking_block_percent|pff_offense_blocking_declined_penalties|pff_offense_blocking_grades_offense|pff_offense_blocking_grades_pass_block|pff_offense_blocking_grades_run_block|pff_offense_blocking_hits_allowed|pff_offense_blocking_hurries_allowed|pff_offense_blocking_non_spike_pass_block|pff_offense_blocking_non_spike_pass_block_percentage|pff_offense_blocking_pass_block_percent|pff_offense_blocking_pbe|pff_offense_blocking_penalties|pff_offense_blocking_pressures_allowed|pff_offense_blocking_sacks_allowed|pff_offense_blocking_snap_counts_block|pff_offense_blocking_snap_counts_ce|pff_offense_blocking_snap_counts_lg|pff_offense_blocking_snap_counts_lt|pff_offense_blocking_snap_counts_offense|pff_offense_blocking_snap_counts_pass_block|pff_offense_blocking_snap_counts_pass_play|pff_offense_blocking_snap_counts_rg|pff_offense_blocking_snap_counts_rt|pff_offense_blocking_snap_counts_run_block|pff_offense_blocking_snap_counts_te,0.0,0.0,8.93,,72.8
298,Jalen Wayne,WR,WR,South Alabama,GB,,,,0.045,-0.007,-0.001,0.044,,0,0.044,0.78,0.985,637,1,missing_pick;missing_age;missing_ras,pffx_yprr|pffx_g_off|pff_receiving_concept_base_targets|pff_receiving_concept_declined_penalties|pff_receiving_concept_penalties|pff_receiving_concept_screen_avg_depth_of_target|pff_receiving_concept_screen_avoided_tackles|pff_receiving_concept_screen_caught_percent|pff_receiving_concept_screen_contested_receptions|pff_receiving_concept_screen_contested_targets|pff_receiving_concept_screen_drop_rate|pff_receiving_concept_screen_drops|pff_receiving_concept_screen_epa|pff_receiving_concept_screen_first_downs|pff_receiving_concept_screen_fumbles|pff_receiving_concept_screen_grades_hands_drop|pff_receiving_concept_screen_grades_pass_route|pff_receiving_concept_screen_interceptions|pff_receiving_concept_screen_longest|pff_receiving_concept_screen_pass_block_rate|pff_receiving_concept_screen_pass_blocks|pff_receiving_concept_screen_pass_plays|pff_receiving_concept_screen_positive_epa_percent|pff_receiving_concept_screen_receptions|pff_receiving_concept_screen_route_rate|pff_receiving_concept_screen_routes|pff_receiving_concept_screen_targeted_qb_rating|pff_receiving_concept_screen_targets|pff_receiving_concept_screen_targets_percent|pff_receiving_concept_screen_touchdowns|pff_receiving_concept_screen_yards|pff_receiving_concept_screen_yards_after_catch|pff_receiving_concept_screen_yards_after_catch_per_reception|pff_receiving_concept_screen_yards_per_reception|pff_receiving_concept_screen_yprr,0.009,0.009,,10.09,69.2
299,Lorenz Metz,OT,OL,Cincinnati,NE,,,,0.045,-0.008,-0.001,0.044,,0,0.044,0.78,0.481,26,1,missing_pick;missing_age;missing_ras,pffx_g_off|pff_offense_blocking_block_percent|pff_offense_blocking_declined_penalties|pff_offense_blocking_grades_offense|pff_offense_blocking_grades_pass_block|pff_offense_blocking_grades_run_block|pff_offense_blocking_hits_allowed|pff_offense_blocking_hurries_allowed|pff_offense_blocking_non_spike_pass_block|pff_offense_blocking_non_spike_pass_block_percentage|pff_offense_blocking_pass_block_percent|pff_offense_blocking_pbe|pff_offense_blocking_penalties|pff_offense_blocking_pressures_allowed|pff_offense_blocking_sacks_allowed|pff_offense_blocking_snap_counts_block|pff_offense_blocking_snap_counts_ce|pff_offense_blocking_snap_counts_lg|pff_offense_blocking_snap_counts_lt|pff_offense_blocking_snap_counts_offense|pff_offense_blocking_snap_counts_pass_block|pff_offense_blocking_snap_counts_pass_play|pff_offense_blocking_snap_counts_rg|pff_offense_blocking_snap_counts_rt|pff_offense_blocking_snap_counts_run_block|pff_offense_blocking_snap_counts_te,0.012,0.012,,,68.0
300,Dayton Wade,WR,WR,Mississippi; Western Kentucky,BAL,,,,0.045,-0.008,-0.001,0.044,,0,0.044,0.815,0.985,637,1,missing_pick;missing_age,ras_score|pffx_yprr|pffx_g_off|pff_receiving_concept_base_targets|pff_receiving_concept_declined_penalties|pff_receiving_concept_penalties|pff_receiving_concept_screen_avg_depth_of_target|pff_receiving_concept_screen_avoided_tackles|pff_receiving_concept_screen_caught_percent|pff_receiving_concept_screen_contested_receptions|pff_receiving_concept_screen_contested_targets|pff_receiving_concept_screen_drop_rate|pff_receiving_concept_screen_drops|pff_receiving_concept_screen_epa|pff_receiving_concept_screen_first_downs|pff_receiving_concept_screen_fumbles|pff_receiving_concept_screen_grades_hands_drop|pff_receiving_concept_screen_grades_pass_route|pff_receiving_concept_screen_interceptions|pff_receiving_concept_screen_longest|pff_receiving_concept_screen_pass_block_rate|pff_receiving_concept_screen_pass_blocks|pff_receiving_concept_screen_pass_plays|pff_receiving_concept_screen_positive_epa_percent|pff_receiving_concept_screen_receptions|pff_receiving_concept_screen_route_rate|pff_receiving_concept_screen_routes|pff_receiving_concept_screen_targeted_qb_rating|pff_receiving_concept_screen_targets|pff_receiving_concept_screen_targets_percent|pff_receiving_concept_screen_touchdowns|pff_receiving_concept_screen_yards|pff_receiving_concept_screen_yards_after_catch|pff_receiving_concept_screen_yards_after_catch_per_reception|pff_receiving_concept_screen_yards_per_reception,0.0,0.0,6.89,15.83,89.6
301,Marcus Rosemy-Jacksaint,WR,WR,Georgia,PHI,,,,0.045,-0.011,-0.002,0.043,,0,0.043,0.815,0.961,622,1,missing_pick;missing_age,ras_score|pffx_yprr|pffx_g_off|pff_receiving_concept_base_targets|pff_receiving_concept_declined_penalties|pff_receiving_concept_penalties|pff_receiving_concept_screen_avg_depth_of_target|pff_receiving_concept_screen_avoided_tackles|pff_receiving_concept_screen_caught_percent|pff_receiving_concept_screen_contested_catch_rate|pff_receiving_concept_screen_contested_receptions|pff_receiving_concept_screen_contested_targets|pff_receiving_concept_screen_drop_rate|pff_receiving_concept_screen_drops|pff_receiving_concept_screen_epa|pff_receiving_concept_screen_first_downs|pff_receiving_concept_screen_fumbles|pff_receiving_concept_screen_grades_hands_drop|pff_receiving_concept_screen_grades_pass_route|pff_receiving_concept_screen_interceptions|pff_receiving_concept_screen_longest|pff_receiving_concept_screen_pass_block_rate|pff_receiving_concept_screen_pass_blocks|pff_receiving_concept_screen_pass_plays|pff_receiving_concept_screen_positive_epa_percent|pff_receiving_concept_screen_receptions|pff_receiving_concept_screen_route_rate|pff_receiving_concept_screen_routes|pff_receiving_concept_screen_targeted_qb_rating|pff_receiving_concept_screen_targets|pff_receiving_concept_screen_targets_percent|pff_receiving_concept_screen_touchdowns|pff_receiving_concept_screen_yards|pff_receiving_concept_screen_yards_after_catch|pff_receiving_concept_screen_yards_after_catch_per_reception,0.012,0.012,1.68,21.9,75.0
302,Mohamed Kamara,DL,DL,Colorado St.,MIA,5.0,158.0,25.0,0.055,-0.133,-0.012,0.043,,0,0.043,0.75,0.667,2,1,too_few_football_features,ras_score|pffx_g_off|age,0.045,0.03,7.99,,60.0
303,Tyrone Tracy Jr.,RB,RB,Purdue,NYG,5.0,166.0,24.0,0.035,0.026,0.007,0.042,,0,0.042,0.85,0.844,581,1,,ras_score|pffx_yprr|pffx_g_off|pff_receiving_concept_base_targets|pff_receiving_concept_declined_penalties|pff_receiving_concept_penalties|pff_receiving_concept_screen_avg_depth_of_target|pff_receiving_concept_screen_avoided_tackles|pff_receiving_concept_screen_caught_percent|pff_receiving_concept_screen_contested_receptions|pff_receiving_concept_screen_contested_targets|pff_receiving_concept_screen_drop_rate|pff_receiving_concept_screen_drops|pff_receiving_concept_screen_epa|pff_receiving_concept_screen_first_downs|pff_receiving_concept_screen_fumbles|pff_receiving_concept_screen_grades_hands_drop|pff_receiving_concept_screen_grades_pass_route|pff_receiving_concept_screen_interceptions|pff_receiving_concept_screen_longest|pff_receiving_concept_screen_pass_block_rate|pff_receiving_concept_screen_pass_blocks|pff_receiving_concept_screen_pass_plays|pff_receiving_concept_screen_positive_epa_percent|pff_receiving_concept_screen_receptions|pff_receiving_concept_screen_route_rate|pff_receiving_concept_screen_routes|pff_receiving_concept_screen_targeted_qb_rating|pff_receiving_concept_screen_targets|pff_receiving_concept_screen_targets_percent|pff_receiving_concept_screen_touchdowns|pff_receiving_concept_screen_yards|pff_receiving_concept_screen_yards_after_catch|pff_receiving_concept_screen_yards_after_catch_per_reception|pff_receiving_concept_screen_yards_per_reception,0.116,0.286,9.78,52.0,87.5
304,Matthew Hayball,P,ST,Vanderbilt; Florida Atlantic,NO,,,,0.005,0.409,0.037,0.042,,0,0.042,0.645,0.333,1,1,missing_pick;missing_age;missing_ras;too_few_football_features,pffx_g_off,0.003,0.003,,,73.4
305,Jaelen Gill,WR,WR,Fresno State; Boston College; Ohio State,CLE,,,,0.045,-0.022,-0.004,0.041,,0,0.041,0.815,0.951,615,1,missing_pick;missing_age,ras_score|pffx_yprr|pffx_g_off|pff_receiving_concept_base_targets|pff_receiving_concept_declined_penalties|pff_receiving_concept_penalties|pff_receiving_concept_screen_avg_depth_of_target|pff_receiving_concept_screen_avoided_tackles|pff_receiving_concept_screen_caught_percent|pff_receiving_concept_screen_contested_receptions|pff_receiving_concept_screen_contested_targets|pff_receiving_concept_screen_drop_rate|pff_receiving_concept_screen_drops|pff_receiving_concept_screen_epa|pff_receiving_concept_screen_first_downs|pff_receiving_concept_screen_fumbles|pff_receiving_concept_screen_grades_hands_drop|pff_receiving_concept_screen_grades_pass_route|pff_receiving_concept_screen_interceptions|pff_receiving_concept_screen_longest|pff_receiving_concept_screen_pass_block_rate|pff_receiving_concept_screen_pass_blocks|pff_receiving_concept_screen_pass_plays|pff_receiving_concept_screen_positive_epa_percent|pff_receiving_concept_screen_receptions|pff_receiving_concept_screen_route_rate|pff_receiving_concept_screen_routes|pff_receiving_concept_screen_targeted_qb_rating|pff_receiving_concept_screen_targets|pff_receiving_concept_screen_targets_percent|pff_receiving_concept_screen_touchdowns|pff_receiving_concept_screen_yards|pff_receiving_concept_screen_yards_after_catch|pff_receiving_concept_screen_yards_after_catch_per_reception|pff_receiving_concept_screen_yards_per_reception,0.0,0.0,4.74,16.6,84.8
306,Sam Wiglusz,WR,WR,Ohio,LA,,,,0.045,-0.025,-0.004,0.041,,0,0.041,0.815,0.966,625,1,missing_pick;missing_age,ras_score|pffx_yprr|pffx_g_off|pff_receiving_concept_base_targets|pff_receiving_concept_declined_penalties|pff_receiving_concept_penalties|pff_receiving_concept_screen_avg_depth_of_target|pff_receiving_concept_screen_avoided_tackles|pff_receiving_concept_screen_caught_percent|pff_receiving_concept_screen_contested_receptions|pff_receiving_concept_screen_contested_targets|pff_receiving_concept_screen_drop_rate|pff_receiving_concept_screen_drops|pff_receiving_concept_screen_epa|pff_receiving_concept_screen_first_downs|pff_receiving_concept_screen_fumbles|pff_receiving_concept_screen_grades_hands_drop|pff_receiving_concept_screen_grades_pass_route|pff_receiving_concept_screen_interceptions|pff_receiving_concept_screen_longest|pff_receiving_concept_screen_pass_block_rate|pff_receiving_concept_screen_pass_blocks|pff_receiving_concept_screen_pass_plays|pff_receiving_concept_screen_positive_epa_percent|pff_receiving_concept_screen_receptions|pff_receiving_concept_screen_route_rate|pff_receiving_concept_screen_routes|pff_receiving_concept_screen_targeted_qb_rating|pff_receiving_concept_screen_targets|pff_receiving_concept_screen_targets_percent|pff_receiving_concept_screen_touchdowns|pff_receiving_concept_screen_yards|pff_receiving_concept_screen_yards_after_catch|pff_receiving_concept_screen_yards_after_catch_per_reception|pff_receiving_concept_screen_yards_per_reception,0.0,0.0,2.87,10.86,86.3
307,Chris Russell,LB,LB,Texas A&M,GB,,,,0.025,0.172,0.016,0.041,,0,0.041,0.68,0.333,1,1,missing_pick;missing_age;too_few_football_features,ras_score,0.0,0.0,8.58,,
308,Jalen Coker,WR,WR,Holy Cross,CAR,,,,0.045,-0.053,-0.005,0.04,,0,0.04,0.151,0.003,2,1,missing_pick;missing_age;too_few_football_features;low_position_feature_completeness,ras_score|pffx_g_off,0.001,0.001,8.55,,64.1
309,Spencer Shrader,K,ST,Notre Dame; University of South Florida,IND,,,,0.005,0.39,0.035,0.04,,0,0.04,0.645,0.667,2,1,missing_pick;missing_age;missing_ras;too_few_football_features,pffx_yprr|pffx_g_off,0.0,0.0,,7.0,63.3
310,Jimmy Ciarlo,LB,LB,Army,BUF,,,,0.025,0.166,0.015,0.04,,0,0.04,0.68,0.667,2,1,missing_pick;missing_age;too_few_football_features,ras_score|pffx_g_off,0.012,0.012,8.82,,60.0
311,David White Jr.,WR,WR,Western Carolina; Valdosta State,JAX,,,,0.045,-0.061,-0.005,0.04,,0,0.04,0.148,0.002,1,1,missing_pick;missing_age;too_few_football_features;low_position_feature_completeness,ras_score,0.0,0.0,7.55,,
312,Ramel Keyton,WR,WR,Tennessee,LV,,,,0.045,-0.036,-0.006,0.039,,0,0.039,0.815,0.93,602,1,missing_pick;missing_age,ras_score|pffx_yprr|pffx_g_off|pff_receiving_concept_base_targets|pff_receiving_concept_declined_penalties|pff_receiving_concept_penalties|pff_receiving_concept_screen_avg_depth_of_target|pff_receiving_concept_screen_avoided_tackles|pff_receiving_concept_screen_caught_percent|pff_receiving_concept_screen_contested_receptions|pff_receiving_concept_screen_contested_targets|pff_receiving_concept_screen_drop_rate|pff_receiving_concept_screen_drops|pff_receiving_concept_screen_epa|pff_receiving_concept_screen_first_downs|pff_receiving_concept_screen_fumbles|pff_receiving_concept_screen_grades_hands_drop|pff_receiving_concept_screen_grades_pass_route|pff_receiving_concept_screen_interceptions|pff_receiving_concept_screen_longest|pff_receiving_concept_screen_pass_block_rate|pff_receiving_concept_screen_pass_blocks|pff_receiving_concept_screen_pass_plays|pff_receiving_concept_screen_positive_epa_percent|pff_receiving_concept_screen_receptions|pff_receiving_concept_screen_route_rate|pff_receiving_concept_screen_routes|pff_receiving_concept_screen_targeted_qb_rating|pff_receiving_concept_screen_targets|pff_receiving_concept_screen_targets_percent|pff_receiving_concept_screen_touchdowns|pff_receiving_concept_screen_yards|pff_receiving_concept_screen_yards_after_catch|pff_receiving_concept_screen_yards_after_catch_per_reception|pff_receiving_concept_screen_yards_per_reception,0.009,0.009,7.23,11.91,60.1
313,Eric Watts,DE,DL,Connecticut,NYJ,,,,0.035,0.043,0.004,0.039,,0,0.039,0.68,0.667,2,1,missing_pick;missing_age;too_few_football_features,ras_score|pffx_g_off,0.0,0.0,8.31,,60.0
314,Jaden Crumedy,DT,DL,Mississippi St.,CAR,6.0,200.0,24.0,0.055,-0.179,-0.016,0.039,,0,0.039,0.75,0.333,1,1,too_few_football_features,ras_score|age,0.073,0.041,7.55,,
315,Jackson Sirmon,LB,LB,California; Washington,NYJ,,,,0.025,0.149,0.013,0.038,,0,0.038,0.68,0.667,2,1,missing_pick;missing_age;too_few_football_features,ras_score|pffx_g_off,0.012,0.012,7.46,,64.5
316,Trajan Jeffcoat,DE,DL,Arkansas; Missouri,NO,,,,0.035,0.036,0.003,0.038,,0,0.038,0.68,0.333,1,1,missing_pick;missing_age;too_few_football_features,ras_score,0.003,0.003,7.62,,
317,Isaiah Johnson,CB,DB,Syracuse; Dartmouth,MIA,,,,0.03,0.087,0.008,0.038,,0,0.038,0.68,0.333,1,1,missing_pick;missing_age;too_few_football_features,ras_score,0.0,0.0,7.97,,
318,Nick Samac,C,OL,Michigan St.,BAL,7.0,228.0,23.0,0.065,-0.099,-0.028,0.037,,0,0.037,0.85,0.481,26,1,missing_ras,pffx_g_off|pff_offense_blocking_block_percent|pff_offense_blocking_declined_penalties|pff_offense_blocking_grades_offense|pff_offense_blocking_grades_pass_block|pff_offense_blocking_grades_run_block|pff_offense_blocking_hits_allowed|pff_offense_blocking_hurries_allowed|pff_offense_blocking_non_spike_pass_block|pff_offense_blocking_non_spike_pass_block_percentage|pff_offense_blocking_pass_block_percent|pff_offense_blocking_pbe|pff_offense_blocking_penalties|pff_offense_blocking_pressures_allowed|pff_offense_blocking_sacks_allowed|pff_offense_blocking_snap_counts_block|pff_offense_blocking_snap_counts_ce|pff_offense_blocking_snap_counts_lg|pff_offense_blocking_snap_counts_lt|pff_offense_blocking_snap_counts_offense|pff_offense_blocking_snap_counts_pass_block|pff_offense_blocking_snap_counts_pass_play|pff_offense_blocking_snap_counts_rg|pff_offense_blocking_snap_counts_rt|pff_offense_blocking_snap_counts_run_block|pff_offense_blocking_snap_counts_te|age,0.061,0.036,,,72.5
319,Myles Cole,OLB,LB,Texas Tech,JAX,7.0,236.0,24.0,0.045,-0.087,-0.008,0.037,,0,0.037,0.75,0.667,2,1,too_few_football_features,ras_score|pffx_g_off|age,0.029,0.024,8.52,,60.0
320,Marcus Harris,DL,DL,Auburn,HOU,7.0,247.0,23.0,0.055,-0.199,-0.018,0.037,,0,0.037,0.75,0.333,1,1,too_few_football_features,ras_score|age,0.073,0.041,5.96,,
321,Caelen Carson,DB,DB,Wake Forest,DAL,5.0,174.0,22.0,0.05,-0.145,-0.013,0.037,,0,0.037,0.75,0.333,1,1,too_few_football_features,ras_score|age,0.166,0.138,6.21,,
322,Joe Evans,LB,LB,Iowa,BAL,,,,0.025,0.132,0.012,0.037,,0,0.037,0.68,0.667,2,1,missing_pick;missing_age;too_few_football_features,ras_score|pffx_g_off,0.012,0.012,8.73,,60.0
323,Zion Logue,DL,DL,Georgia,ATL,6.0,197.0,23.0,0.055,-0.204,-0.018,0.037,,0,0.037,0.75,0.667,2,1,too_few_football_features,ras_score|pffx_g_off|age,0.067,0.039,5.14,,60.0
324,Kamal Hadden,DB,DB,Tennessee,KAN,6.0,211.0,23.0,0.05,-0.149,-0.013,0.037,,0,0.037,0.75,0.333,1,1,too_few_football_features,ras_score|age,0.079,0.044,7.48,,
325,Dallin Holker,TE,TE,Colorado State; BYU,NO,,,,0.015,0.133,0.021,0.036,,0,0.036,0.815,0.9,605,1,missing_pick;missing_age,ras_score|pffx_yprr|pffx_g_off|pff_offense_blocking_block_percent|pff_offense_blocking_declined_penalties|pff_offense_blocking_grades_offense|pff_offense_blocking_grades_pass_block|pff_offense_blocking_grades_run_block|pff_offense_blocking_hits_allowed|pff_offense_blocking_hurries_allowed|pff_offense_blocking_non_spike_pass_block|pff_offense_blocking_non_spike_pass_block_percentage|pff_offense_blocking_pass_block_percent|pff_offense_blocking_pbe|pff_offense_blocking_penalties|pff_offense_blocking_pressures_allowed|pff_offense_blocking_sacks_allowed|pff_offense_blocking_snap_counts_block|pff_offense_blocking_snap_counts_ce|pff_offense_blocking_snap_counts_lg|pff_offense_blocking_snap_counts_lt|pff_offense_blocking_snap_counts_offense|pff_offense_blocking_snap_counts_pass_block|pff_offense_blocking_snap_counts_pass_play|pff_offense_blocking_snap_counts_rg|pff_offense_blocking_snap_counts_rt|pff_offense_blocking_snap_counts_run_block|pff_offense_blocking_snap_counts_te|pff_receiving_concept_base_targets|pff_receiving_concept_declined_penalties|pff_receiving_concept_penalties|pff_receiving_concept_screen_avg_depth_of_target|pff_receiving_concept_screen_avoided_tackles|pff_receiving_concept_screen_caught_percent|pff_receiving_concept_screen_contested_receptions,0.0,0.0,6.07,10.07,68.5
326,Devin Culp,TE,TE,Washington,TAM,7.0,246.0,24.0,0.035,0.004,0.001,0.036,,0,0.036,0.85,0.876,589,1,,ras_score|pffx_yprr|pffx_g_off|pff_offense_blocking_block_percent|pff_offense_blocking_declined_penalties|pff_offense_blocking_grades_offense|pff_offense_blocking_grades_pass_block|pff_offense_blocking_grades_run_block|pff_offense_blocking_hits_allowed|pff_offense_blocking_hurries_allowed|pff_offense_blocking_non_spike_pass_block|pff_offense_blocking_non_spike_pass_block_percentage|pff_offense_blocking_pass_block_percent|pff_offense_blocking_pbe|pff_offense_blocking_penalties|pff_offense_blocking_pressures_allowed|pff_offense_blocking_sacks_allowed|pff_offense_blocking_snap_counts_block|pff_offense_blocking_snap_counts_ce|pff_offense_blocking_snap_counts_lg|pff_offense_blocking_snap_counts_lt|pff_offense_blocking_snap_counts_offense|pff_offense_blocking_snap_counts_pass_block|pff_offense_blocking_snap_counts_pass_play|pff_offense_blocking_snap_counts_rg|pff_offense_blocking_snap_counts_rt|pff_offense_blocking_snap_counts_run_block|pff_offense_blocking_snap_counts_te|pff_receiving_concept_base_targets|pff_receiving_concept_declined_penalties|pff_receiving_concept_penalties|pff_receiving_concept_screen_avg_depth_of_target|pff_receiving_concept_screen_avoided_tackles|pff_receiving_concept_screen_caught_percent|pff_receiving_concept_screen_contested_receptions,0.089,0.048,8.14,12.38,68.8
327,Thomas Harper,SAF,DB,Notre Dame; Oklahoma State,DET,,,,0.03,0.067,0.006,0.036,,0,0.036,0.68,0.333,1,1,missing_pick;missing_age;too_few_football_features,ras_score,0.0,0.0,7.92,,
328,Doug Nester,G,OL,West Virginia; Virginia Tech,PIT,,,,0.045,-0.056,-0.009,0.036,,0,0.036,0.815,0.5,27,1,missing_pick;missing_age,ras_score|pffx_g_off|pff_offense_blocking_block_percent|pff_offense_blocking_declined_penalties|pff_offense_blocking_grades_offense|pff_offense_blocking_grades_pass_block|pff_offense_blocking_grades_run_block|pff_offense_blocking_hits_allowed|pff_offense_blocking_hurries_allowed|pff_offense_blocking_non_spike_pass_block|pff_offense_blocking_non_spike_pass_block_percentage|pff_offense_blocking_pass_block_percent|pff_offense_blocking_pbe|pff_offense_blocking_penalties|pff_offense_blocking_pressures_allowed|pff_offense_blocking_sacks_allowed|pff_offense_blocking_snap_counts_block|pff_offense_blocking_snap_counts_ce|pff_offense_blocking_snap_counts_lg|pff_offense_blocking_snap_counts_lt|pff_offense_blocking_snap_counts_offense|pff_offense_blocking_snap_counts_pass_block|pff_offense_blocking_snap_counts_pass_play|pff_offense_blocking_snap_counts_rg|pff_offense_blocking_snap_counts_rt|pff_offense_blocking_snap_counts_run_block|pff_offense_blocking_snap_counts_te,0.009,0.009,3.35,,67.5
329,Jeff Foreman,WR,WR,Arkansas State,LV,,,,0.045,-0.057,-0.009,0.036,,0,0.036,0.815,0.909,588,1,missing_pick;missing_age,ras_score|pffx_yprr|pffx_g_off|pff_receiving_concept_base_targets|pff_receiving_concept_declined_penalties|pff_receiving_concept_penalties|pff_receiving_concept_screen_avoided_tackles|pff_receiving_concept_screen_contested_receptions|pff_receiving_concept_screen_contested_targets|pff_receiving_concept_screen_drops|pff_receiving_concept_screen_epa|pff_receiving_concept_screen_first_downs|pff_receiving_concept_screen_fumbles|pff_receiving_concept_screen_grades_pass_route|pff_receiving_concept_screen_interceptions|pff_receiving_concept_screen_longest|pff_receiving_concept_screen_pass_block_rate|pff_receiving_concept_screen_pass_blocks|pff_receiving_concept_screen_pass_plays|pff_receiving_concept_screen_positive_epa_percent|pff_receiving_concept_screen_receptions|pff_receiving_concept_screen_route_rate|pff_receiving_concept_screen_routes|pff_receiving_concept_screen_targeted_qb_rating|pff_receiving_concept_screen_targets|pff_receiving_concept_screen_targets_percent|pff_receiving_concept_screen_touchdowns|pff_receiving_concept_screen_yards|pff_receiving_concept_screen_yards_after_catch|pff_receiving_concept_screen_yprr|pff_receiving_concept_slot_avg_depth_of_target|pff_receiving_concept_slot_avoided_tackles|pff_receiving_concept_slot_caught_percent|pff_receiving_concept_slot_contested_receptions|pff_receiving_concept_slot_contested_targets,0.003,0.003,6.9,15.75,77.4
330,Tanner Knue,WR,WR,Eastern Michigan,TB,,,,0.045,-0.06,-0.01,0.035,,0,0.035,0.815,0.972,629,1,missing_pick;missing_age,ras_score|pffx_yprr|pffx_g_off|pff_receiving_concept_base_targets|pff_receiving_concept_declined_penalties|pff_receiving_concept_penalties|pff_receiving_concept_screen_avg_depth_of_target|pff_receiving_concept_screen_avoided_tackles|pff_receiving_concept_screen_caught_percent|pff_receiving_concept_screen_contested_receptions|pff_receiving_concept_screen_contested_targets|pff_receiving_concept_screen_drop_rate|pff_receiving_concept_screen_drops|pff_receiving_concept_screen_epa|pff_receiving_concept_screen_first_downs|pff_receiving_concept_screen_fumbles|pff_receiving_concept_screen_grades_hands_drop|pff_receiving_concept_screen_grades_pass_route|pff_receiving_concept_screen_interceptions|pff_receiving_concept_screen_longest|pff_receiving_concept_screen_pass_block_rate|pff_receiving_concept_screen_pass_blocks|pff_receiving_concept_screen_pass_plays|pff_receiving_concept_screen_positive_epa_percent|pff_receiving_concept_screen_receptions|pff_receiving_concept_screen_route_rate|pff_receiving_concept_screen_routes|pff_receiving_concept_screen_targeted_qb_rating|pff_receiving_concept_screen_targets|pff_receiving_concept_screen_targets_percent|pff_receiving_concept_screen_touchdowns|pff_receiving_concept_screen_yards|pff_receiving_concept_screen_yards_after_catch|pff_receiving_concept_screen_yards_after_catch_per_reception|pff_receiving_concept_screen_yards_per_reception,0.008,0.008,7.57,9.67,70.2
331,Kohl Levao,OL,OL,Hawaii; City College (SF),NYJ,,,,0.045,-0.061,-0.01,0.035,,0,0.035,0.78,0.481,26,1,missing_pick;missing_age;missing_ras,pffx_g_off|pff_offense_blocking_block_percent|pff_offense_blocking_declined_penalties|pff_offense_blocking_grades_offense|pff_offense_blocking_grades_pass_block|pff_offense_blocking_grades_run_block|pff_offense_blocking_hits_allowed|pff_offense_blocking_hurries_allowed|pff_offense_blocking_non_spike_pass_block|pff_offense_blocking_non_spike_pass_block_percentage|pff_offense_blocking_pass_block_percent|pff_offense_blocking_pbe|pff_offense_blocking_penalties|pff_offense_blocking_pressures_allowed|pff_offense_blocking_sacks_allowed|pff_offense_blocking_snap_counts_block|pff_offense_blocking_snap_counts_ce|pff_offense_blocking_snap_counts_lg|pff_offense_blocking_snap_counts_lt|pff_offense_blocking_snap_counts_offense|pff_offense_blocking_snap_counts_pass_block|pff_offense_blocking_snap_counts_pass_play|pff_offense_blocking_snap_counts_rg|pff_offense_blocking_snap_counts_rt|pff_offense_blocking_snap_counts_run_block|pff_offense_blocking_snap_counts_te,0.003,0.003,,,64.8
332,Jotham Russell,DE,DL,,NE,,,,0.035,0,0,0.035,,0,0.035,0.11,0,0,1,missing_pick;missing_age;missing_ras;too_few_football_features;low_position_feature_completeness,,0.003,0.003,,,
333,Camron Peterson,DE,DL,Southern; McNeese State,NO,,,,0.035,0,0,0.035,,0,0.035,0.11,0,0,1,missing_pick;missing_age;missing_ras;too_few_football_features;low_position_feature_completeness,,0.003,0.003,,,
334,Norell Pollard,DT,DL,Virginia Tech,WAS,,,,0.035,0,0,0.035,,0,0.035,0.11,0,0,1,missing_pick;missing_age;missing_ras;too_few_football_features;low_position_feature_completeness,,0.003,0.003,,,
335,Pheldarius Payne,DT,DL,Virginia Tech; Nebraska,IND,,,,0.035,0,0,0.035,,0,0.035,0.11,0,0,1,missing_pick;missing_age;missing_ras;too_few_football_features;low_position_feature_completeness,,0.003,0.003,,,
336,Jalen Redmond,DL,DL,Oklahoma,MIN,,,,0.035,0,0,0.035,,0,0.035,0.11,0,0,1,missing_pick;missing_age;missing_ras;too_few_football_features;low_position_feature_completeness,,0.003,0.003,,,
337,Kehinde Oginni Hassan,DL,DL,,ATL,,,,0.035,0,0,0.035,,0,0.035,0.11,0,0,1,missing_pick;missing_age;missing_ras;too_few_football_features;low_position_feature_completeness,,0.003,0.003,,,
338,Jaray Jenkins,WR,WR,LSU,PIT,,,,0.045,-0.064,-0.01,0.035,,0,0.035,0.78,0.963,623,1,missing_pick;missing_age;missing_ras,pffx_yprr|pffx_g_off|pff_receiving_concept_base_targets|pff_receiving_concept_declined_penalties|pff_receiving_concept_penalties|pff_receiving_concept_screen_avg_depth_of_target|pff_receiving_concept_screen_avoided_tackles|pff_receiving_concept_screen_caught_percent|pff_receiving_concept_screen_contested_receptions|pff_receiving_concept_screen_contested_targets|pff_receiving_concept_screen_drop_rate|pff_receiving_concept_screen_drops|pff_receiving_concept_screen_epa|pff_receiving_concept_screen_first_downs|pff_receiving_concept_screen_fumbles|pff_receiving_concept_screen_grades_hands_drop|pff_receiving_concept_screen_grades_pass_route|pff_receiving_concept_screen_interceptions|pff_receiving_concept_screen_longest|pff_receiving_concept_screen_pass_block_rate|pff_receiving_concept_screen_pass_blocks|pff_receiving_concept_screen_pass_plays|pff_receiving_concept_screen_positive_epa_percent|pff_receiving_concept_screen_receptions|pff_receiving_concept_screen_route_rate|pff_receiving_concept_screen_routes|pff_receiving_concept_screen_targeted_qb_rating|pff_receiving_concept_screen_targets|pff_receiving_concept_screen_targets_percent|pff_receiving_concept_screen_touchdowns|pff_receiving_concept_screen_yards|pff_receiving_concept_screen_yards_after_catch|pff_receiving_concept_screen_yards_after_catch_per_reception|pff_receiving_concept_screen_yards_per_reception|pff_receiving_concept_screen_yprr,0.009,0.009,,14.42,66.2
339,Devin Richardson,LB,LB,Washington State; Texas; New Mexico State,SEA,,,,0.025,0.109,0.01,0.035,,0,0.035,0.68,0.667,2,1,missing_pick;missing_age;too_few_football_features,ras_score|pffx_g_off,0.012,0.012,8.59,,60.0
340,Matthew Cindric,C,OL,California,NYJ,,,,0.045,-0.064,-0.01,0.035,,0,0.035,0.815,0.5,27,1,missing_pick;missing_age,ras_score|pffx_g_off|pff_offense_blocking_block_percent|pff_offense_blocking_declined_penalties|pff_offense_blocking_grades_offense|pff_offense_blocking_grades_pass_block|pff_offense_blocking_grades_run_block|pff_offense_blocking_hits_allowed|pff_offense_blocking_hurries_allowed|pff_offense_blocking_non_spike_pass_block|pff_offense_blocking_non_spike_pass_block_percentage|pff_offense_blocking_pass_block_percent|pff_offense_blocking_pbe|pff_offense_blocking_penalties|pff_offense_blocking_pressures_allowed|pff_offense_blocking_sacks_allowed|pff_offense_blocking_snap_counts_block|pff_offense_blocking_snap_counts_ce|pff_offense_blocking_snap_counts_lg|pff_offense_blocking_snap_counts_lt|pff_offense_blocking_snap_counts_offense|pff_offense_blocking_snap_counts_pass_block|pff_offense_blocking_snap_counts_pass_play|pff_offense_blocking_snap_counts_rg|pff_offense_blocking_snap_counts_rt|pff_offense_blocking_snap_counts_run_block|pff_offense_blocking_snap_counts_te,0.0,0.0,8.05,,51.2
341,Marcellas Dial,DB,DB,South Carolina,NWE,6.0,180.0,23.0,0.05,-0.172,-0.016,0.034,,0,0.034,0.75,0.333,1,1,too_few_football_features,ras_score|age,0.079,0.044,7.18,,
342,Braiden McGregor,DE,DL,Michigan,NYJ,,,,0.035,-0.007,-0.001,0.034,,0,0.034,0.68,0.333,1,1,missing_pick;missing_age;too_few_football_features,ras_score,0.0,0.0,7.47,,
343,Tyrek Funderburk,CB,DB,Appalachian State; Richmond,CAR,,,,0.03,0.048,0.004,0.034,,0,0.034,0.68,0.333,1,1,missing_pick;missing_age;too_few_football_features,ras_score,0.0,0.0,7.84,,
344,Nate Lynn,LB,LB,William & Mary,TEN,,,,0.025,0.103,0.009,0.034,,0,0.034,0.68,0.333,1,1,missing_pick;missing_age;too_few_football_features,ras_score,0.003,0.003,8.28,,
345,Darrian Dalcourt,G,OL,Alabama,CLE,,,,0.045,-0.068,-0.011,0.034,,0,0.034,0.815,0.5,27,1,missing_pick;missing_age,ras_score|pffx_g_off|pff_offense_blocking_block_percent|pff_offense_blocking_declined_penalties|pff_offense_blocking_grades_offense|pff_offense_blocking_grades_pass_block|pff_offense_blocking_grades_run_block|pff_offense_blocking_hits_allowed|pff_offense_blocking_hurries_allowed|pff_offense_blocking_non_spike_pass_block|pff_offense_blocking_non_spike_pass_block_percentage|pff_offense_blocking_pass_block_percent|pff_offense_blocking_pbe|pff_offense_blocking_penalties|pff_offense_blocking_pressures_allowed|pff_offense_blocking_sacks_allowed|pff_offense_blocking_snap_counts_block|pff_offense_blocking_snap_counts_ce|pff_offense_blocking_snap_counts_lg|pff_offense_blocking_snap_counts_lt|pff_offense_blocking_snap_counts_offense|pff_offense_blocking_snap_counts_pass_block|pff_offense_blocking_snap_counts_pass_play|pff_offense_blocking_snap_counts_rg|pff_offense_blocking_snap_counts_rt|pff_offense_blocking_snap_counts_run_block|pff_offense_blocking_snap_counts_te,0.009,0.009,3.11,,69.7
346,Phalen Sanford,DB,DB,Nebraska; Hastings,LV,,,,0.03,0.04,0.004,0.034,,0,0.034,0.68,0.667,2,1,missing_pick;missing_age;too_few_football_features,ras_score|pffx_g_off,0.0,0.0,8.08,,60.0
347,Jaylin Simpson,SAF,DB,Auburn,IND,5.0,164.0,24.0,0.05,-0.182,-0.016,0.034,,0,0.034,0.75,0.667,2,1,too_few_football_features,ras_score|pffx_g_off|age,0.1,0.112,7.4,,60.0
348,Loren Strickland,SAF,DB,Ball State; University of Indianapolis,DET,,,,0.03,0.038,0.003,0.033,,0,0.033,0.68,0.333,1,1,missing_pick;missing_age;too_few_football_features,ras_score,0.0,0.0,7.81,,
349,Deantre Prince,CB,DB,Mississippi,JAX,5.0,153.0,23.0,0.05,-0.184,-0.017,0.033,,0,0.033,0.75,0.333,1,1,too_few_football_features,ras_score|age,0.093,0.049,6.63,,
350,Ethan Driskell,OT,OL,Marshall,KC,,,,0.045,-0.076,-0.012,0.033,,0,0.033,0.78,0.481,26,1,missing_pick;missing_age;missing_ras,pffx_g_off|pff_offense_blocking_block_percent|pff_offense_blocking_declined_penalties|pff_offense_blocking_grades_offense|pff_offense_blocking_grades_pass_block|pff_offense_blocking_grades_run_block|pff_offense_blocking_hits_allowed|pff_offense_blocking_hurries_allowed|pff_offense_blocking_non_spike_pass_block|pff_offense_blocking_non_spike_pass_block_percentage|pff_offense_blocking_pass_block_percent|pff_offense_blocking_pbe|pff_offense_blocking_penalties|pff_offense_blocking_pressures_allowed|pff_offense_blocking_sacks_allowed|pff_offense_blocking_snap_counts_block|pff_offense_blocking_snap_counts_ce|pff_offense_blocking_snap_counts_lg|pff_offense_blocking_snap_counts_lt|pff_offense_blocking_snap_counts_offense|pff_offense_blocking_snap_counts_pass_block|pff_offense_blocking_snap_counts_pass_play|pff_offense_blocking_snap_counts_rg|pff_offense_blocking_snap_counts_rt|pff_offense_blocking_snap_counts_run_block|pff_offense_blocking_snap_counts_te,0.012,0.012,,,67.4
351,Daijahn Anthony,SAF,DB,Mississippi,CIN,7.0,224.0,23.0,0.05,-0.19,-0.017,0.033,,0,0.033,0.75,0.333,1,1,too_few_football_features,ras_score|age,0.073,0.041,6.62,,
352,Yvandy Rigby,LB,LB,Temple,NE,,,,0.025,0.086,0.008,0.033,,0,0.033,0.68,0.333,1,1,missing_pick;missing_age;too_few_football_features,ras_score,0.003,0.003,8.1,,
353,Blake Watson,RB,RB,Memphis; Old Dominion,TEN,,,,0.015,0.11,0.018,0.033,,0,0.033,0.815,0.846,582,1,missing_pick;missing_age,ras_score|pffx_yprr|pffx_g_off|pff_receiving_concept_base_targets|pff_receiving_concept_declined_penalties|pff_receiving_concept_penalties|pff_receiving_concept_screen_avg_depth_of_target|pff_receiving_concept_screen_avoided_tackles|pff_receiving_concept_screen_caught_percent|pff_receiving_concept_screen_contested_receptions|pff_receiving_concept_screen_contested_targets|pff_receiving_concept_screen_drop_rate|pff_receiving_concept_screen_drops|pff_receiving_concept_screen_epa|pff_receiving_concept_screen_first_downs|pff_receiving_concept_screen_fumbles|pff_receiving_concept_screen_grades_hands_drop|pff_receiving_concept_screen_grades_pass_route|pff_receiving_concept_screen_interceptions|pff_receiving_concept_screen_longest|pff_receiving_concept_screen_pass_block_rate|pff_receiving_concept_screen_pass_blocks|pff_receiving_concept_screen_pass_plays|pff_receiving_concept_screen_positive_epa_percent|pff_receiving_concept_screen_receptions|pff_receiving_concept_screen_route_rate|pff_receiving_concept_screen_routes|pff_receiving_concept_screen_targeted_qb_rating|pff_receiving_concept_screen_targets|pff_receiving_concept_screen_targets_percent|pff_receiving_concept_screen_touchdowns|pff_receiving_concept_screen_yards|pff_receiving_concept_screen_yards_after_catch|pff_receiving_concept_screen_yards_after_catch_per_reception|pff_receiving_concept_screen_yards_per_reception,0.0,0.0,8.91,8.97,87.0
354,Jack Wilson,OT,OL,Washington State; Idaho; Oregon State,IND,,,,0.045,-0.079,-0.013,0.032,,0,0.032,0.78,0.481,26,1,missing_pick;missing_age;missing_ras,pffx_g_off|pff_offense_blocking_block_percent|pff_offense_blocking_declined_penalties|pff_offense_blocking_grades_offense|pff_offense_blocking_grades_pass_block|pff_offense_blocking_grades_run_block|pff_offense_blocking_hits_allowed|pff_offense_blocking_hurries_allowed|pff_offense_blocking_non_spike_pass_block|pff_offense_blocking_non_spike_pass_block_percentage|pff_offense_blocking_pass_block_percent|pff_offense_blocking_pbe|pff_offense_blocking_penalties|pff_offense_blocking_pressures_allowed|pff_offense_blocking_sacks_allowed|pff_offense_blocking_snap_counts_block|pff_offense_blocking_snap_counts_ce|pff_offense_blocking_snap_counts_lg|pff_offense_blocking_snap_counts_lt|pff_offense_blocking_snap_counts_offense|pff_offense_blocking_snap_counts_pass_block|pff_offense_blocking_snap_counts_pass_play|pff_offense_blocking_snap_counts_rg|pff_offense_blocking_snap_counts_rt|pff_offense_blocking_snap_counts_run_block|pff_offense_blocking_snap_counts_te,0.003,0.003,,,58.1
355,M.J. Devonshire,DB,DB,Pittsburgh,LVR,7.0,229.0,23.0,0.05,-0.196,-0.018,0.032,,0,0.032,0.75,0.333,1,1,too_few_football_features,ras_score|age,0.067,0.039,6.61,,
356,Jamal Hill,LB,LB,Oregon,HOU,6.0,188.0,23.0,0.045,-0.146,-0.013,0.032,,0,0.032,0.75,0.667,2,1,too_few_football_features,ras_score|pffx_g_off|age,0.079,0.044,7.36,,60.0
357,Leonard Taylor III,DT,DL,Miami,NE,,,,0.035,-0.036,-0.003,0.032,,0,0.032,0.68,0.333,1,1,missing_pick;missing_age;too_few_football_features,ras_score,0.0,0.0,7.34,,
358,Isaac Ukwu,DE,DL,Mississippi; James Madison,DET,,,,0.035,-0.039,-0.003,0.032,,0,0.032,0.68,0.667,2,1,missing_pick;missing_age;too_few_football_features,ras_score|pffx_g_off,0.008,0.008,7.52,,60.0
359,JaQuae Jackson,WR,WR,Rutgers; California (PA),LAC,,,,0.045,-0.085,-0.014,0.031,,0,0.031,0.815,0.93,602,1,missing_pick;missing_age,ras_score|pffx_yprr|pffx_g_off|pff_receiving_concept_base_targets|pff_receiving_concept_declined_penalties|pff_receiving_concept_penalties|pff_receiving_concept_screen_avg_depth_of_target|pff_receiving_concept_screen_avoided_tackles|pff_receiving_concept_screen_caught_percent|pff_receiving_concept_screen_contested_catch_rate|pff_receiving_concept_screen_contested_receptions|pff_receiving_concept_screen_contested_targets|pff_receiving_concept_screen_drops|pff_receiving_concept_screen_epa|pff_receiving_concept_screen_first_downs|pff_receiving_concept_screen_fumbles|pff_receiving_concept_screen_grades_pass_route|pff_receiving_concept_screen_interceptions|pff_receiving_concept_screen_longest|pff_receiving_concept_screen_pass_block_rate|pff_receiving_concept_screen_pass_blocks|pff_receiving_concept_screen_pass_plays|pff_receiving_concept_screen_positive_epa_percent|pff_receiving_concept_screen_receptions|pff_receiving_concept_screen_route_rate|pff_receiving_concept_screen_routes|pff_receiving_concept_screen_targeted_qb_rating|pff_receiving_concept_screen_targets|pff_receiving_concept_screen_targets_percent|pff_receiving_concept_screen_touchdowns|pff_receiving_concept_screen_yards|pff_receiving_concept_screen_yards_after_catch|pff_receiving_concept_screen_yprr|pff_receiving_concept_slot_avg_depth_of_target|pff_receiving_concept_slot_avoided_tackles,0.0,0.0,7.63,14.67,73.3
360,Praise Olatoke,WR,WR,Ohio State,CAR,,,,0.045,-0.152,-0.014,0.031,,0,0.031,0.148,0.002,1,1,missing_pick;missing_age;too_few_football_features;low_position_feature_completeness,ras_score,0.0,0.0,6.99,,
361,Jaylen Johnson,WR,WR,East Carolina; Georgia,LAC,,,,0.045,-0.086,-0.014,0.031,,0,0.031,0.815,0.961,622,1,missing_pick;missing_age,ras_score|pffx_yprr|pffx_g_off|pff_receiving_concept_base_targets|pff_receiving_concept_declined_penalties|pff_receiving_concept_penalties|pff_receiving_concept_screen_avg_depth_of_target|pff_receiving_concept_screen_avoided_tackles|pff_receiving_concept_screen_caught_percent|pff_receiving_concept_screen_contested_catch_rate|pff_receiving_concept_screen_contested_receptions|pff_receiving_concept_screen_contested_targets|pff_receiving_concept_screen_drop_rate|pff_receiving_concept_screen_drops|pff_receiving_concept_screen_epa|pff_receiving_concept_screen_first_downs|pff_receiving_concept_screen_fumbles|pff_receiving_concept_screen_grades_hands_drop|pff_receiving_concept_screen_grades_pass_route|pff_receiving_concept_screen_interceptions|pff_receiving_concept_screen_longest|pff_receiving_concept_screen_pass_block_rate|pff_receiving_concept_screen_pass_blocks|pff_receiving_concept_screen_pass_plays|pff_receiving_concept_screen_positive_epa_percent|pff_receiving_concept_screen_receptions|pff_receiving_concept_screen_route_rate|pff_receiving_concept_screen_routes|pff_receiving_concept_screen_targeted_qb_rating|pff_receiving_concept_screen_targets|pff_receiving_concept_screen_targets_percent|pff_receiving_concept_screen_touchdowns|pff_receiving_concept_screen_yards|pff_receiving_concept_screen_yards_after_catch|pff_receiving_concept_screen_yards_after_catch_per_reception,0.0,0.0,3.47,7.32,62.4
362,Omar Speights,LB,LB,LSU; Oregon State,LA,,,,0.025,0.069,0.006,0.031,,0,0.031,0.68,0.333,1,1,missing_pick;missing_age;too_few_football_features,ras_score,0.008,0.008,7.96,,
363,Michael Wiley,RB,RB,Arizona,TB,,,,0.015,0.1,0.016,0.031,,0,0.031,0.815,0.852,586,1,missing_pick;missing_age,ras_score|pffx_yprr|pffx_g_off|pff_receiving_concept_base_targets|pff_receiving_concept_declined_penalties|pff_receiving_concept_penalties|pff_receiving_concept_screen_avg_depth_of_target|pff_receiving_concept_screen_avoided_tackles|pff_receiving_concept_screen_caught_percent|pff_receiving_concept_screen_contested_receptions|pff_receiving_concept_screen_contested_targets|pff_receiving_concept_screen_drop_rate|pff_receiving_concept_screen_drops|pff_receiving_concept_screen_epa|pff_receiving_concept_screen_first_downs|pff_receiving_concept_screen_fumbles|pff_receiving_concept_screen_grades_hands_drop|pff_receiving_concept_screen_grades_pass_route|pff_receiving_concept_screen_interceptions|pff_receiving_concept_screen_longest|pff_receiving_concept_screen_pass_block_rate|pff_receiving_concept_screen_pass_blocks|pff_receiving_concept_screen_pass_plays|pff_receiving_concept_screen_positive_epa_percent|pff_receiving_concept_screen_receptions|pff_receiving_concept_screen_route_rate|pff_receiving_concept_screen_routes|pff_receiving_concept_screen_targeted_qb_rating|pff_receiving_concept_screen_targets|pff_receiving_concept_screen_targets_percent|pff_receiving_concept_screen_touchdowns|pff_receiving_concept_screen_yards|pff_receiving_concept_screen_yards_after_catch|pff_receiving_concept_screen_yards_after_catch_per_reception|pff_receiving_concept_screen_yards_per_reception,0.007,0.007,7.18,11.2,83.7
364,Emani Bailey,RB,RB,TCU; Louisiana,CAR,,,,0.015,0.1,0.016,0.031,,0,0.031,0.815,0.878,604,1,missing_pick;missing_age,ras_score|pffx_yprr|pffx_g_off|pff_receiving_concept_base_targets|pff_receiving_concept_declined_penalties|pff_receiving_concept_penalties|pff_receiving_concept_screen_avg_depth_of_target|pff_receiving_concept_screen_avoided_tackles|pff_receiving_concept_screen_caught_percent|pff_receiving_concept_screen_contested_receptions|pff_receiving_concept_screen_contested_targets|pff_receiving_concept_screen_drop_rate|pff_receiving_concept_screen_drops|pff_receiving_concept_screen_epa|pff_receiving_concept_screen_first_downs|pff_receiving_concept_screen_fumbles|pff_receiving_concept_screen_grades_hands_drop|pff_receiving_concept_screen_grades_pass_route|pff_receiving_concept_screen_interceptions|pff_receiving_concept_screen_longest|pff_receiving_concept_screen_pass_block_rate|pff_receiving_concept_screen_pass_blocks|pff_receiving_concept_screen_pass_plays|pff_receiving_concept_screen_positive_epa_percent|pff_receiving_concept_screen_receptions|pff_receiving_concept_screen_route_rate|pff_receiving_concept_screen_routes|pff_receiving_concept_screen_targeted_qb_rating|pff_receiving_concept_screen_targets|pff_receiving_concept_screen_targets_percent|pff_receiving_concept_screen_touchdowns|pff_receiving_concept_screen_yards|pff_receiving_concept_screen_yards_after_catch|pff_receiving_concept_screen_yards_after_catch_per_reception|pff_receiving_concept_screen_yards_per_reception,0.023,0.023,2.26,24.0,87.0
365,Millard Bradford,DB,DB,TCU,NO,,,,0.03,0.01,0.001,0.031,,0,0.031,0.68,0.333,1,1,missing_pick;missing_age;too_few_football_features,ras_score,0.0,0.0,7.7,,
366,Justin Rogers,DL,DL,Auburn,DAL,7.0,244.0,22.0,0.055,-0.277,-0.025,0.03,,0,0.03,0.75,0.333,1,1,too_few_football_features,ras_score|age,0.147,0.071,1.18,,
367,LJ Davis,DB,DB,Northern Arizona; Southern Utah State,GB,,,,0.03,0,0,0.03,,0,0.03,0.11,0,0,1,missing_pick;missing_age;missing_ras;too_few_football_features;low_position_feature_completeness,,0.003,0.003,,,
368,Quinton Newsome,CB,DB,Nebraska,DEN,,,,0.03,0,0,0.03,,0,0.03,0.11,0,0,1,missing_pick;missing_age;missing_ras;too_few_football_features;low_position_feature_completeness,,0.003,0.003,,,
369,Michael Tutsie,SAF,DB,North Dakota State,IND,,,,0.03,0,0,0.03,,0,0.03,0.11,0,0,1,missing_pick;missing_age;missing_ras;too_few_football_features;low_position_feature_completeness,,0.003,0.003,,,
370,PJ Jules,SAF,DB,Southern Illinois,CIN,,,,0.03,0,0,0.03,,0,0.03,0.11,0,0,1,missing_pick;missing_age;missing_ras;too_few_football_features;low_position_feature_completeness,,0.003,0.003,,,
371,Jacob Monk,OL,OL,Duke,GNB,5.0,163.0,23.0,0.065,-0.127,-0.035,0.03,,0,0.03,0.85,0.5,27,1,,ras_score|pffx_g_off|pff_offense_blocking_block_percent|pff_offense_blocking_declined_penalties|pff_offense_blocking_grades_offense|pff_offense_blocking_grades_pass_block|pff_offense_blocking_grades_run_block|pff_offense_blocking_hits_allowed|pff_offense_blocking_hurries_allowed|pff_offense_blocking_non_spike_pass_block|pff_offense_blocking_non_spike_pass_block_percentage|pff_offense_blocking_pass_block_percent|pff_offense_blocking_pbe|pff_offense_blocking_penalties|pff_offense_blocking_pressures_allowed|pff_offense_blocking_sacks_allowed|pff_offense_blocking_snap_counts_block|pff_offense_blocking_snap_counts_ce|pff_offense_blocking_snap_counts_lg|pff_offense_blocking_snap_counts_lt|pff_offense_blocking_snap_counts_offense|pff_offense_blocking_snap_counts_pass_block|pff_offense_blocking_snap_counts_pass_play|pff_offense_blocking_snap_counts_rg|pff_offense_blocking_snap_counts_rt|pff_offense_blocking_snap_counts_run_block|pff_offense_blocking_snap_counts_te|age,0.151,0.072,9.73,,64.4
372,Justin Dedich,OL,OL,USC,LA,,,,0.045,-0.097,-0.016,0.029,,0,0.029,0.815,0.5,27,1,missing_pick;missing_age,ras_score|pffx_g_off|pff_offense_blocking_block_percent|pff_offense_blocking_declined_penalties|pff_offense_blocking_grades_offense|pff_offense_blocking_grades_pass_block|pff_offense_blocking_grades_run_block|pff_offense_blocking_hits_allowed|pff_offense_blocking_hurries_allowed|pff_offense_blocking_non_spike_pass_block|pff_offense_blocking_non_spike_pass_block_percentage|pff_offense_blocking_pass_block_percent|pff_offense_blocking_pbe|pff_offense_blocking_penalties|pff_offense_blocking_pressures_allowed|pff_offense_blocking_sacks_allowed|pff_offense_blocking_snap_counts_block|pff_offense_blocking_snap_counts_ce|pff_offense_blocking_snap_counts_lg|pff_offense_blocking_snap_counts_lt|pff_offense_blocking_snap_counts_offense|pff_offense_blocking_snap_counts_pass_block|pff_offense_blocking_snap_counts_pass_play|pff_offense_blocking_snap_counts_rg|pff_offense_blocking_snap_counts_rt|pff_offense_blocking_snap_counts_run_block|pff_offense_blocking_snap_counts_te,0.0,0.0,5.36,,62.0
373,Jase McClellan,RB,RB,Alabama,ATL,6.0,186.0,22.0,0.035,-0.02,-0.006,0.029,,0,0.029,0.85,0.818,563,1,missing_ras,pffx_yprr|pffx_g_off|pff_receiving_concept_base_targets|pff_receiving_concept_declined_penalties|pff_receiving_concept_penalties|pff_receiving_concept_screen_avg_depth_of_target|pff_receiving_concept_screen_avoided_tackles|pff_receiving_concept_screen_caught_percent|pff_receiving_concept_screen_contested_receptions|pff_receiving_concept_screen_contested_targets|pff_receiving_concept_screen_drop_rate|pff_receiving_concept_screen_drops|pff_receiving_concept_screen_epa|pff_receiving_concept_screen_first_downs|pff_receiving_concept_screen_fumbles|pff_receiving_concept_screen_grades_hands_drop|pff_receiving_concept_screen_grades_pass_route|pff_receiving_concept_screen_interceptions|pff_receiving_concept_screen_longest|pff_receiving_concept_screen_pass_block_rate|pff_receiving_concept_screen_pass_blocks|pff_receiving_concept_screen_pass_plays|pff_receiving_concept_screen_positive_epa_percent|pff_receiving_concept_screen_receptions|pff_receiving_concept_screen_route_rate|pff_receiving_concept_screen_routes|pff_receiving_concept_screen_targeted_qb_rating|pff_receiving_concept_screen_targets|pff_receiving_concept_screen_targets_percent|pff_receiving_concept_screen_touchdowns|pff_receiving_concept_screen_yards|pff_receiving_concept_screen_yards_after_catch|pff_receiving_concept_screen_yards_after_catch_per_reception|pff_receiving_concept_screen_yards_per_reception|pff_receiving_concept_screen_yprr,0.081,0.044,,11.56,79.8
374,D.J. James,CB,DB,Auburn,SEA,6.0,192.0,23.0,0.05,-0.23,-0.021,0.029,,0,0.029,0.75,0.667,2,1,too_few_football_features,ras_score|pffx_g_off|age,0.067,0.039,5.82,,60.0
375,David Martin-Robinson,TE,TE,Temple,TEN,,,,0.015,0.088,0.014,0.029,,0,0.029,0.815,0.893,600,1,missing_pick;missing_age,ras_score|pffx_yprr|pffx_g_off|pff_offense_blocking_block_percent|pff_offense_blocking_declined_penalties|pff_offense_blocking_grades_offense|pff_offense_blocking_grades_pass_block|pff_offense_blocking_grades_run_block|pff_offense_blocking_hits_allowed|pff_offense_blocking_hurries_allowed|pff_offense_blocking_non_spike_pass_block|pff_offense_blocking_non_spike_pass_block_percentage|pff_offense_blocking_pass_block_percent|pff_offense_blocking_pbe|pff_offense_blocking_penalties|pff_offense_blocking_pressures_allowed|pff_offense_blocking_sacks_allowed|pff_offense_blocking_snap_counts_block|pff_offense_blocking_snap_counts_ce|pff_offense_blocking_snap_counts_lg|pff_offense_blocking_snap_counts_lt|pff_offense_blocking_snap_counts_offense|pff_offense_blocking_snap_counts_pass_block|pff_offense_blocking_snap_counts_pass_play|pff_offense_blocking_snap_counts_rg|pff_offense_blocking_snap_counts_rt|pff_offense_blocking_snap_counts_run_block|pff_offense_blocking_snap_counts_te|pff_receiving_concept_base_targets|pff_receiving_concept_declined_penalties|pff_receiving_concept_penalties|pff_receiving_concept_screen_avg_depth_of_target|pff_receiving_concept_screen_avoided_tackles|pff_receiving_concept_screen_caught_percent|pff_receiving_concept_screen_contested_receptions,0.012,0.012,8.73,13.0,78.8
376,Levi Drake Rodriguez,DT,DL,Texas A&M-Commerce,MIN,7.0,232.0,24.0,0.055,-0.295,-0.027,0.028,,0,0.028,0.75,0.333,1,1,too_few_football_features,ras_score|age,0.051,0.092,6.12,,
377,Tomari Fox,DL,DL,North Carolina,LV,,,,0.035,-0.08,-0.007,0.028,,0,0.028,0.68,0.333,1,1,missing_pick;missing_age;too_few_football_features,ras_score,0.0,0.0,7.1,,
378,Ahmarean Brown,WR,WR,South Carolina,BUF,,,,0.045,-0.108,-0.017,0.028,,0,0.028,0.815,0.932,603,1,missing_pick;missing_age,ras_score|pffx_yprr|pffx_g_off|pff_receiving_concept_base_targets|pff_receiving_concept_declined_penalties|pff_receiving_concept_penalties|pff_receiving_concept_screen_avg_depth_of_target|pff_receiving_concept_screen_avoided_tackles|pff_receiving_concept_screen_caught_percent|pff_receiving_concept_screen_contested_receptions|pff_receiving_concept_screen_contested_targets|pff_receiving_concept_screen_drop_rate|pff_receiving_concept_screen_drops|pff_receiving_concept_screen_epa|pff_receiving_concept_screen_first_downs|pff_receiving_concept_screen_fumbles|pff_receiving_concept_screen_grades_hands_drop|pff_receiving_concept_screen_grades_pass_route|pff_receiving_concept_screen_interceptions|pff_receiving_concept_screen_longest|pff_receiving_concept_screen_pass_block_rate|pff_receiving_concept_screen_pass_blocks|pff_receiving_concept_screen_pass_plays|pff_receiving_concept_screen_positive_epa_percent|pff_receiving_concept_screen_receptions|pff_receiving_concept_screen_route_rate|pff_receiving_concept_screen_routes|pff_receiving_concept_screen_targeted_qb_rating|pff_receiving_concept_screen_targets|pff_receiving_concept_screen_targets_percent|pff_receiving_concept_screen_touchdowns|pff_receiving_concept_screen_yards|pff_receiving_concept_screen_yards_after_catch|pff_receiving_concept_screen_yards_after_catch_per_reception|pff_receiving_concept_screen_yards_per_reception,0.0,0.0,6.45,10.38,84.3
379,Gottlieb Ayedze,OT,OL,Maryland; Frostburg State,LV,,,,0.045,-0.108,-0.017,0.028,,0,0.028,0.815,0.5,27,1,missing_pick;missing_age,ras_score|pffx_g_off|pff_offense_blocking_block_percent|pff_offense_blocking_declined_penalties|pff_offense_blocking_grades_offense|pff_offense_blocking_grades_pass_block|pff_offense_blocking_grades_run_block|pff_offense_blocking_hits_allowed|pff_offense_blocking_hurries_allowed|pff_offense_blocking_non_spike_pass_block|pff_offense_blocking_non_spike_pass_block_percentage|pff_offense_blocking_pass_block_percent|pff_offense_blocking_pbe|pff_offense_blocking_penalties|pff_offense_blocking_pressures_allowed|pff_offense_blocking_sacks_allowed|pff_offense_blocking_snap_counts_block|pff_offense_blocking_snap_counts_ce|pff_offense_blocking_snap_counts_lg|pff_offense_blocking_snap_counts_lt|pff_offense_blocking_snap_counts_offense|pff_offense_blocking_snap_counts_pass_block|pff_offense_blocking_snap_counts_pass_play|pff_offense_blocking_snap_counts_rg|pff_offense_blocking_snap_counts_rt|pff_offense_blocking_snap_counts_run_block|pff_offense_blocking_snap_counts_te,0.009,0.009,7.81,,68.3
380,Spencer Rolland,OT,OL,North Carolina; Harvard,GB,,,,0.045,-0.112,-0.018,0.027,,0,0.027,0.815,0.5,27,1,missing_pick;missing_age,ras_score|pffx_g_off|pff_offense_blocking_block_percent|pff_offense_blocking_declined_penalties|pff_offense_blocking_grades_offense|pff_offense_blocking_grades_pass_block|pff_offense_blocking_grades_run_block|pff_offense_blocking_hits_allowed|pff_offense_blocking_hurries_allowed|pff_offense_blocking_non_spike_pass_block|pff_offense_blocking_non_spike_pass_block_percentage|pff_offense_blocking_pass_block_percent|pff_offense_blocking_pbe|pff_offense_blocking_penalties|pff_offense_blocking_pressures_allowed|pff_offense_blocking_sacks_allowed|pff_offense_blocking_snap_counts_block|pff_offense_blocking_snap_counts_ce|pff_offense_blocking_snap_counts_lg|pff_offense_blocking_snap_counts_lt|pff_offense_blocking_snap_counts_offense|pff_offense_blocking_snap_counts_pass_block|pff_offense_blocking_snap_counts_pass_play|pff_offense_blocking_snap_counts_rg|pff_offense_blocking_snap_counts_rt|pff_offense_blocking_snap_counts_run_block|pff_offense_blocking_snap_counts_te,0.008,0.008,7.18,,63.5
381,McKade Mettauer,G,OL,Oklahoma,KC,,,,0.045,-0.113,-0.018,0.027,,0,0.027,0.815,0.5,27,1,missing_pick;missing_age,ras_score|pffx_g_off|pff_offense_blocking_block_percent|pff_offense_blocking_declined_penalties|pff_offense_blocking_grades_offense|pff_offense_blocking_grades_pass_block|pff_offense_blocking_grades_run_block|pff_offense_blocking_hits_allowed|pff_offense_blocking_hurries_allowed|pff_offense_blocking_non_spike_pass_block|pff_offense_blocking_non_spike_pass_block_percentage|pff_offense_blocking_pass_block_percent|pff_offense_blocking_pbe|pff_offense_blocking_penalties|pff_offense_blocking_pressures_allowed|pff_offense_blocking_sacks_allowed|pff_offense_blocking_snap_counts_block|pff_offense_blocking_snap_counts_ce|pff_offense_blocking_snap_counts_lg|pff_offense_blocking_snap_counts_lt|pff_offense_blocking_snap_counts_offense|pff_offense_blocking_snap_counts_pass_block|pff_offense_blocking_snap_counts_pass_play|pff_offense_blocking_snap_counts_rg|pff_offense_blocking_snap_counts_rt|pff_offense_blocking_snap_counts_run_block|pff_offense_blocking_snap_counts_te,0.0,0.0,4.1,,56.9
382,Ralen Goforth,LB,LB,Washington,GB,,,,0.025,0.017,0.002,0.027,,0,0.027,0.68,0.333,1,1,missing_pick;missing_age;too_few_football_features,ras_score,0.008,0.008,7.81,,
383,Jamie Sheriff,LB,LB,South Alabama; Mississippi Gulf Coast CC,SEA,,,,0.025,0.017,0.001,0.026,,0,0.026,0.68,0.667,2,1,missing_pick;missing_age;too_few_football_features,ras_score|pffx_g_off,0.012,0.012,7.91,,60.0
384,Javion Cohen,G,OL,Miami; Alabama,CLE,,,,0.045,-0.117,-0.019,0.026,,0,0.026,0.815,0.5,27,1,missing_pick;missing_age,ras_score|pffx_g_off|pff_offense_blocking_block_percent|pff_offense_blocking_declined_penalties|pff_offense_blocking_grades_offense|pff_offense_blocking_grades_pass_block|pff_offense_blocking_grades_run_block|pff_offense_blocking_hits_allowed|pff_offense_blocking_hurries_allowed|pff_offense_blocking_non_spike_pass_block|pff_offense_blocking_non_spike_pass_block_percentage|pff_offense_blocking_pass_block_percent|pff_offense_blocking_pbe|pff_offense_blocking_penalties|pff_offense_blocking_pressures_allowed|pff_offense_blocking_sacks_allowed|pff_offense_blocking_snap_counts_block|pff_offense_blocking_snap_counts_ce|pff_offense_blocking_snap_counts_lg|pff_offense_blocking_snap_counts_lt|pff_offense_blocking_snap_counts_offense|pff_offense_blocking_snap_counts_pass_block|pff_offense_blocking_snap_counts_pass_play|pff_offense_blocking_snap_counts_rg|pff_offense_blocking_snap_counts_rt|pff_offense_blocking_snap_counts_run_block|pff_offense_blocking_snap_counts_te,0.0,0.0,5.58,,59.4
385,Julian Pearl,OT,OL,Illinois,CLE,,,,0.045,-0.118,-0.019,0.026,,0,0.026,0.78,0.481,26,1,missing_pick;missing_age;missing_ras,pffx_g_off|pff_offense_blocking_block_percent|pff_offense_blocking_declined_penalties|pff_offense_blocking_grades_offense|pff_offense_blocking_grades_pass_block|pff_offense_blocking_grades_run_block|pff_offense_blocking_hits_allowed|pff_offense_blocking_hurries_allowed|pff_offense_blocking_non_spike_pass_block|pff_offense_blocking_non_spike_pass_block_percentage|pff_offense_blocking_pass_block_percent|pff_offense_blocking_pbe|pff_offense_blocking_penalties|pff_offense_blocking_pressures_allowed|pff_offense_blocking_sacks_allowed|pff_offense_blocking_snap_counts_block|pff_offense_blocking_snap_counts_ce|pff_offense_blocking_snap_counts_lg|pff_offense_blocking_snap_counts_lt|pff_offense_blocking_snap_counts_offense|pff_offense_blocking_snap_counts_pass_block|pff_offense_blocking_snap_counts_pass_play|pff_offense_blocking_snap_counts_rg|pff_offense_blocking_snap_counts_rt|pff_offense_blocking_snap_counts_run_block|pff_offense_blocking_snap_counts_te,0.012,0.012,,,66.2
386,John Jackson,WR,WR,Nevada; USC,CHI,,,,0.045,-0.121,-0.019,0.026,,0,0.026,0.815,0.949,614,1,missing_pick;missing_age,ras_score|pffx_yprr|pffx_g_off|pff_receiving_concept_base_targets|pff_receiving_concept_declined_penalties|pff_receiving_concept_penalties|pff_receiving_concept_screen_avg_depth_of_target|pff_receiving_concept_screen_avoided_tackles|pff_receiving_concept_screen_caught_percent|pff_receiving_concept_screen_contested_receptions|pff_receiving_concept_screen_contested_targets|pff_receiving_concept_screen_drop_rate|pff_receiving_concept_screen_drops|pff_receiving_concept_screen_epa|pff_receiving_concept_screen_first_downs|pff_receiving_concept_screen_fumbles|pff_receiving_concept_screen_grades_hands_drop|pff_receiving_concept_screen_grades_pass_route|pff_receiving_concept_screen_interceptions|pff_receiving_concept_screen_longest|pff_receiving_concept_screen_pass_block_rate|pff_receiving_concept_screen_pass_blocks|pff_receiving_concept_screen_pass_plays|pff_receiving_concept_screen_positive_epa_percent|pff_receiving_concept_screen_receptions|pff_receiving_concept_screen_route_rate|pff_receiving_concept_screen_routes|pff_receiving_concept_screen_targeted_qb_rating|pff_receiving_concept_screen_targets|pff_receiving_concept_screen_targets_percent|pff_receiving_concept_screen_touchdowns|pff_receiving_concept_screen_yards|pff_receiving_concept_screen_yards_after_catch|pff_receiving_concept_screen_yards_after_catch_per_reception|pff_receiving_concept_screen_yards_per_reception,0.0,0.0,1.83,10.57,58.6
387,Patrick McMorris,DB,DB,California,MIA,6.0,198.0,22.0,0.05,-0.273,-0.025,0.025,,0,0.025,0.75,0.333,1,1,too_few_football_features,ras_score|age,0.135,0.066,3.72,,
388,Tyler Manoa,DT,DL,Arizona; UCLA,LV,,,,0.035,-0.109,-0.01,0.025,,0,0.025,0.68,0.667,2,1,missing_pick;missing_age;too_few_football_features,ras_score|pffx_g_off,0.009,0.009,3.35,,77.6
389,DaShaun White,LB,LB,Oklahoma,SF,,,,0.025,0,0,0.025,,0,0.025,0.11,0,0,1,missing_pick;missing_age;missing_ras;too_few_football_features;low_position_feature_completeness,,0.003,0.003,,,
390,Maxwell Tooley,LB,LB,BYU,MIN,,,,0.025,0,0,0.025,,0,0.025,0.11,0,0,1,missing_pick;missing_age;missing_ras;too_few_football_features;low_position_feature_completeness,,0.003,0.003,,,
391,Dondrea Tillman,LB,LB,"Indiana PA,  University of",DEN,,,,0.025,0,0,0.025,,0,0.025,0.11,0,0,1,missing_pick;missing_age;missing_ras;too_few_football_features;low_position_feature_completeness,,0.003,0.003,,,
392,Frank Crum,OT,OL,Wyoming,DEN,,,,0.045,-0.126,-0.02,0.025,,0,0.025,0.815,0.5,27,1,missing_pick;missing_age,ras_score|pffx_g_off|pff_offense_blocking_block_percent|pff_offense_blocking_declined_penalties|pff_offense_blocking_grades_offense|pff_offense_blocking_grades_pass_block|pff_offense_blocking_grades_run_block|pff_offense_blocking_hits_allowed|pff_offense_blocking_hurries_allowed|pff_offense_blocking_non_spike_pass_block|pff_offense_blocking_non_spike_pass_block_percentage|pff_offense_blocking_pass_block_percent|pff_offense_blocking_pbe|pff_offense_blocking_penalties|pff_offense_blocking_pressures_allowed|pff_offense_blocking_sacks_allowed|pff_offense_blocking_snap_counts_block|pff_offense_blocking_snap_counts_ce|pff_offense_blocking_snap_counts_lg|pff_offense_blocking_snap_counts_lt|pff_offense_blocking_snap_counts_offense|pff_offense_blocking_snap_counts_pass_block|pff_offense_blocking_snap_counts_pass_play|pff_offense_blocking_snap_counts_rg|pff_offense_blocking_snap_counts_rt|pff_offense_blocking_snap_counts_run_block|pff_offense_blocking_snap_counts_te,0.012,0.012,9.86,,66.9
393,Cody Schrader,RB,RB,Missouri; Truman State University,DEN,,,,0.015,0.061,0.01,0.025,,0,0.025,0.815,0.843,580,1,missing_pick;missing_age,ras_score|pffx_yprr|pffx_g_off|pff_receiving_concept_base_targets|pff_receiving_concept_declined_penalties|pff_receiving_concept_penalties|pff_receiving_concept_screen_avoided_tackles|pff_receiving_concept_screen_contested_receptions|pff_receiving_concept_screen_contested_targets|pff_receiving_concept_screen_drops|pff_receiving_concept_screen_epa|pff_receiving_concept_screen_first_downs|pff_receiving_concept_screen_fumbles|pff_receiving_concept_screen_grades_pass_route|pff_receiving_concept_screen_interceptions|pff_receiving_concept_screen_longest|pff_receiving_concept_screen_pass_block_rate|pff_receiving_concept_screen_pass_blocks|pff_receiving_concept_screen_pass_plays|pff_receiving_concept_screen_positive_epa_percent|pff_receiving_concept_screen_receptions|pff_receiving_concept_screen_route_rate|pff_receiving_concept_screen_routes|pff_receiving_concept_screen_targeted_qb_rating|pff_receiving_concept_screen_targets|pff_receiving_concept_screen_targets_percent|pff_receiving_concept_screen_touchdowns|pff_receiving_concept_screen_yards|pff_receiving_concept_screen_yards_after_catch|pff_receiving_concept_screen_yprr|pff_receiving_concept_slot_avg_depth_of_target|pff_receiving_concept_slot_avoided_tackles|pff_receiving_concept_slot_caught_percent|pff_receiving_concept_slot_contested_receptions|pff_receiving_concept_slot_contested_targets,0.009,0.009,2.33,38.0,83.3
394,Jaxon Janke,WR,WR,South Dakota State,HOU,,,,0.045,-0.227,-0.02,0.025,,0,0.025,0.148,0.002,1,1,missing_pick;missing_age;too_few_football_features;low_position_feature_completeness,ras_score,0.0,0.0,6.69,,
395,Dillon Johnson,RB,RB,Washington; Mississippi State,CAR,,,,0.015,0.056,0.009,0.024,,0,0.024,0.815,0.812,559,1,missing_pick;missing_age,ras_score|pffx_yprr|pffx_g_off|pff_receiving_concept_base_targets|pff_receiving_concept_declined_penalties|pff_receiving_concept_penalties|pff_receiving_concept_screen_avg_depth_of_target|pff_receiving_concept_screen_avoided_tackles|pff_receiving_concept_screen_caught_percent|pff_receiving_concept_screen_contested_receptions|pff_receiving_concept_screen_contested_targets|pff_receiving_concept_screen_drop_rate|pff_receiving_concept_screen_drops|pff_receiving_concept_screen_epa|pff_receiving_concept_screen_first_downs|pff_receiving_concept_screen_fumbles|pff_receiving_concept_screen_grades_hands_drop|pff_receiving_concept_screen_grades_pass_route|pff_receiving_concept_screen_interceptions|pff_receiving_concept_screen_longest|pff_receiving_concept_screen_pass_block_rate|pff_receiving_concept_screen_pass_blocks|pff_receiving_concept_screen_pass_plays|pff_receiving_concept_screen_positive_epa_percent|pff_receiving_concept_screen_receptions|pff_receiving_concept_screen_route_rate|pff_receiving_concept_screen_routes|pff_receiving_concept_screen_targeted_qb_rating|pff_receiving_concept_screen_targets|pff_receiving_concept_screen_targets_percent|pff_receiving_concept_screen_touchdowns|pff_receiving_concept_screen_yards|pff_receiving_concept_screen_yards_after_catch|pff_receiving_concept_screen_yards_after_catch_per_reception|pff_receiving_concept_screen_yards_per_reception,0.0,0.0,6.77,8.94,90.2
396,Andrew Raym,C,OL,Oklahoma,CAR,,,,0.045,-0.131,-0.021,0.024,,0,0.024,0.815,0.5,27,1,missing_pick;missing_age,ras_score|pffx_g_off|pff_offense_blocking_block_percent|pff_offense_blocking_declined_penalties|pff_offense_blocking_grades_offense|pff_offense_blocking_grades_pass_block|pff_offense_blocking_grades_run_block|pff_offense_blocking_hits_allowed|pff_offense_blocking_hurries_allowed|pff_offense_blocking_non_spike_pass_block|pff_offense_blocking_non_spike_pass_block_percentage|pff_offense_blocking_pass_block_percent|pff_offense_blocking_pbe|pff_offense_blocking_penalties|pff_offense_blocking_pressures_allowed|pff_offense_blocking_sacks_allowed|pff_offense_blocking_snap_counts_block|pff_offense_blocking_snap_counts_ce|pff_offense_blocking_snap_counts_lg|pff_offense_blocking_snap_counts_lt|pff_offense_blocking_snap_counts_offense|pff_offense_blocking_snap_counts_pass_block|pff_offense_blocking_snap_counts_pass_play|pff_offense_blocking_snap_counts_rg|pff_offense_blocking_snap_counts_rt|pff_offense_blocking_snap_counts_run_block|pff_offense_blocking_snap_counts_te,0.003,0.003,2.28,,63.5
397,McCallan Castles,TE,TE,Tennessee; UC Davis; California,GB,,,,0.015,0.056,0.009,0.024,,0,0.024,0.815,0.894,601,1,missing_pick;missing_age,ras_score|pffx_yprr|pffx_g_off|pff_offense_blocking_block_percent|pff_offense_blocking_declined_penalties|pff_offense_blocking_grades_offense|pff_offense_blocking_grades_pass_block|pff_offense_blocking_grades_run_block|pff_offense_blocking_hits_allowed|pff_offense_blocking_hurries_allowed|pff_offense_blocking_non_spike_pass_block|pff_offense_blocking_non_spike_pass_block_percentage|pff_offense_blocking_pass_block_percent|pff_offense_blocking_pbe|pff_offense_blocking_penalties|pff_offense_blocking_pressures_allowed|pff_offense_blocking_sacks_allowed|pff_offense_blocking_snap_counts_block|pff_offense_blocking_snap_counts_ce|pff_offense_blocking_snap_counts_lg|pff_offense_blocking_snap_counts_lt|pff_offense_blocking_snap_counts_offense|pff_offense_blocking_snap_counts_pass_block|pff_offense_blocking_snap_counts_pass_play|pff_offense_blocking_snap_counts_rg|pff_offense_blocking_snap_counts_rt|pff_offense_blocking_snap_counts_run_block|pff_offense_blocking_snap_counts_te|pff_receiving_concept_base_targets|pff_receiving_concept_declined_penalties|pff_receiving_concept_penalties|pff_receiving_concept_screen_avg_depth_of_target|pff_receiving_concept_screen_avoided_tackles|pff_receiving_concept_screen_caught_percent|pff_receiving_concept_screen_contested_receptions,0.009,0.009,8.59,29.0,66.9
398,Fabien Lovett Sr.,DT,DL,Florida State; Mississippi State,NE,,,,0.035,-0.123,-0.011,0.024,,0,0.024,0.68,0.333,1,1,missing_pick;missing_age;too_few_football_features,ras_score,0.0,0.0,6.95,,
399,Kendell Brooks,SAF,DB,Michigan State; North Greenville College,TEN,,,,0.03,-0.071,-0.006,0.024,,0,0.024,0.645,0.333,1,1,missing_pick;missing_age;missing_ras;too_few_football_features,pffx_g_off,0.003,0.003,,,60.0
400,Tyler Owens,DB,DB,Texas Tech; Texas,WAS,,,,0.03,-0.071,-0.006,0.024,,0,0.024,0.645,0.333,1,1,missing_pick;missing_age;missing_ras;too_few_football_features,pffx_g_off,0.003,0.003,,,60.0
401,Tra Fluellen,SAF,DB,Middle Tennessee State,NO,,,,0.03,-0.071,-0.006,0.024,,0,0.024,0.645,0.333,1,1,missing_pick;missing_age;missing_ras;too_few_football_features,pffx_g_off,0.003,0.003,,,60.0
402,Douglas Coleman III,DB,DB,Texas Tech,CHI,,,,0.03,-0.071,-0.006,0.024,,0,0.024,0.645,0.333,1,1,missing_pick;missing_age;missing_ras;too_few_football_features,pffx_g_off,0.003,0.003,,,60.0
403,Nick Gargiulo,OL,OL,South Carolina,DEN,7.0,256.0,24.0,0.065,-0.149,-0.042,0.023,,0,0.023,0.85,0.5,27,1,,ras_score|pffx_g_off|pff_offense_blocking_block_percent|pff_offense_blocking_declined_penalties|pff_offense_blocking_grades_offense|pff_offense_blocking_grades_pass_block|pff_offense_blocking_grades_run_block|pff_offense_blocking_hits_allowed|pff_offense_blocking_hurries_allowed|pff_offense_blocking_non_spike_pass_block|pff_offense_blocking_non_spike_pass_block_percentage|pff_offense_blocking_pass_block_percent|pff_offense_blocking_pbe|pff_offense_blocking_penalties|pff_offense_blocking_pressures_allowed|pff_offense_blocking_sacks_allowed|pff_offense_blocking_snap_counts_block|pff_offense_blocking_snap_counts_ce|pff_offense_blocking_snap_counts_lg|pff_offense_blocking_snap_counts_lt|pff_offense_blocking_snap_counts_offense|pff_offense_blocking_snap_counts_pass_block|pff_offense_blocking_snap_counts_pass_play|pff_offense_blocking_snap_counts_rg|pff_offense_blocking_snap_counts_rt|pff_offense_blocking_snap_counts_run_block|pff_offense_blocking_snap_counts_te|age,0.009,0.016,9.45,,55.2
404,Jaden Davis,DB,DB,Miami (FL),ARI,7.0,226.0,23.0,0.05,-0.297,-0.027,0.023,,0,0.023,0.75,0.333,1,1,too_few_football_features,ras_score|age,0.073,0.041,5.49,,
405,Michael Barrett,LB,LB,Michigan,CAR,7.0,240.0,24.0,0.045,-0.241,-0.022,0.023,,0,0.023,0.75,0.667,2,1,too_few_football_features,ras_score|pffx_g_off|age,0.012,0.017,3.83,,64.2
406,Taki Taimani,DL,DL,Oregon; Washington,MIN,,,,0.035,-0.13,-0.012,0.023,,0,0.023,0.645,0.333,1,1,missing_pick;missing_age;missing_ras;too_few_football_features,pffx_g_off,0.003,0.003,,,60.0
407,Terique Owens,WR,WR,Missouri State; Florida Atlantic,SF,,,,0.045,-0.242,-0.022,0.023,,0,0.023,0.148,0.002,1,1,missing_pick;missing_age;too_few_football_features;low_position_feature_completeness,ras_score,0.0,0.0,6.66,,
408,Treyton Welch,TE,TE,Wyoming,NO,,,,0.015,0.05,0.008,0.023,,0,0.023,0.815,0.9,605,1,missing_pick;missing_age,ras_score|pffx_yprr|pffx_g_off|pff_offense_blocking_block_percent|pff_offense_blocking_declined_penalties|pff_offense_blocking_grades_offense|pff_offense_blocking_grades_pass_block|pff_offense_blocking_grades_run_block|pff_offense_blocking_hits_allowed|pff_offense_blocking_hurries_allowed|pff_offense_blocking_non_spike_pass_block|pff_offense_blocking_non_spike_pass_block_percentage|pff_offense_blocking_pass_block_percent|pff_offense_blocking_pbe|pff_offense_blocking_penalties|pff_offense_blocking_pressures_allowed|pff_offense_blocking_sacks_allowed|pff_offense_blocking_snap_counts_block|pff_offense_blocking_snap_counts_ce|pff_offense_blocking_snap_counts_lg|pff_offense_blocking_snap_counts_lt|pff_offense_blocking_snap_counts_offense|pff_offense_blocking_snap_counts_pass_block|pff_offense_blocking_snap_counts_pass_play|pff_offense_blocking_snap_counts_rg|pff_offense_blocking_snap_counts_rt|pff_offense_blocking_snap_counts_run_block|pff_offense_blocking_snap_counts_te|pff_receiving_concept_base_targets|pff_receiving_concept_declined_penalties|pff_receiving_concept_penalties|pff_receiving_concept_screen_avg_depth_of_target|pff_receiving_concept_screen_avoided_tackles|pff_receiving_concept_screen_caught_percent|pff_receiving_concept_screen_contested_receptions,0.009,0.009,8.75,16.0,68.5
409,Xavier Johnson,WR,WR,Ohio State,CIN,,,,0.045,-0.138,-0.022,0.023,,0,0.023,0.815,0.93,602,1,missing_pick;missing_age,ras_score|pffx_yprr|pffx_g_off|pff_receiving_concept_base_targets|pff_receiving_concept_declined_penalties|pff_receiving_concept_penalties|pff_receiving_concept_screen_avg_depth_of_target|pff_receiving_concept_screen_avoided_tackles|pff_receiving_concept_screen_caught_percent|pff_receiving_concept_screen_contested_receptions|pff_receiving_concept_screen_contested_targets|pff_receiving_concept_screen_drop_rate|pff_receiving_concept_screen_drops|pff_receiving_concept_screen_epa|pff_receiving_concept_screen_first_downs|pff_receiving_concept_screen_fumbles|pff_receiving_concept_screen_grades_hands_drop|pff_receiving_concept_screen_grades_pass_route|pff_receiving_concept_screen_interceptions|pff_receiving_concept_screen_longest|pff_receiving_concept_screen_pass_block_rate|pff_receiving_concept_screen_pass_blocks|pff_receiving_concept_screen_pass_plays|pff_receiving_concept_screen_positive_epa_percent|pff_receiving_concept_screen_receptions|pff_receiving_concept_screen_route_rate|pff_receiving_concept_screen_routes|pff_receiving_concept_screen_targeted_qb_rating|pff_receiving_concept_screen_targets|pff_receiving_concept_screen_targets_percent|pff_receiving_concept_screen_touchdowns|pff_receiving_concept_screen_yards|pff_receiving_concept_screen_yards_after_catch|pff_receiving_concept_screen_yards_after_catch_per_reception|pff_receiving_concept_screen_yards_per_reception,0.008,0.008,5.82,15.0,70.8
410,Khristian Boyd,DL,DL,Northern Iowa,NOR,6.0,199.0,24.0,0.055,-0.357,-0.032,0.023,,0,0.023,0.75,0.333,1,1,too_few_football_features,ras_score|age,0.079,0.044,4.63,,
411,Ovie Oghoufo,DE,DL,LSU; Texas; Notre Dame,LV,,,,0.035,-0.138,-0.012,0.023,,0,0.023,0.68,0.333,1,1,missing_pick;missing_age;too_few_football_features,ras_score,0.0,0.0,6.57,,
412,Mike Edwards,OL,OL,Campbell University; Wake Forest,BUF,,,,0.045,-0.256,-0.023,0.022,,0,0.022,0.182,0.019,1,1,missing_pick;missing_age;too_few_football_features;low_position_feature_completeness,ras_score,0.0,0.0,6.2,,
413,Jack Westover,TE,TE,Washington,NE,,,,0.015,0.043,0.007,0.022,,0,0.022,0.78,0.884,594,1,missing_pick;missing_age;missing_ras,pffx_yprr|pffx_g_off|pff_offense_blocking_block_percent|pff_offense_blocking_declined_penalties|pff_offense_blocking_grades_offense|pff_offense_blocking_grades_pass_block|pff_offense_blocking_grades_run_block|pff_offense_blocking_hits_allowed|pff_offense_blocking_hurries_allowed|pff_offense_blocking_non_spike_pass_block|pff_offense_blocking_non_spike_pass_block_percentage|pff_offense_blocking_pass_block_percent|pff_offense_blocking_pbe|pff_offense_blocking_penalties|pff_offense_blocking_pressures_allowed|pff_offense_blocking_sacks_allowed|pff_offense_blocking_snap_counts_block|pff_offense_blocking_snap_counts_ce|pff_offense_blocking_snap_counts_lg|pff_offense_blocking_snap_counts_lt|pff_offense_blocking_snap_counts_offense|pff_offense_blocking_snap_counts_pass_block|pff_offense_blocking_snap_counts_pass_play|pff_offense_blocking_snap_counts_rg|pff_offense_blocking_snap_counts_rt|pff_offense_blocking_snap_counts_run_block|pff_offense_blocking_snap_counts_te|pff_receiving_concept_base_targets|pff_receiving_concept_declined_penalties|pff_receiving_concept_penalties|pff_receiving_concept_screen_avg_depth_of_target|pff_receiving_concept_screen_avoided_tackles|pff_receiving_concept_screen_caught_percent|pff_receiving_concept_screen_contested_receptions|pff_receiving_concept_screen_contested_targets,0.012,0.012,,12.36,74.5
414,Keilan Robinson,RB,RB,Texas,JAX,5.0,167.0,24.0,0.035,-0.047,-0.013,0.022,,0,0.022,0.85,0.757,521,1,,ras_score|pffx_yprr|pffx_g_off|pff_receiving_concept_base_targets|pff_receiving_concept_declined_penalties|pff_receiving_concept_penalties|pff_receiving_concept_screen_avg_depth_of_target|pff_receiving_concept_screen_avoided_tackles|pff_receiving_concept_screen_caught_percent|pff_receiving_concept_screen_contested_receptions|pff_receiving_concept_screen_contested_targets|pff_receiving_concept_screen_drop_rate|pff_receiving_concept_screen_drops|pff_receiving_concept_screen_epa|pff_receiving_concept_screen_first_downs|pff_receiving_concept_screen_fumbles|pff_receiving_concept_screen_grades_hands_drop|pff_receiving_concept_screen_grades_pass_route|pff_receiving_concept_screen_interceptions|pff_receiving_concept_screen_longest|pff_receiving_concept_screen_pass_block_rate|pff_receiving_concept_screen_pass_blocks|pff_receiving_concept_screen_pass_plays|pff_receiving_concept_screen_positive_epa_percent|pff_receiving_concept_screen_receptions|pff_receiving_concept_screen_route_rate|pff_receiving_concept_screen_routes|pff_receiving_concept_screen_targeted_qb_rating|pff_receiving_concept_screen_targets|pff_receiving_concept_screen_targets_percent|pff_receiving_concept_screen_touchdowns|pff_receiving_concept_screen_yards|pff_receiving_concept_screen_yards_after_catch|pff_receiving_concept_screen_yards_after_catch_per_reception|pff_receiving_concept_screen_yards_per_reception,0.049,0.032,7.32,7.0,85.7
415,Ryan Sanborn,P,ST,Texas; Stanford,LA,,,,0.005,0.182,0.016,0.021,,0,0.021,0.645,0.333,1,1,missing_pick;missing_age;missing_ras;too_few_football_features,pffx_g_off,0.012,0.012,,,69.8
416,Omar Brown,DB,DB,Nebraska,MIA,,,,0.03,-0.096,-0.009,0.021,,0,0.021,0.68,0.333,1,1,missing_pick;missing_age;too_few_football_features,ras_score,0.0,0.0,6.58,,
417,Isaiah Iton,DE,DL,Rutgers; Hutchinson CC,NE,,,,0.035,-0.152,-0.014,0.021,,0,0.021,0.68,0.333,1,1,missing_pick;missing_age;too_few_football_features,ras_score,0.0,0.0,6.22,,
418,Dell Pettus,SAF,DB,Troy,NE,,,,0.03,-0.098,-0.009,0.021,,0,0.021,0.68,0.667,2,1,missing_pick;missing_age;too_few_football_features,ras_score|pffx_g_off,0.0,0.0,6.41,,60.0
419,Dylan Laube,RB,RB,New Hampshire,LVR,6.0,208.0,24.0,0.035,-0.157,-0.014,0.021,,0,0.021,0.221,0.003,2,1,too_few_football_features;low_position_feature_completeness,ras_score|pffx_g_off|age,0.038,0.027,8.78,,63.8
420,Jaylen Mahoney,SAF,DB,Vanderbilt,NYJ,,,,0.03,-0.107,-0.01,0.02,,0,0.02,0.68,0.667,2,1,missing_pick;missing_age;too_few_football_features,ras_score|pffx_g_off,0.0,0.0,6.4,,60.0
421,Elias Neal,LB,LB,Marshall,LA,,,,0.025,-0.054,-0.005,0.02,,0,0.02,0.645,0.333,1,1,missing_pick;missing_age;missing_ras;too_few_football_features,pffx_g_off,0.012,0.012,,,60.0
422,Frank Gore Jr.,RB,RB,Southern Mississippi,BUF,,,,0.015,0.03,0.005,0.02,,0,0.02,0.815,0.84,578,1,missing_pick;missing_age,ras_score|pffx_yprr|pffx_g_off|pff_receiving_concept_base_targets|pff_receiving_concept_declined_penalties|pff_receiving_concept_penalties|pff_receiving_concept_screen_avg_depth_of_target|pff_receiving_concept_screen_avoided_tackles|pff_receiving_concept_screen_caught_percent|pff_receiving_concept_screen_contested_receptions|pff_receiving_concept_screen_contested_targets|pff_receiving_concept_screen_drop_rate|pff_receiving_concept_screen_drops|pff_receiving_concept_screen_epa|pff_receiving_concept_screen_first_downs|pff_receiving_concept_screen_fumbles|pff_receiving_concept_screen_grades_hands_drop|pff_receiving_concept_screen_grades_pass_route|pff_receiving_concept_screen_interceptions|pff_receiving_concept_screen_longest|pff_receiving_concept_screen_pass_block_rate|pff_receiving_concept_screen_pass_blocks|pff_receiving_concept_screen_pass_plays|pff_receiving_concept_screen_positive_epa_percent|pff_receiving_concept_screen_receptions|pff_receiving_concept_screen_route_rate|pff_receiving_concept_screen_routes|pff_receiving_concept_screen_targeted_qb_rating|pff_receiving_concept_screen_targets|pff_receiving_concept_screen_targets_percent|pff_receiving_concept_screen_touchdowns|pff_receiving_concept_screen_yards|pff_receiving_concept_screen_yards_after_catch|pff_receiving_concept_screen_yards_after_catch_per_reception|pff_receiving_concept_screen_yards_per_reception,0.0,0.0,0.6,7.95,90.6
423,Kingsley Eguakun,C,OL,Florida,CLE,,,,0.045,-0.158,-0.025,0.02,,0,0.02,0.815,0.5,27,1,missing_pick;missing_age,ras_score|pffx_g_off|pff_offense_blocking_block_percent|pff_offense_blocking_declined_penalties|pff_offense_blocking_grades_offense|pff_offense_blocking_grades_pass_block|pff_offense_blocking_grades_run_block|pff_offense_blocking_hits_allowed|pff_offense_blocking_hurries_allowed|pff_offense_blocking_non_spike_pass_block|pff_offense_blocking_non_spike_pass_block_percentage|pff_offense_blocking_pass_block_percent|pff_offense_blocking_pbe|pff_offense_blocking_penalties|pff_offense_blocking_pressures_allowed|pff_offense_blocking_sacks_allowed|pff_offense_blocking_snap_counts_block|pff_offense_blocking_snap_counts_ce|pff_offense_blocking_snap_counts_lg|pff_offense_blocking_snap_counts_lt|pff_offense_blocking_snap_counts_offense|pff_offense_blocking_snap_counts_pass_block|pff_offense_blocking_snap_counts_pass_play|pff_offense_blocking_snap_counts_rg|pff_offense_blocking_snap_counts_rt|pff_offense_blocking_snap_counts_run_block|pff_offense_blocking_snap_counts_te,0.009,0.009,9.12,,60.4
424,Darius Muasau,LB,LB,UCLA,NYG,6.0,183.0,23.0,0.045,-0.281,-0.025,0.02,,0,0.02,0.75,0.333,1,1,too_few_football_features,ras_score|age,0.07,0.268,5.73,,
425,Sataoa Laumea,OL,OL,Utah,SEA,6.0,179.0,23.0,0.065,-0.162,-0.045,0.02,,0,0.02,0.85,0.481,26,1,missing_ras,pffx_g_off|pff_offense_blocking_block_percent|pff_offense_blocking_declined_penalties|pff_offense_blocking_grades_offense|pff_offense_blocking_grades_pass_block|pff_offense_blocking_grades_run_block|pff_offense_blocking_hits_allowed|pff_offense_blocking_hurries_allowed|pff_offense_blocking_non_spike_pass_block|pff_offense_blocking_non_spike_pass_block_percentage|pff_offense_blocking_pass_block_percent|pff_offense_blocking_pbe|pff_offense_blocking_penalties|pff_offense_blocking_pressures_allowed|pff_offense_blocking_sacks_allowed|pff_offense_blocking_snap_counts_block|pff_offense_blocking_snap_counts_ce|pff_offense_blocking_snap_counts_lg|pff_offense_blocking_snap_counts_lt|pff_offense_blocking_snap_counts_offense|pff_offense_blocking_snap_counts_pass_block|pff_offense_blocking_snap_counts_pass_play|pff_offense_blocking_snap_counts_rg|pff_offense_blocking_snap_counts_rt|pff_offense_blocking_snap_counts_run_block|pff_offense_blocking_snap_counts_te|age,0.085,0.106,,,65.4
426,George Holani,RB,RB,Boise State,SEA,,,,0.015,0.025,0.004,0.019,,0,0.019,0.815,0.866,596,1,missing_pick;missing_age,ras_score|pffx_yprr|pffx_g_off|pff_receiving_concept_base_targets|pff_receiving_concept_declined_penalties|pff_receiving_concept_penalties|pff_receiving_concept_screen_avg_depth_of_target|pff_receiving_concept_screen_avoided_tackles|pff_receiving_concept_screen_caught_percent|pff_receiving_concept_screen_contested_receptions|pff_receiving_concept_screen_contested_targets|pff_receiving_concept_screen_drop_rate|pff_receiving_concept_screen_drops|pff_receiving_concept_screen_epa|pff_receiving_concept_screen_first_downs|pff_receiving_concept_screen_fumbles|pff_receiving_concept_screen_grades_hands_drop|pff_receiving_concept_screen_grades_pass_route|pff_receiving_concept_screen_interceptions|pff_receiving_concept_screen_longest|pff_receiving_concept_screen_pass_block_rate|pff_receiving_concept_screen_pass_blocks|pff_receiving_concept_screen_pass_plays|pff_receiving_concept_screen_positive_epa_percent|pff_receiving_concept_screen_receptions|pff_receiving_concept_screen_route_rate|pff_receiving_concept_screen_routes|pff_receiving_concept_screen_targeted_qb_rating|pff_receiving_concept_screen_targets|pff_receiving_concept_screen_targets_percent|pff_receiving_concept_screen_touchdowns|pff_receiving_concept_screen_yards|pff_receiving_concept_screen_yards_after_catch|pff_receiving_concept_screen_yards_after_catch_per_reception|pff_receiving_concept_screen_yards_per_reception,0.0,0.0,8.35,17.0,86.6
427,K.J. Cloyd,LB,LB,Miami; Louisville,DEN,,,,0.025,-0.069,-0.006,0.019,,0,0.019,0.68,0.333,1,1,missing_pick;missing_age;too_few_football_features,ras_score,0.008,0.008,7.33,,
428,John Rhys Plumlee,WR,WR,UCF; Mississippi,PIT,,,,0.045,-0.167,-0.027,0.018,,0,0.018,0.154,0.005,3,1,missing_pick;missing_age;thin_football_features;low_position_feature_completeness,ras_score|pffx_yprr|pffx_g_off,0.003,0.003,8.81,0.0,91.2
429,Karsen Barnhart,G,OL,Michigan,GB,,,,0.045,-0.175,-0.028,0.017,,0,0.017,0.815,0.5,27,1,missing_pick;missing_age,ras_score|pffx_g_off|pff_offense_blocking_block_percent|pff_offense_blocking_declined_penalties|pff_offense_blocking_grades_offense|pff_offense_blocking_grades_pass_block|pff_offense_blocking_grades_run_block|pff_offense_blocking_hits_allowed|pff_offense_blocking_hurries_allowed|pff_offense_blocking_non_spike_pass_block|pff_offense_blocking_non_spike_pass_block_percentage|pff_offense_blocking_pass_block_percent|pff_offense_blocking_pbe|pff_offense_blocking_penalties|pff_offense_blocking_pressures_allowed|pff_offense_blocking_sacks_allowed|pff_offense_blocking_snap_counts_block|pff_offense_blocking_snap_counts_ce|pff_offense_blocking_snap_counts_lg|pff_offense_blocking_snap_counts_lt|pff_offense_blocking_snap_counts_offense|pff_offense_blocking_snap_counts_pass_block|pff_offense_blocking_snap_counts_pass_play|pff_offense_blocking_snap_counts_rg|pff_offense_blocking_snap_counts_rt|pff_offense_blocking_snap_counts_run_block|pff_offense_blocking_snap_counts_te,0.012,0.012,8.86,,63.2
430,Khalid Duke,DE,DL,Kansas State,TEN,,,,0.035,-0.21,-0.019,0.016,,0,0.016,0.68,0.333,1,1,missing_pick;missing_age;too_few_football_features,ras_score,0.003,0.003,5.21,,
431,Trent Pennix,RB,RB,N.C. State,IND,,,,0.015,0.006,0.001,0.016,,0,0.016,0.78,0.83,571,1,missing_pick;missing_age;missing_ras,pffx_yprr|pffx_g_off|pff_receiving_concept_base_targets|pff_receiving_concept_declined_penalties|pff_receiving_concept_penalties|pff_receiving_concept_screen_avg_depth_of_target|pff_receiving_concept_screen_avoided_tackles|pff_receiving_concept_screen_caught_percent|pff_receiving_concept_screen_contested_receptions|pff_receiving_concept_screen_contested_targets|pff_receiving_concept_screen_drop_rate|pff_receiving_concept_screen_drops|pff_receiving_concept_screen_epa|pff_receiving_concept_screen_first_downs|pff_receiving_concept_screen_fumbles|pff_receiving_concept_screen_grades_hands_drop|pff_receiving_concept_screen_grades_pass_route|pff_receiving_concept_screen_interceptions|pff_receiving_concept_screen_longest|pff_receiving_concept_screen_pass_block_rate|pff_receiving_concept_screen_pass_blocks|pff_receiving_concept_screen_pass_plays|pff_receiving_concept_screen_positive_epa_percent|pff_receiving_concept_screen_receptions|pff_receiving_concept_screen_route_rate|pff_receiving_concept_screen_routes|pff_receiving_concept_screen_targeted_qb_rating|pff_receiving_concept_screen_targets|pff_receiving_concept_screen_targets_percent|pff_receiving_concept_screen_touchdowns|pff_receiving_concept_screen_yards|pff_receiving_concept_screen_yards_after_catch|pff_receiving_concept_screen_yards_after_catch_per_reception|pff_receiving_concept_screen_yards_per_reception|pff_receiving_concept_screen_yprr,0.023,0.023,,27.8,66.9
432,Jordan Miller,DT,DL,SMU; Miami,DEN,,,,0.035,-0.213,-0.019,0.016,,0,0.016,0.68,0.667,2,1,missing_pick;missing_age;too_few_football_features,ras_score|pffx_g_off,0.0,0.0,4.84,,60.0
433,Antonio Grier Jr.,LB,LB,Arkansas; University of South Florida,TB,,,,0.025,-0.103,-0.009,0.016,,0,0.016,0.68,0.333,1,1,missing_pick;missing_age;too_few_football_features,ras_score,0.008,0.008,7.19,,
434,Jason Maitre,CB,DB,Wisconsin; Boston College,MIA,,,,0.03,-0.163,-0.015,0.015,,0,0.015,0.68,0.333,1,1,missing_pick;missing_age;too_few_football_features,ras_score,0.0,0.0,6.28,,
435,Carl Jones,LB,LB,UCLA,BAL,,,,0.025,-0.11,-0.01,0.015,,0,0.015,0.68,0.667,2,1,missing_pick;missing_age;too_few_football_features,ras_score|pffx_g_off,0.008,0.008,6.7,,60.0
436,Jeremy Flax,OT,OL,Kentucky; Independence Comm. College,MIN,,,,0.045,-0.187,-0.03,0.015,,0,0.015,0.815,0.5,27,1,missing_pick;missing_age,ras_score|pffx_g_off|pff_offense_blocking_block_percent|pff_offense_blocking_declined_penalties|pff_offense_blocking_grades_offense|pff_offense_blocking_grades_pass_block|pff_offense_blocking_grades_run_block|pff_offense_blocking_hits_allowed|pff_offense_blocking_hurries_allowed|pff_offense_blocking_non_spike_pass_block|pff_offense_blocking_non_spike_pass_block_percentage|pff_offense_blocking_pass_block_percent|pff_offense_blocking_pbe|pff_offense_blocking_penalties|pff_offense_blocking_pressures_allowed|pff_offense_blocking_sacks_allowed|pff_offense_blocking_snap_counts_block|pff_offense_blocking_snap_counts_ce|pff_offense_blocking_snap_counts_lg|pff_offense_blocking_snap_counts_lt|pff_offense_blocking_snap_counts_offense|pff_offense_blocking_snap_counts_pass_block|pff_offense_blocking_snap_counts_pass_play|pff_offense_blocking_snap_counts_rg|pff_offense_blocking_snap_counts_rt|pff_offense_blocking_snap_counts_run_block|pff_offense_blocking_snap_counts_te,0.006,0.006,1.67,,62.4
437,Mason Pline,TE,TE,Furman; Ferris State,NO,,,,0.015,0,0,0.015,,0,0.015,0.11,0,0,1,missing_pick;missing_age;missing_ras;too_few_football_features;low_position_feature_completeness,,0.003,0.003,,,
438,Neal Johnson,TE,TE,Louisiana,NYJ,,,,0.015,-0.001,-0,0.015,,0,0.015,0.815,0.888,597,1,missing_pick;missing_age,ras_score|pffx_yprr|pffx_g_off|pff_offense_blocking_block_percent|pff_offense_blocking_declined_penalties|pff_offense_blocking_grades_offense|pff_offense_blocking_grades_pass_block|pff_offense_blocking_grades_run_block|pff_offense_blocking_hits_allowed|pff_offense_blocking_hurries_allowed|pff_offense_blocking_non_spike_pass_block|pff_offense_blocking_non_spike_pass_block_percentage|pff_offense_blocking_pass_block_percent|pff_offense_blocking_pbe|pff_offense_blocking_penalties|pff_offense_blocking_pressures_allowed|pff_offense_blocking_sacks_allowed|pff_offense_blocking_snap_counts_block|pff_offense_blocking_snap_counts_ce|pff_offense_blocking_snap_counts_lg|pff_offense_blocking_snap_counts_lt|pff_offense_blocking_snap_counts_offense|pff_offense_blocking_snap_counts_pass_block|pff_offense_blocking_snap_counts_pass_play|pff_offense_blocking_snap_counts_rg|pff_offense_blocking_snap_counts_rt|pff_offense_blocking_snap_counts_run_block|pff_offense_blocking_snap_counts_te|pff_receiving_concept_base_targets|pff_receiving_concept_declined_penalties|pff_receiving_concept_penalties|pff_receiving_concept_screen_avg_depth_of_target|pff_receiving_concept_screen_avoided_tackles|pff_receiving_concept_screen_caught_percent|pff_receiving_concept_screen_contested_receptions,0.0,0.0,3.78,15.73,61.7
439,Micah Abraham,CB,DB,Marshall,IND,6.0,201.0,23.0,0.05,-0.391,-0.035,0.015,,0,0.015,0.75,0.333,1,1,too_few_football_features,ras_score|age,0.086,0.046,3.7,,
440,Carson Steele,RB,RB,UCLA; Ball State,PHI,,,,0.015,-0.004,-0.001,0.014,,0,0.014,0.815,0.812,559,1,missing_pick;missing_age,ras_score|pffx_yprr|pffx_g_off|pff_receiving_concept_base_targets|pff_receiving_concept_declined_penalties|pff_receiving_concept_penalties|pff_receiving_concept_screen_avg_depth_of_target|pff_receiving_concept_screen_avoided_tackles|pff_receiving_concept_screen_caught_percent|pff_receiving_concept_screen_contested_catch_rate|pff_receiving_concept_screen_contested_receptions|pff_receiving_concept_screen_contested_targets|pff_receiving_concept_screen_drop_rate|pff_receiving_concept_screen_drops|pff_receiving_concept_screen_epa|pff_receiving_concept_screen_first_downs|pff_receiving_concept_screen_fumbles|pff_receiving_concept_screen_grades_hands_drop|pff_receiving_concept_screen_grades_pass_route|pff_receiving_concept_screen_interceptions|pff_receiving_concept_screen_longest|pff_receiving_concept_screen_pass_block_rate|pff_receiving_concept_screen_pass_blocks|pff_receiving_concept_screen_pass_plays|pff_receiving_concept_screen_positive_epa_percent|pff_receiving_concept_screen_receptions|pff_receiving_concept_screen_route_rate|pff_receiving_concept_screen_routes|pff_receiving_concept_screen_targeted_qb_rating|pff_receiving_concept_screen_targets|pff_receiving_concept_screen_targets_percent|pff_receiving_concept_screen_touchdowns|pff_receiving_concept_screen_yards|pff_receiving_concept_screen_yards_after_catch|pff_receiving_concept_screen_yards_after_catch_per_reception,0.0,0.0,7.57,8.18,85.7
441,Craig Young,LB,LB,Kansas; Ohio State,CIN,,,,0.025,-0.121,-0.011,0.014,,0,0.014,0.68,0.333,1,1,missing_pick;missing_age;too_few_football_features,ras_score,0.008,0.008,7.04,,
442,Kalen DeLoach,LB,LB,Florida State,JAX,,,,0.025,-0.121,-0.011,0.014,,0,0.014,0.68,0.667,2,1,missing_pick;missing_age;too_few_football_features,ras_score|pffx_g_off,0.008,0.008,6.54,,60.0
443,Jalen Jackson,RB,RB,Villanova,JAX,,,,0.015,-0.014,-0.001,0.014,,0,0.014,0.148,0.001,1,1,missing_pick;missing_age;too_few_football_features;low_position_feature_completeness,ras_score,0.0,0.0,7.23,,
444,David Olajiga,DT,DL,Central Missouri; Butler County JC,BAL,,,,0.035,-0.239,-0.022,0.013,,0,0.013,0.68,0.333,1,1,missing_pick;missing_age;too_few_football_features,ras_score,0.003,0.003,4.96,,
445,Chris Edmonds,DB,DB,Arizona State; Samford,CLE,,,,0.03,-0.184,-0.017,0.013,,0,0.013,0.68,0.667,2,1,missing_pick;missing_age;too_few_football_features,ras_score|pffx_g_off,0.0,0.0,5.63,,60.0
446,Jacob Kibodi,RB,RB,Lafayette College; Texas A&M,CLE,,,,0.015,-0.012,-0.002,0.013,,0,0.013,0.815,0.827,569,1,missing_pick;missing_age,ras_score|pffx_yprr|pffx_g_off|pff_receiving_concept_base_targets|pff_receiving_concept_declined_penalties|pff_receiving_concept_penalties|pff_receiving_concept_screen_avg_depth_of_target|pff_receiving_concept_screen_avoided_tackles|pff_receiving_concept_screen_caught_percent|pff_receiving_concept_screen_contested_receptions|pff_receiving_concept_screen_contested_targets|pff_receiving_concept_screen_drop_rate|pff_receiving_concept_screen_drops|pff_receiving_concept_screen_epa|pff_receiving_concept_screen_first_downs|pff_receiving_concept_screen_fumbles|pff_receiving_concept_screen_grades_hands_drop|pff_receiving_concept_screen_grades_pass_route|pff_receiving_concept_screen_interceptions|pff_receiving_concept_screen_longest|pff_receiving_concept_screen_pass_block_rate|pff_receiving_concept_screen_pass_blocks|pff_receiving_concept_screen_pass_plays|pff_receiving_concept_screen_positive_epa_percent|pff_receiving_concept_screen_receptions|pff_receiving_concept_screen_route_rate|pff_receiving_concept_screen_routes|pff_receiving_concept_screen_targeted_qb_rating|pff_receiving_concept_screen_targets|pff_receiving_concept_screen_targets_percent|pff_receiving_concept_screen_touchdowns|pff_receiving_concept_screen_yards|pff_receiving_concept_screen_yards_after_catch|pff_receiving_concept_screen_yards_after_catch_per_reception|pff_receiving_concept_screen_yards_per_reception,0.009,0.009,3.6,11.0,85.4
447,Dallas Gant,LB,LB,Toledo; Ohio State,PHI,,,,0.025,-0.133,-0.012,0.013,,0,0.013,0.68,0.667,2,1,missing_pick;missing_age;too_few_football_features,ras_score|pffx_g_off,0.008,0.008,6.36,,60.0
448,Solomon Byrd,DE,DL,USC,HOU,7.0,238.0,24.0,0.055,-0.473,-0.043,0.012,,0,0.012,0.75,0.333,1,1,too_few_football_features,ras_score|age,0.084,0.046,1.61,,
449,Andrew Coker,OL,OL,TCU,CIN,,,,0.045,-0.205,-0.033,0.012,,0,0.012,0.815,0.5,27,1,missing_pick;missing_age,ras_score|pffx_g_off|pff_offense_blocking_block_percent|pff_offense_blocking_declined_penalties|pff_offense_blocking_grades_offense|pff_offense_blocking_grades_pass_block|pff_offense_blocking_grades_run_block|pff_offense_blocking_hits_allowed|pff_offense_blocking_hurries_allowed|pff_offense_blocking_non_spike_pass_block|pff_offense_blocking_non_spike_pass_block_percentage|pff_offense_blocking_pass_block_percent|pff_offense_blocking_pbe|pff_offense_blocking_penalties|pff_offense_blocking_pressures_allowed|pff_offense_blocking_sacks_allowed|pff_offense_blocking_snap_counts_block|pff_offense_blocking_snap_counts_ce|pff_offense_blocking_snap_counts_lg|pff_offense_blocking_snap_counts_lt|pff_offense_blocking_snap_counts_offense|pff_offense_blocking_snap_counts_pass_block|pff_offense_blocking_snap_counts_pass_play|pff_offense_blocking_snap_counts_rg|pff_offense_blocking_snap_counts_rt|pff_offense_blocking_snap_counts_run_block|pff_offense_blocking_snap_counts_te,0.0,0.0,4.84,,62.0
450,Tatum Bethune,LB,LB,Florida St.,SFO,7.0,251.0,23.0,0.045,-0.366,-0.033,0.012,,0,0.012,0.75,0.333,1,1,too_few_football_features,ras_score|age,0.0,0.072,4.1,,
451,Daniel Grzesiak,LB,LB,Cincinnati; Nevada; Utah State,TB,,,,0.025,-0.144,-0.013,0.012,,0,0.012,0.68,0.667,2,1,missing_pick;missing_age;too_few_football_features,ras_score|pffx_g_off,0.008,0.008,6.27,,60.0
452,Beau Brade,DB,DB,Maryland,NYG,,,,0.03,-0.203,-0.018,0.012,,0,0.012,0.68,0.667,2,1,missing_pick;missing_age;too_few_football_features,ras_score|pffx_g_off,0.0,0.0,5.38,,60.0
453,Tyler McLellan,OT,OL,Campbell University,TB,,,,0.045,-0.372,-0.033,0.012,,0,0.012,0.182,0.019,1,1,missing_pick;missing_age;too_few_football_features;low_position_feature_completeness,ras_score,0.003,0.003,4.46,,
454,Lance Robinson,CB,DB,Tulane; Kansas State,CIN,,,,0.03,-0.212,-0.019,0.011,,0,0.011,0.68,0.333,1,1,missing_pick;missing_age;too_few_football_features,ras_score,0.003,0.003,5.84,,
455,Cam Little,K,ST,Arkansas,JAX,6.0,212.0,21.0,0.01,0.01,0.001,0.011,,0,0.011,0.715,0.333,1,1,missing_ras;too_few_football_features,pffx_g_off|age,0.099,0.111,,,60.0
456,Nathaniel Watson,LB,LB,Mississippi St.,CLE,6.0,206.0,24.0,0.045,-0.383,-0.034,0.011,,0,0.011,0.75,0.333,1,1,too_few_football_features,ras_score|age,0.069,0.04,5.03,,
457,Mike Novitsky,C,OL,Kansas; Buffalo,SEA,,,,0.045,-0.218,-0.035,0.01,,0,0.01,0.78,0.481,26,1,missing_pick;missing_age;missing_ras,pffx_g_off|pff_offense_blocking_block_percent|pff_offense_blocking_declined_penalties|pff_offense_blocking_grades_offense|pff_offense_blocking_grades_pass_block|pff_offense_blocking_grades_run_block|pff_offense_blocking_hits_allowed|pff_offense_blocking_hurries_allowed|pff_offense_blocking_non_spike_pass_block|pff_offense_blocking_non_spike_pass_block_percentage|pff_offense_blocking_pass_block_percent|pff_offense_blocking_pbe|pff_offense_blocking_penalties|pff_offense_blocking_pressures_allowed|pff_offense_blocking_sacks_allowed|pff_offense_blocking_snap_counts_block|pff_offense_blocking_snap_counts_ce|pff_offense_blocking_snap_counts_lg|pff_offense_blocking_snap_counts_lt|pff_offense_blocking_snap_counts_offense|pff_offense_blocking_snap_counts_pass_block|pff_offense_blocking_snap_counts_pass_play|pff_offense_blocking_snap_counts_rg|pff_offense_blocking_snap_counts_rt|pff_offense_blocking_snap_counts_run_block|pff_offense_blocking_snap_counts_te,0.003,0.003,,,61.1
458,DeShaun Fenwick,RB,RB,Oregon State; South Carolina,GB,,,,0.015,-0.031,-0.005,0.01,,0,0.01,0.815,0.826,568,1,missing_pick;missing_age,ras_score|pffx_yprr|pffx_g_off|pff_receiving_concept_base_targets|pff_receiving_concept_declined_penalties|pff_receiving_concept_penalties|pff_receiving_concept_screen_avg_depth_of_target|pff_receiving_concept_screen_avoided_tackles|pff_receiving_concept_screen_caught_percent|pff_receiving_concept_screen_contested_receptions|pff_receiving_concept_screen_contested_targets|pff_receiving_concept_screen_drop_rate|pff_receiving_concept_screen_drops|pff_receiving_concept_screen_epa|pff_receiving_concept_screen_first_downs|pff_receiving_concept_screen_fumbles|pff_receiving_concept_screen_grades_hands_drop|pff_receiving_concept_screen_grades_pass_route|pff_receiving_concept_screen_interceptions|pff_receiving_concept_screen_longest|pff_receiving_concept_screen_pass_block_rate|pff_receiving_concept_screen_pass_blocks|pff_receiving_concept_screen_pass_plays|pff_receiving_concept_screen_positive_epa_percent|pff_receiving_concept_screen_receptions|pff_receiving_concept_screen_route_rate|pff_receiving_concept_screen_routes|pff_receiving_concept_screen_targeted_qb_rating|pff_receiving_concept_screen_targets|pff_receiving_concept_screen_targets_percent|pff_receiving_concept_screen_touchdowns|pff_receiving_concept_screen_yards|pff_receiving_concept_screen_yards_after_catch|pff_receiving_concept_screen_yards_after_catch_per_reception|pff_receiving_concept_screen_yards_per_reception,0.009,0.009,3.45,11.0,85.2
459,Anthony Goodlow,DE,DL,Oklahoma State,PIT,,,,0.035,-0.283,-0.025,0.01,,0,0.01,0.68,0.333,1,1,missing_pick;missing_age;too_few_football_features,ras_score,0.003,0.003,4.35,,
460,Blake Larson,OL,OL,Augustana (SD),LA,,,,0.045,-0.395,-0.036,0.009,,0,0.009,0.182,0.019,1,1,missing_pick;missing_age;too_few_football_features;low_position_feature_completeness,ras_score,0.003,0.003,4.15,,
461,Gabe Jeudy-Lally,CB,DB,Tennessee; BYU; Vanderbilt,TEN,,,,0.03,-0.231,-0.021,0.009,,0,0.009,0.68,0.333,1,1,missing_pick;missing_age;too_few_football_features,ras_score,0.003,0.003,5.8,,
462,Jack Browning,P,ST,San Diego State; Grossmont,TB,,,,0.005,0.044,0.004,0.009,,0,0.009,0.645,0.667,2,1,missing_pick;missing_age;missing_ras;too_few_football_features,pffx_yprr|pffx_g_off,0.012,0.012,,-2.0,69.8
463,Jacoby Windmon,LB,LB,Michigan State; UNLV,CAR,,,,0.025,-0.179,-0.016,0.009,,0,0.009,0.68,0.667,2,1,missing_pick;missing_age;too_few_football_features,ras_score|pffx_g_off,0.004,0.004,5.68,,60.0
464,Baylor Cupp,TE,TE,Texas Tech; Texas A&M,KC,,,,0.015,-0.038,-0.006,0.009,,0,0.009,0.78,0.857,576,1,missing_pick;missing_age;missing_ras,pffx_yprr|pffx_g_off|pff_offense_blocking_block_percent|pff_offense_blocking_declined_penalties|pff_offense_blocking_grades_offense|pff_offense_blocking_grades_pass_block|pff_offense_blocking_grades_run_block|pff_offense_blocking_hits_allowed|pff_offense_blocking_hurries_allowed|pff_offense_blocking_non_spike_pass_block|pff_offense_blocking_non_spike_pass_block_percentage|pff_offense_blocking_pass_block_percent|pff_offense_blocking_pbe|pff_offense_blocking_penalties|pff_offense_blocking_pressures_allowed|pff_offense_blocking_sacks_allowed|pff_offense_blocking_snap_counts_block|pff_offense_blocking_snap_counts_ce|pff_offense_blocking_snap_counts_lg|pff_offense_blocking_snap_counts_lt|pff_offense_blocking_snap_counts_offense|pff_offense_blocking_snap_counts_pass_block|pff_offense_blocking_snap_counts_pass_play|pff_offense_blocking_snap_counts_rg|pff_offense_blocking_snap_counts_rt|pff_offense_blocking_snap_counts_run_block|pff_offense_blocking_snap_counts_te|pff_receiving_concept_base_targets|pff_receiving_concept_declined_penalties|pff_receiving_concept_penalties|pff_receiving_concept_screen_avg_depth_of_target|pff_receiving_concept_screen_avoided_tackles|pff_receiving_concept_screen_caught_percent|pff_receiving_concept_screen_contested_receptions|pff_receiving_concept_screen_contested_targets,0.012,0.012,,19.0,65.7
465,Ian Wheeler,RB,RB,Howard,NO,,,,0.015,-0.071,-0.006,0.009,,0,0.009,0.148,0.001,1,1,missing_pick;missing_age;too_few_football_features;low_position_feature_completeness,ras_score,0.0,0.0,6.79,,
466,Julian Hicks,WR,WR,Albany; Akron; Central Michigan,GB,,,,0.045,-0.229,-0.037,0.008,,0,0.008,0.815,0.767,496,1,missing_pick;missing_age,ras_score|pffx_yprr|pffx_g_off|pff_receiving_concept_base_targets|pff_receiving_concept_declined_penalties|pff_receiving_concept_penalties|pff_receiving_concept_screen_avoided_tackles|pff_receiving_concept_screen_contested_receptions|pff_receiving_concept_screen_contested_targets|pff_receiving_concept_screen_drops|pff_receiving_concept_screen_epa|pff_receiving_concept_screen_first_downs|pff_receiving_concept_screen_fumbles|pff_receiving_concept_screen_grades_pass_route|pff_receiving_concept_screen_interceptions|pff_receiving_concept_screen_longest|pff_receiving_concept_screen_pass_block_rate|pff_receiving_concept_screen_pass_blocks|pff_receiving_concept_screen_pass_plays|pff_receiving_concept_screen_positive_epa_percent|pff_receiving_concept_screen_receptions|pff_receiving_concept_screen_route_rate|pff_receiving_concept_screen_routes|pff_receiving_concept_screen_targeted_qb_rating|pff_receiving_concept_screen_targets|pff_receiving_concept_screen_targets_percent|pff_receiving_concept_screen_touchdowns|pff_receiving_concept_screen_yards|pff_receiving_concept_screen_yards_after_catch|pff_receiving_concept_screen_yprr|pff_receiving_concept_slot_avoided_tackles|pff_receiving_concept_slot_contested_receptions|pff_receiving_concept_slot_contested_targets|pff_receiving_concept_slot_drops|pff_receiving_concept_slot_epa,0.0,0.0,9.18,9.0,57.6
467,Te'Cory Couch,DB,DB,Miami,BUF,,,,0.03,-0.248,-0.022,0.008,,0,0.008,0.68,0.667,2,1,missing_pick;missing_age;too_few_football_features,ras_score|pffx_g_off,0.0,0.0,4.67,,60.0
468,Anim Dankwah,OT,OL,Howard,WAS,,,,0.045,-0.419,-0.038,0.007,,0,0.007,0.182,0.019,1,1,missing_pick;missing_age;too_few_football_features;low_position_feature_completeness,ras_score,0.004,0.004,3.39,,
469,James Ester,DT,DL,Northern Illinois,GB,,,,0.035,-0.312,-0.028,0.007,,0,0.007,0.68,0.333,1,1,missing_pick;missing_age;too_few_football_features,ras_score,0.003,0.003,4.12,,
470,Beanie Bishop Jr.,CB,DB,West Virginia; Minnesota; Western Kentucky,NO,,,,0.03,-0.145,-0.023,0.007,,0,0.007,0.68,1,3,1,missing_pick;missing_age;thin_football_features,ras_score|pffx_yprr|pffx_g_off,0.0,0.0,6.3,-2.0,61.2
471,Dee Williams,CB,DB,Tennessee,CLE,,,,0.03,-0.145,-0.023,0.007,,0,0.007,0.68,1,3,1,missing_pick;missing_age;thin_football_features,ras_score|pffx_yprr|pffx_g_off,0.009,0.009,1.44,5.0,67.7
472,Andre' Sam,SAF,DB,LSU; Marshall; McNeese State,PHI,,,,0.03,-0.26,-0.023,0.007,,0,0.007,0.68,0.333,1,1,missing_pick;missing_age;too_few_football_features,ras_score,0.003,0.003,5.46,,
473,British Brooks,RB,RB,North Carolina,HOU,,,,0.015,-0.053,-0.008,0.007,,0,0.007,0.815,0.807,555,1,missing_pick;missing_age,ras_score|pffx_yprr|pffx_g_off|pff_receiving_concept_base_targets|pff_receiving_concept_declined_penalties|pff_receiving_concept_penalties|pff_receiving_concept_screen_avg_depth_of_target|pff_receiving_concept_screen_avoided_tackles|pff_receiving_concept_screen_caught_percent|pff_receiving_concept_screen_contested_receptions|pff_receiving_concept_screen_contested_targets|pff_receiving_concept_screen_drop_rate|pff_receiving_concept_screen_drops|pff_receiving_concept_screen_epa|pff_receiving_concept_screen_first_downs|pff_receiving_concept_screen_fumbles|pff_receiving_concept_screen_grades_hands_drop|pff_receiving_concept_screen_grades_pass_route|pff_receiving_concept_screen_interceptions|pff_receiving_concept_screen_longest|pff_receiving_concept_screen_pass_block_rate|pff_receiving_concept_screen_pass_blocks|pff_receiving_concept_screen_pass_plays|pff_receiving_concept_screen_positive_epa_percent|pff_receiving_concept_screen_receptions|pff_receiving_concept_screen_route_rate|pff_receiving_concept_screen_routes|pff_receiving_concept_screen_targeted_qb_rating|pff_receiving_concept_screen_targets|pff_receiving_concept_screen_targets_percent|pff_receiving_concept_screen_touchdowns|pff_receiving_concept_screen_yards|pff_receiving_concept_screen_yards_after_catch|pff_receiving_concept_screen_yards_after_catch_per_reception|pff_receiving_concept_screen_yards_per_reception,0.0,0.0,8.83,5.3,83.3
474,Winston Reid,LB,LB,Weber State,CLE,,,,0.025,-0.207,-0.019,0.006,,0,0.006,0.68,0.333,1,1,missing_pick;missing_age;too_few_football_features,ras_score,0.004,0.004,6.03,,
475,Josh Wallace,CB,DB,Michigan; UMass Amherst,LA,,,,0.03,-0.267,-0.024,0.006,,0,0.006,0.68,0.667,2,1,missing_pick;missing_age;too_few_football_features,ras_score|pffx_g_off,0.0,0.0,3.75,,60.0
476,Evan Anderson,DL,DL,Florida Atlantic,SF,,,,0.035,-0.326,-0.029,0.006,,0,0.006,0.68,0.333,1,1,missing_pick;missing_age;too_few_football_features,ras_score,0.004,0.004,3.61,,
477,Jermaine Jackson,WR,WR,Idaho,NO,,,,0.045,-0.439,-0.04,0.005,,0,0.005,0.148,0.002,1,1,missing_pick;missing_age;too_few_football_features;low_position_feature_completeness,ras_score,0.003,0.003,2.81,,
478,Marcus Riley,WR,WR,Florida A&M; Bethune-Cookman College,NYJ,,,,0.045,-0.248,-0.04,0.005,,0,0.005,0.815,0.733,474,1,missing_pick;missing_age,ras_score|pffx_yprr|pffx_g_off|pff_receiving_depth_base_targets|pff_receiving_depth_behind_los_avg_depth_of_target|pff_receiving_depth_behind_los_avoided_tackles|pff_receiving_depth_behind_los_caught_percent|pff_receiving_depth_behind_los_contested_receptions|pff_receiving_depth_behind_los_contested_targets|pff_receiving_depth_behind_los_drop_rate|pff_receiving_depth_behind_los_drops|pff_receiving_depth_behind_los_epa|pff_receiving_depth_behind_los_first_downs|pff_receiving_depth_behind_los_fumbles|pff_receiving_depth_behind_los_grades_hands_drop|pff_receiving_depth_behind_los_grades_pass_route|pff_receiving_depth_behind_los_interceptions|pff_receiving_depth_behind_los_longest|pff_receiving_depth_behind_los_pass_block_rate|pff_receiving_depth_behind_los_pass_blocks|pff_receiving_depth_behind_los_pass_plays|pff_receiving_depth_behind_los_positive_epa_percent|pff_receiving_depth_behind_los_receptions|pff_receiving_depth_behind_los_route_rate|pff_receiving_depth_behind_los_routes|pff_receiving_depth_behind_los_targeted_qb_rating|pff_receiving_depth_behind_los_targets|pff_receiving_depth_behind_los_targets_percent|pff_receiving_depth_behind_los_touchdowns|pff_receiving_depth_behind_los_yards|pff_receiving_depth_behind_los_yards_after_catch|pff_receiving_depth_behind_los_yards_after_catch_per_reception|pff_receiving_depth_behind_los_yards_per_reception|pff_receiving_depth_behind_los_yprr|pff_receiving_depth_center_behind_los_avg_depth_of_target,0.0,0.0,5.43,3.67,75.8
479,Brevyn Spann-Ford,TE,TE,Minnesota,DAL,,,,0.015,-0.062,-0.01,0.005,,0,0.005,0.815,0.885,595,1,missing_pick;missing_age,ras_score|pffx_yprr|pffx_g_off|pff_offense_blocking_block_percent|pff_offense_blocking_declined_penalties|pff_offense_blocking_grades_offense|pff_offense_blocking_grades_pass_block|pff_offense_blocking_grades_run_block|pff_offense_blocking_hits_allowed|pff_offense_blocking_hurries_allowed|pff_offense_blocking_non_spike_pass_block|pff_offense_blocking_non_spike_pass_block_percentage|pff_offense_blocking_pass_block_percent|pff_offense_blocking_pbe|pff_offense_blocking_penalties|pff_offense_blocking_pressures_allowed|pff_offense_blocking_sacks_allowed|pff_offense_blocking_snap_counts_block|pff_offense_blocking_snap_counts_ce|pff_offense_blocking_snap_counts_lg|pff_offense_blocking_snap_counts_lt|pff_offense_blocking_snap_counts_offense|pff_offense_blocking_snap_counts_pass_block|pff_offense_blocking_snap_counts_pass_play|pff_offense_blocking_snap_counts_rg|pff_offense_blocking_snap_counts_rt|pff_offense_blocking_snap_counts_run_block|pff_offense_blocking_snap_counts_te|pff_receiving_concept_base_targets|pff_receiving_concept_declined_penalties|pff_receiving_concept_penalties|pff_receiving_concept_screen_avg_depth_of_target|pff_receiving_concept_screen_avoided_tackles|pff_receiving_concept_screen_caught_percent|pff_receiving_concept_screen_contested_receptions,0.0,0.0,6.8,10.0,52.5
480,LaDarius Henderson,OL,OL,Michigan,HOU,7.0,249.0,22.0,0.065,-0.296,-0.083,0.005,,0,0.005,0.85,0.481,26,1,missing_ras,pffx_g_off|pff_offense_blocking_block_percent|pff_offense_blocking_declined_penalties|pff_offense_blocking_grades_offense|pff_offense_blocking_grades_pass_block|pff_offense_blocking_grades_run_block|pff_offense_blocking_hits_allowed|pff_offense_blocking_hurries_allowed|pff_offense_blocking_non_spike_pass_block|pff_offense_blocking_non_spike_pass_block_percentage|pff_offense_blocking_pass_block_percent|pff_offense_blocking_pbe|pff_offense_blocking_penalties|pff_offense_blocking_pressures_allowed|pff_offense_blocking_sacks_allowed|pff_offense_blocking_snap_counts_block|pff_offense_blocking_snap_counts_ce|pff_offense_blocking_snap_counts_lg|pff_offense_blocking_snap_counts_lt|pff_offense_blocking_snap_counts_offense|pff_offense_blocking_snap_counts_pass_block|pff_offense_blocking_snap_counts_pass_play|pff_offense_blocking_snap_counts_rg|pff_offense_blocking_snap_counts_rt|pff_offense_blocking_snap_counts_run_block|pff_offense_blocking_snap_counts_te|age,0.064,0.037,,,55.0
481,Bryce Oliver,WR,WR,Youngstown State; Kentucky,TEN,,,,0.045,-0.253,-0.04,0.005,,0,0.005,0.815,0.859,556,1,missing_pick;missing_age,ras_score|pffx_yprr|pffx_g_off|pff_receiving_concept_base_targets|pff_receiving_concept_declined_penalties|pff_receiving_concept_penalties|pff_receiving_concept_screen_avg_depth_of_target|pff_receiving_concept_screen_avoided_tackles|pff_receiving_concept_screen_caught_percent|pff_receiving_concept_screen_contested_receptions|pff_receiving_concept_screen_contested_targets|pff_receiving_concept_screen_drop_rate|pff_receiving_concept_screen_drops|pff_receiving_concept_screen_epa|pff_receiving_concept_screen_first_downs|pff_receiving_concept_screen_fumbles|pff_receiving_concept_screen_grades_hands_drop|pff_receiving_concept_screen_grades_pass_route|pff_receiving_concept_screen_interceptions|pff_receiving_concept_screen_longest|pff_receiving_concept_screen_pass_block_rate|pff_receiving_concept_screen_pass_blocks|pff_receiving_concept_screen_pass_plays|pff_receiving_concept_screen_positive_epa_percent|pff_receiving_concept_screen_receptions|pff_receiving_concept_screen_route_rate|pff_receiving_concept_screen_routes|pff_receiving_concept_screen_targeted_qb_rating|pff_receiving_concept_screen_targets|pff_receiving_concept_screen_targets_percent|pff_receiving_concept_screen_touchdowns|pff_receiving_concept_screen_yards|pff_receiving_concept_screen_yards_after_catch|pff_receiving_concept_screen_yards_after_catch_per_reception|pff_receiving_concept_screen_yards_per_reception,0.0,0.0,5.68,2.67,52.5
482,C.J. Ravenell,DE,DL,Missouri Western,TEN,,,,0.035,-0.471,-0.042,0.005,,0,0.005,0.68,0.333,1,1,missing_pick;missing_age;too_few_football_features,ras_score,0.012,0.012,1.31,,
483,Denzel Daxon,DE,DL,Illinois; Ohio,ARI,,,,0.035,-0.442,-0.04,0.005,,0,0.005,0.68,0.333,1,1,missing_pick;missing_age;too_few_football_features,ras_score,0.012,0.012,1.67,,
484,Popo Aumavae,DT,DL,Oregon,CAR,,,,0.035,-0.341,-0.031,0.005,,0,0.005,0.68,0.333,1,1,missing_pick;missing_age;too_few_football_features,ras_score,0.006,0.006,3.58,,
485,Dashaun Mallory,DT,DL,Arizona State; Michigan State,CHI,,,,0.035,-0.355,-0.032,0.005,,0,0.005,0.68,0.333,1,1,missing_pick;missing_age;too_few_football_features,ras_score,0.004,0.004,3.43,,
486,Branson Deen,DT,DL,Miami; Purdue,BUF,,,,0.035,-0.384,-0.035,0.005,,0,0.005,0.68,0.333,1,1,missing_pick;missing_age;too_few_football_features,ras_score,0.004,0.004,3.23,,
487,Derrick McLendon,DE,DL,Colorado; Florida State,MIA,,,,0.035,-0.413,-0.037,0.005,,0,0.005,0.68,0.333,1,1,missing_pick;missing_age;too_few_football_features,ras_score,0.003,0.003,2.82,,
488,Devere Levelston,DT,DL,SMU; Tyler JC,SEA,,,,0.035,-0.428,-0.038,0.005,,0,0.005,0.68,0.333,1,1,missing_pick;missing_age;too_few_football_features,ras_score,0.003,0.003,1.92,,
489,Ryan Cooper Jr.,CB,DB,Oregon State,SEA,,,,0.03,-0.49,-0.044,0.005,,0,0.005,0.68,0.333,1,1,missing_pick;missing_age;too_few_football_features,ras_score,0.012,0.012,1.36,,
490,Brandon Codrington,DB,DB,North Carolina Central,HOU,,,,0.03,-0.375,-0.034,0.005,,0,0.005,0.68,0.333,1,1,missing_pick;missing_age;too_few_football_features,ras_score,0.006,0.006,3.74,,
491,Jarius Monroe,DB,DB,Tulane; Colorado,NYJ,,,,0.03,-0.413,-0.037,0.005,,0,0.005,0.68,0.333,1,1,missing_pick;missing_age;too_few_football_features,ras_score,0.003,0.003,2.94,,
492,Reddy Steward,DB,DB,Troy,DAL,,,,0.03,-0.317,-0.029,0.005,,0,0.005,0.68,0.333,1,1,missing_pick;missing_age;too_few_football_features,ras_score,0.003,0.003,4.95,,
493,Charles Woods,DB,DB,SMU; West Virginia; Illinois State,NE,,,,0.03,-0.471,-0.042,0.005,,0,0.005,0.68,0.333,1,1,missing_pick;missing_age;too_few_football_features,ras_score,0.003,0.003,2.19,,
494,Dwight McGlothern,CB,DB,Arkansas,MIN,,,,0.03,-0.356,-0.032,0.005,,0,0.005,0.68,0.333,1,1,missing_pick;missing_age;too_few_football_features,ras_score,0.003,0.003,4.54,,
495,Julius Wood,SAF,DB,East Carolina; Blinn College,DAL,,,,0.03,-0.423,-0.038,0.005,,0,0.005,0.68,0.333,1,1,missing_pick;missing_age;too_few_football_features,ras_score,0.003,0.003,2.85,,
496,Cam Lampkin,DB,DB,Washington State; Utah State,LA,,,,0.03,-0.433,-0.039,0.005,,0,0.005,0.68,0.333,1,1,missing_pick;missing_age;too_few_football_features,ras_score,0.003,0.003,2.46,,
497,Chase Williams,DB,DB,San Jose State; USC,CLE,,,,0.03,-0.288,-0.026,0.005,,0,0.005,0.68,0.333,1,1,missing_pick;missing_age;too_few_football_features,ras_score,0.003,0.003,5.14,,
498,Morice Norris Jr.,DB,DB,Fresno State; Orange Coast College,DET,,,,0.03,-0.279,-0.025,0.005,,0,0.005,0.68,0.333,1,1,missing_pick;missing_age;too_few_football_features,ras_score,0.003,0.003,5.31,,
499,Ro Torrence,DB,DB,Arizona State; Auburn; Hutchinson CC,CHI,,,,0.03,-0.462,-0.042,0.005,,0,0.005,0.68,0.333,1,1,missing_pick;missing_age;too_few_football_features,ras_score,0.003,0.003,2.2,,
500,Jaylen McCollough,DB,DB,Tennessee,LA,,,,0.03,-0.452,-0.041,0.005,,0,0.005,0.68,0.333,1,1,missing_pick;missing_age;too_few_football_features,ras_score,0.003,0.003,2.29,,
501,Christian Roland-Wallace,CB,DB,USC; Arizona,KC,,,,0.03,-0.308,-0.028,0.005,,0,0.005,0.68,0.333,1,1,missing_pick;missing_age;too_few_football_features,ras_score,0.003,0.003,5.0,,
502,Demani Richardson,SAF,DB,Texas A&M,CAR,,,,0.03,-0.298,-0.027,0.005,,0,0.005,0.68,0.333,1,1,missing_pick;missing_age;too_few_football_features,ras_score,0.003,0.003,5.13,,
503,Maema Njongmeta,LB,LB,Wisconsin,CAR,,,,0.025,-0.483,-0.043,0.005,,0,0.005,0.68,0.333,1,1,missing_pick;missing_age;too_few_football_features,ras_score,0.007,0.007,1.12,,
504,Tre'Mon Morris-Brash,LB,LB,UCF,LAC,,,,0.025,-0.466,-0.042,0.005,,0,0.005,0.68,0.333,1,1,missing_pick;missing_age;too_few_football_features,ras_score,0.007,0.007,1.37,,
505,Brock Mogensen,LB,LB,South Dakota,DAL,,,,0.025,-0.276,-0.025,0.005,,0,0.005,0.68,0.333,1,1,missing_pick;missing_age;too_few_football_features,ras_score,0.007,0.007,5.45,,
506,Jeremiah Jean-Baptiste,LB,LB,Mississippi; UCF,LAC,,,,0.025,-0.293,-0.026,0.005,,0,0.005,0.68,0.333,1,1,missing_pick;missing_age;too_few_football_features,ras_score,0.007,0.007,5.16,,
507,Kenny Dyson,LB,LB,Bryant,CAR,,,,0.025,-0.379,-0.034,0.005,,0,0.005,0.68,0.333,1,1,missing_pick;missing_age;too_few_football_features,ras_score,0.003,0.003,4.05,,
508,Chris Collins,LB,LB,Minnesota; North Carolina,LAC,,,,0.025,-0.448,-0.04,0.005,,0,0.005,0.68,0.333,1,1,missing_pick;missing_age;too_few_football_features,ras_score,0.003,0.003,2.04,,
509,DaRon Gilbert,LB,LB,Northern Illinois; Lafayette College,DET,,,,0.025,-0.328,-0.029,0.005,,0,0.005,0.68,0.333,1,1,missing_pick;missing_age;too_few_football_features,ras_score,0.003,0.003,4.75,,
510,Jackson Mitchell,LB,LB,Connecticut,CAR,,,,0.025,-0.294,-0.026,0.005,,0,0.005,0.68,0.667,2,1,missing_pick;missing_age;too_few_football_features,ras_score|pffx_g_off,0.0,0.0,3.65,,60.0
511,Levelle Bailey,LB,LB,Fresno State; Sacramento State,DEN,,,,0.025,-0.305,-0.027,0.005,,0,0.005,0.68,0.667,2,1,missing_pick;missing_age;too_few_football_features,ras_score|pffx_g_off,0.0,0.0,3.27,,60.0
512,Deion Jennings,LB,LB,Rutgers,BAL,,,,0.025,-0.248,-0.022,0.005,,0,0.005,0.68,0.667,2,1,missing_pick;missing_age;too_few_football_features,ras_score|pffx_g_off,0.0,0.0,4.62,,60.0
513,D.J. Williams,RB,RB,Arizona; Florida State,TB,,,,0.015,-0.151,-0.024,0.005,,0,0.005,0.815,0.724,498,1,missing_pick;missing_age,ras_score|pffx_yprr|pffx_g_off|pff_receiving_concept_base_targets|pff_receiving_concept_declined_penalties|pff_receiving_concept_penalties|pff_receiving_concept_screen_avoided_tackles|pff_receiving_concept_screen_contested_receptions|pff_receiving_concept_screen_contested_targets|pff_receiving_concept_screen_drops|pff_receiving_concept_screen_epa|pff_receiving_concept_screen_first_downs|pff_receiving_concept_screen_fumbles|pff_receiving_concept_screen_grades_pass_route|pff_receiving_concept_screen_interceptions|pff_receiving_concept_screen_longest|pff_receiving_concept_screen_pass_block_rate|pff_receiving_concept_screen_pass_blocks|pff_receiving_concept_screen_pass_plays|pff_receiving_concept_screen_positive_epa_percent|pff_receiving_concept_screen_receptions|pff_receiving_concept_screen_route_rate|pff_receiving_concept_screen_routes|pff_receiving_concept_screen_targeted_qb_rating|pff_receiving_concept_screen_targets|pff_receiving_concept_screen_targets_percent|pff_receiving_concept_screen_touchdowns|pff_receiving_concept_screen_yards|pff_receiving_concept_screen_yards_after_catch|pff_receiving_concept_screen_yprr|pff_receiving_concept_slot_avoided_tackles|pff_receiving_concept_slot_contested_receptions|pff_receiving_concept_slot_contested_targets|pff_receiving_concept_slot_drops|pff_receiving_concept_slot_epa,0.043,0.043,1.58,2.0,82.3
514,Brenden Bates,TE,TE,Kentucky,CLE,,,,0.015,-0.098,-0.016,0.005,,0,0.005,0.815,0.781,525,1,missing_pick;missing_age,ras_score|pffx_yprr|pffx_g_off|pff_offense_blocking_block_percent|pff_offense_blocking_declined_penalties|pff_offense_blocking_grades_offense|pff_offense_blocking_grades_pass_block|pff_offense_blocking_grades_run_block|pff_offense_blocking_hits_allowed|pff_offense_blocking_hurries_allowed|pff_offense_blocking_non_spike_pass_block|pff_offense_blocking_non_spike_pass_block_percentage|pff_offense_blocking_pass_block_percent|pff_offense_blocking_pbe|pff_offense_blocking_penalties|pff_offense_blocking_pressures_allowed|pff_offense_blocking_sacks_allowed|pff_offense_blocking_snap_counts_block|pff_offense_blocking_snap_counts_ce|pff_offense_blocking_snap_counts_lg|pff_offense_blocking_snap_counts_lt|pff_offense_blocking_snap_counts_offense|pff_offense_blocking_snap_counts_pass_block|pff_offense_blocking_snap_counts_pass_play|pff_offense_blocking_snap_counts_rg|pff_offense_blocking_snap_counts_rt|pff_offense_blocking_snap_counts_run_block|pff_offense_blocking_snap_counts_te|pff_receiving_concept_base_targets|pff_receiving_concept_declined_penalties|pff_receiving_concept_penalties|pff_receiving_concept_screen_avoided_tackles|pff_receiving_concept_screen_contested_receptions|pff_receiving_concept_screen_contested_targets|pff_receiving_concept_screen_drops,0.012,0.012,7.21,23.0,62.3
515,Terrell Jennings,RB,RB,Florida A&M,NE,,,,0.015,-0.214,-0.019,0.005,,0,0.005,0.148,0.001,1,1,missing_pick;missing_age;too_few_football_features;low_position_feature_completeness,ras_score,0.003,0.003,4.81,,
516,Qadir Ismail,TE,TE,Samford; Villanova,CHI,,,,0.015,-0.308,-0.028,0.005,,0,0.005,0.148,0.001,1,1,missing_pick;missing_age;too_few_football_features;low_position_feature_completeness,ras_score,0.003,0.003,5.08,,
517,Colson Yankoff,TE,TE,UCLA; Washington,WAS,,,,0.015,-0.198,-0.032,0.005,,0,0.005,0.815,0.68,457,1,missing_pick;missing_age,ras_score|pffx_yprr|pffx_g_off|pff_offense_blocking_block_percent|pff_offense_blocking_declined_penalties|pff_offense_blocking_grades_offense|pff_offense_blocking_grades_pass_block|pff_offense_blocking_grades_run_block|pff_offense_blocking_hits_allowed|pff_offense_blocking_hurries_allowed|pff_offense_blocking_non_spike_pass_block|pff_offense_blocking_non_spike_pass_block_percentage|pff_offense_blocking_pass_block_percent|pff_offense_blocking_pbe|pff_offense_blocking_penalties|pff_offense_blocking_pressures_allowed|pff_offense_blocking_sacks_allowed|pff_offense_blocking_snap_counts_block|pff_offense_blocking_snap_counts_ce|pff_offense_blocking_snap_counts_lg|pff_offense_blocking_snap_counts_lt|pff_offense_blocking_snap_counts_offense|pff_offense_blocking_snap_counts_pass_block|pff_offense_blocking_snap_counts_pass_play|pff_offense_blocking_snap_counts_rg|pff_offense_blocking_snap_counts_rt|pff_offense_blocking_snap_counts_run_block|pff_offense_blocking_snap_counts_te|pff_receiving_concept_base_targets|pff_receiving_concept_declined_penalties|pff_receiving_concept_penalties|pff_receiving_concept_screen_avg_depth_of_target|pff_receiving_concept_screen_avoided_tackles|pff_receiving_concept_screen_caught_percent|pff_receiving_concept_screen_contested_receptions,0.003,0.003,9.56,0.0,76.1
518,Hayden Rucci,TE,TE,Wisconsin,SF,,,,0.015,-0.085,-0.014,0.005,,0,0.005,0.815,0.829,557,1,missing_pick;missing_age,ras_score|pffx_yprr|pffx_g_off|pff_offense_blocking_block_percent|pff_offense_blocking_declined_penalties|pff_offense_blocking_grades_offense|pff_offense_blocking_grades_pass_block|pff_offense_blocking_grades_run_block|pff_offense_blocking_hits_allowed|pff_offense_blocking_hurries_allowed|pff_offense_blocking_non_spike_pass_block|pff_offense_blocking_non_spike_pass_block_percentage|pff_offense_blocking_pass_block_percent|pff_offense_blocking_pbe|pff_offense_blocking_penalties|pff_offense_blocking_pressures_allowed|pff_offense_blocking_sacks_allowed|pff_offense_blocking_snap_counts_block|pff_offense_blocking_snap_counts_ce|pff_offense_blocking_snap_counts_lg|pff_offense_blocking_snap_counts_lt|pff_offense_blocking_snap_counts_offense|pff_offense_blocking_snap_counts_pass_block|pff_offense_blocking_snap_counts_pass_play|pff_offense_blocking_snap_counts_rg|pff_offense_blocking_snap_counts_rt|pff_offense_blocking_snap_counts_run_block|pff_offense_blocking_snap_counts_te|pff_receiving_concept_base_targets|pff_receiving_concept_declined_penalties|pff_receiving_concept_penalties|pff_receiving_concept_screen_avoided_tackles|pff_receiving_concept_screen_contested_receptions|pff_receiving_concept_screen_contested_targets|pff_receiving_concept_screen_drops,0.003,0.003,2.71,25.0,54.7
519,Cam Grandy,TE,TE,Illinois State; Missouri Western,CIN,,,,0.015,-0.346,-0.031,0.005,,0,0.005,0.148,0.001,1,1,missing_pick;missing_age;too_few_football_features;low_position_feature_completeness,ras_score,0.003,0.003,4.1,,
520,Louis Rees-Zammit,RB,RB,,JAX,,,,0.015,-0.271,-0.024,0.005,,0,0.005,0.148,0.001,1,1,missing_pick;missing_age;too_few_football_features;low_position_feature_completeness,ras_score,0.003,0.003,4.09,,
521,Kendall Milton,RB,RB,Georgia,CIN,,,,0.015,-0.089,-0.014,0.005,,0,0.005,0.815,0.778,535,1,missing_pick;missing_age,ras_score|pffx_yprr|pffx_g_off|pff_receiving_concept_base_targets|pff_receiving_concept_declined_penalties|pff_receiving_concept_penalties|pff_receiving_concept_screen_avoided_tackles|pff_receiving_concept_screen_contested_receptions|pff_receiving_concept_screen_contested_targets|pff_receiving_concept_screen_drops|pff_receiving_concept_screen_epa|pff_receiving_concept_screen_first_downs|pff_receiving_concept_screen_fumbles|pff_receiving_concept_screen_grades_pass_route|pff_receiving_concept_screen_interceptions|pff_receiving_concept_screen_longest|pff_receiving_concept_screen_pass_block_rate|pff_receiving_concept_screen_pass_blocks|pff_receiving_concept_screen_pass_plays|pff_receiving_concept_screen_positive_epa_percent|pff_receiving_concept_screen_receptions|pff_receiving_concept_screen_route_rate|pff_receiving_concept_screen_routes|pff_receiving_concept_screen_targeted_qb_rating|pff_receiving_concept_screen_targets|pff_receiving_concept_screen_targets_percent|pff_receiving_concept_screen_touchdowns|pff_receiving_concept_screen_yards|pff_receiving_concept_screen_yards_after_catch|pff_receiving_concept_screen_yprr|pff_receiving_concept_slot_avoided_tackles|pff_receiving_concept_slot_contested_receptions|pff_receiving_concept_slot_contested_targets|pff_receiving_concept_slot_drops|pff_receiving_concept_slot_epa,0.003,0.003,8.07,11.5,87.0
522,Thomas Yassmin,TE,TE,Utah,LAC,,,,0.015,-0.112,-0.018,0.005,,0,0.005,0.815,0.839,564,1,missing_pick;missing_age,ras_score|pffx_yprr|pffx_g_off|pff_offense_blocking_block_percent|pff_offense_blocking_declined_penalties|pff_offense_blocking_grades_offense|pff_offense_blocking_grades_pass_block|pff_offense_blocking_grades_run_block|pff_offense_blocking_hits_allowed|pff_offense_blocking_hurries_allowed|pff_offense_blocking_non_spike_pass_block|pff_offense_blocking_non_spike_pass_block_percentage|pff_offense_blocking_pass_block_percent|pff_offense_blocking_pbe|pff_offense_blocking_penalties|pff_offense_blocking_pressures_allowed|pff_offense_blocking_sacks_allowed|pff_offense_blocking_snap_counts_block|pff_offense_blocking_snap_counts_ce|pff_offense_blocking_snap_counts_lg|pff_offense_blocking_snap_counts_lt|pff_offense_blocking_snap_counts_offense|pff_offense_blocking_snap_counts_pass_block|pff_offense_blocking_snap_counts_pass_play|pff_offense_blocking_snap_counts_rg|pff_offense_blocking_snap_counts_rt|pff_offense_blocking_snap_counts_run_block|pff_offense_blocking_snap_counts_te|pff_receiving_concept_base_targets|pff_receiving_concept_declined_penalties|pff_receiving_concept_penalties|pff_receiving_concept_screen_avoided_tackles|pff_receiving_concept_screen_contested_receptions|pff_receiving_concept_screen_contested_targets|pff_receiving_concept_screen_drops,0.0,0.0,7.82,9.75,54.1
523,Shawn Bowman,TE,TE,Rutgers; Maine,JAX,,,,0.015,-0.163,-0.026,0.005,,0,0.005,0.78,0.78,524,1,missing_pick;missing_age;missing_ras,pffx_yprr|pffx_g_off|pff_offense_blocking_block_percent|pff_offense_blocking_declined_penalties|pff_offense_blocking_grades_offense|pff_offense_blocking_grades_pass_block|pff_offense_blocking_grades_run_block|pff_offense_blocking_hits_allowed|pff_offense_blocking_hurries_allowed|pff_offense_blocking_non_spike_pass_block|pff_offense_blocking_non_spike_pass_block_percentage|pff_offense_blocking_pass_block_percent|pff_offense_blocking_pbe|pff_offense_blocking_penalties|pff_offense_blocking_pressures_allowed|pff_offense_blocking_sacks_allowed|pff_offense_blocking_snap_counts_block|pff_offense_blocking_snap_counts_ce|pff_offense_blocking_snap_counts_lg|pff_offense_blocking_snap_counts_lt|pff_offense_blocking_snap_counts_offense|pff_offense_blocking_snap_counts_pass_block|pff_offense_blocking_snap_counts_pass_play|pff_offense_blocking_snap_counts_rg|pff_offense_blocking_snap_counts_rt|pff_offense_blocking_snap_counts_run_block|pff_offense_blocking_snap_counts_te|pff_receiving_concept_base_targets|pff_receiving_concept_declined_penalties|pff_receiving_concept_penalties|pff_receiving_concept_screen_avoided_tackles|pff_receiving_concept_screen_contested_receptions|pff_receiving_concept_screen_contested_targets|pff_receiving_concept_screen_drops|pff_receiving_concept_screen_epa,0.0,0.0,,8.0,49.3
524,Messiah Swinson,TE,TE,Arizona State; Missouri,GB,,,,0.015,-0.15,-0.024,0.005,,0,0.005,0.815,0.811,545,1,missing_pick;missing_age,ras_score|pffx_yprr|pffx_g_off|pff_offense_blocking_block_percent|pff_offense_blocking_declined_penalties|pff_offense_blocking_grades_offense|pff_offense_blocking_grades_pass_block|pff_offense_blocking_grades_run_block|pff_offense_blocking_hits_allowed|pff_offense_blocking_hurries_allowed|pff_offense_blocking_non_spike_pass_block|pff_offense_blocking_non_spike_pass_block_percentage|pff_offense_blocking_pass_block_percent|pff_offense_blocking_pbe|pff_offense_blocking_penalties|pff_offense_blocking_pressures_allowed|pff_offense_blocking_sacks_allowed|pff_offense_blocking_snap_counts_block|pff_offense_blocking_snap_counts_ce|pff_offense_blocking_snap_counts_lg|pff_offense_blocking_snap_counts_lt|pff_offense_blocking_snap_counts_offense|pff_offense_blocking_snap_counts_pass_block|pff_offense_blocking_snap_counts_pass_play|pff_offense_blocking_snap_counts_rg|pff_offense_blocking_snap_counts_rt|pff_offense_blocking_snap_counts_run_block|pff_offense_blocking_snap_counts_te|pff_receiving_concept_base_targets|pff_receiving_concept_declined_penalties|pff_receiving_concept_penalties|pff_receiving_concept_screen_avg_depth_of_target|pff_receiving_concept_screen_avoided_tackles|pff_receiving_concept_screen_caught_percent|pff_receiving_concept_screen_contested_receptions,0.0,0.0,1.51,8.25,47.4
525,Kevin Foelsch,TE,TE,University of New Haven,PHI,,,,0.015,-0.192,-0.017,0.005,,0,0.005,0.148,0.001,1,1,missing_pick;missing_age;too_few_football_features;low_position_feature_completeness,ras_score,0.0,0.0,6.45,,
526,Luke Benson,TE,TE,Georgia Tech; Syracuse,LAC,,,,0.015,-0.098,-0.016,0.005,,0,0.005,0.815,0.848,570,1,missing_pick;missing_age,ras_score|pffx_yprr|pffx_g_off|pff_offense_blocking_block_percent|pff_offense_blocking_declined_penalties|pff_offense_blocking_grades_offense|pff_offense_blocking_grades_pass_block|pff_offense_blocking_grades_run_block|pff_offense_blocking_hits_allowed|pff_offense_blocking_hurries_allowed|pff_offense_blocking_non_spike_pass_block|pff_offense_blocking_non_spike_pass_block_percentage|pff_offense_blocking_pass_block_percent|pff_offense_blocking_pbe|pff_offense_blocking_penalties|pff_offense_blocking_pressures_allowed|pff_offense_blocking_sacks_allowed|pff_offense_blocking_snap_counts_block|pff_offense_blocking_snap_counts_ce|pff_offense_blocking_snap_counts_lg|pff_offense_blocking_snap_counts_lt|pff_offense_blocking_snap_counts_offense|pff_offense_blocking_snap_counts_pass_block|pff_offense_blocking_snap_counts_pass_play|pff_offense_blocking_snap_counts_rg|pff_offense_blocking_snap_counts_rt|pff_offense_blocking_snap_counts_run_block|pff_offense_blocking_snap_counts_te|pff_receiving_concept_base_targets|pff_receiving_concept_declined_penalties|pff_receiving_concept_penalties|pff_receiving_concept_screen_avg_depth_of_target|pff_receiving_concept_screen_avoided_tackles|pff_receiving_concept_screen_caught_percent|pff_receiving_concept_screen_contested_receptions,0.0,0.0,9.02,9.5,56.7
527,Dante Miller,RB,RB,South Carolina; Columbia,NYG,,,,0.015,-0.166,-0.027,0.005,,0,0.005,0.815,0.654,450,1,missing_pick;missing_age,ras_score|pffx_yprr|pffx_g_off|pff_receiving_concept_base_targets|pff_receiving_concept_declined_penalties|pff_receiving_concept_penalties|pff_receiving_concept_screen_avoided_tackles|pff_receiving_concept_screen_contested_receptions|pff_receiving_concept_screen_contested_targets|pff_receiving_concept_screen_drops|pff_receiving_concept_screen_epa|pff_receiving_concept_screen_first_downs|pff_receiving_concept_screen_fumbles|pff_receiving_concept_screen_grades_pass_route|pff_receiving_concept_screen_interceptions|pff_receiving_concept_screen_longest|pff_receiving_concept_screen_pass_block_rate|pff_receiving_concept_screen_pass_blocks|pff_receiving_concept_screen_pass_plays|pff_receiving_concept_screen_positive_epa_percent|pff_receiving_concept_screen_receptions|pff_receiving_concept_screen_route_rate|pff_receiving_concept_screen_routes|pff_receiving_concept_screen_targeted_qb_rating|pff_receiving_concept_screen_targets|pff_receiving_concept_screen_targets_percent|pff_receiving_concept_screen_touchdowns|pff_receiving_concept_screen_yards|pff_receiving_concept_screen_yards_after_catch|pff_receiving_concept_screen_yprr|pff_receiving_concept_slot_avg_depth_of_target|pff_receiving_concept_slot_avoided_tackles|pff_receiving_concept_slot_caught_percent|pff_receiving_concept_slot_contested_receptions|pff_receiving_concept_slot_contested_targets,0.0,0.0,7.68,0.0,72.1
528,Jabari Small,RB,RB,Tennessee,DET,,,,0.015,-0.09,-0.014,0.005,,0,0.005,0.815,0.815,561,1,missing_pick;missing_age,ras_score|pffx_yprr|pffx_g_off|pff_receiving_concept_base_targets|pff_receiving_concept_declined_penalties|pff_receiving_concept_penalties|pff_receiving_concept_screen_avg_depth_of_target|pff_receiving_concept_screen_avoided_tackles|pff_receiving_concept_screen_caught_percent|pff_receiving_concept_screen_contested_receptions|pff_receiving_concept_screen_contested_targets|pff_receiving_concept_screen_drop_rate|pff_receiving_concept_screen_drops|pff_receiving_concept_screen_epa|pff_receiving_concept_screen_first_downs|pff_receiving_concept_screen_fumbles|pff_receiving_concept_screen_grades_hands_drop|pff_receiving_concept_screen_grades_pass_route|pff_receiving_concept_screen_interceptions|pff_receiving_concept_screen_longest|pff_receiving_concept_screen_pass_block_rate|pff_receiving_concept_screen_pass_blocks|pff_receiving_concept_screen_pass_plays|pff_receiving_concept_screen_positive_epa_percent|pff_receiving_concept_screen_receptions|pff_receiving_concept_screen_route_rate|pff_receiving_concept_screen_routes|pff_receiving_concept_screen_targeted_qb_rating|pff_receiving_concept_screen_targets|pff_receiving_concept_screen_targets_percent|pff_receiving_concept_screen_touchdowns|pff_receiving_concept_screen_yards|pff_receiving_concept_screen_yards_after_catch|pff_receiving_concept_screen_yards_after_catch_per_reception|pff_receiving_concept_screen_yards_per_reception,0.0,0.0,5.24,5.14,81.9
529,Aidan Robbins,RB,RB,BYU; UNLV,CLE,,,,0.015,-0.109,-0.017,0.005,,0,0.005,0.815,0.794,546,1,missing_pick;missing_age,ras_score|pffx_yprr|pffx_g_off|pff_receiving_concept_base_targets|pff_receiving_concept_declined_penalties|pff_receiving_concept_penalties|pff_receiving_concept_screen_avg_depth_of_target|pff_receiving_concept_screen_avoided_tackles|pff_receiving_concept_screen_caught_percent|pff_receiving_concept_screen_contested_receptions|pff_receiving_concept_screen_contested_targets|pff_receiving_concept_screen_drop_rate|pff_receiving_concept_screen_drops|pff_receiving_concept_screen_epa|pff_receiving_concept_screen_first_downs|pff_receiving_concept_screen_fumbles|pff_receiving_concept_screen_grades_hands_drop|pff_receiving_concept_screen_grades_pass_route|pff_receiving_concept_screen_interceptions|pff_receiving_concept_screen_longest|pff_receiving_concept_screen_pass_block_rate|pff_receiving_concept_screen_pass_blocks|pff_receiving_concept_screen_pass_plays|pff_receiving_concept_screen_positive_epa_percent|pff_receiving_concept_screen_receptions|pff_receiving_concept_screen_route_rate|pff_receiving_concept_screen_routes|pff_receiving_concept_screen_targeted_qb_rating|pff_receiving_concept_screen_targets|pff_receiving_concept_screen_targets_percent|pff_receiving_concept_screen_touchdowns|pff_receiving_concept_screen_yards|pff_receiving_concept_screen_yards_after_catch|pff_receiving_concept_screen_yards_after_catch_per_reception|pff_receiving_concept_screen_yards_per_reception,0.0,0.0,6.63,6.0,65.7
530,Patrick Murtagh,TE,TE,,DEN,,,,0.015,-0.115,-0.01,0.005,,0,0.005,0.148,0.001,1,1,missing_pick;missing_age;too_few_football_features;low_position_feature_completeness,ras_score,0.0,0.0,6.93,,
531,Will Reichard,K,ST,Alabama,MIN,6.0,203.0,23.0,0.01,-0.307,-0.028,0.005,,0,0.005,0.715,0.333,1,1,missing_ras;too_few_football_features,pffx_g_off|age,0.081,0.104,,,60.0
532,Joshua Karty,K,ST,Stanford,LAR,6.0,209.0,22.0,0.01,-0.149,-0.013,0.005,,0,0.005,0.715,0.333,1,1,missing_ras;too_few_football_features,pffx_g_off|age,0.076,0.102,,,60.0
533,Seth Vernon,P,ST,Portland State,TB,,,,0.005,0,0,0.005,,0,0.005,0.11,0,0,1,missing_pick;missing_age;missing_ras;too_few_football_features;low_position_feature_completeness,,0.003,0.003,,,
534,Tanner Brown,K,ST,Oklahoma State; UNLV,ATL,,,,0.005,0,0,0.005,,0,0.005,0.11,0,0,1,missing_pick;missing_age;missing_ras;too_few_football_features;low_position_feature_completeness,,0.003,0.003,,,
535,Jake Bates,K,ST,Arkansas; Central Arkansas,DET,,,,0.005,0,0,0.005,,0,0.005,0.11,0,0,1,missing_pick;missing_age;missing_ras;too_few_football_features;low_position_feature_completeness,,0.003,0.003,,,
536,Andre Szmyt,K,ST,Syracuse,CLE,,,,0.005,0,0,0.005,,0,0.005,0.11,0,0,1,missing_pick;missing_age;missing_ras;too_few_football_features;low_position_feature_completeness,,0.003,0.003,,,
537,Brayden Narveson,K,ST,N.C. State; Iowa State,TEN,,,,0.005,-0.227,-0.02,0.005,,0,0.005,0.645,0.333,1,1,missing_pick;missing_age;missing_ras;too_few_football_features,pffx_g_off,0.003,0.003,,,60.0
538,Charlie Smyth,K,ST,,NO,,,,0.005,0,0,0.005,,0,0.005,0.11,0,0,1,missing_pick;missing_age;missing_ras;too_few_football_features;low_position_feature_completeness,,0.003,0.003,,,
539,Alex Hale,K,ST,Oklahoma State,GB,,,,0.005,0,0,0.005,,0,0.005,0.11,0,0,1,missing_pick;missing_age;missing_ras;too_few_football_features;low_position_feature_completeness,,0.003,0.003,,,
540,Jude McAtamney,K,ST,Rutgers,NYG,,,,0.005,0,0,0.005,,0,0.005,0.11,0,0,1,missing_pick;missing_age;missing_ras;too_few_football_features;low_position_feature_completeness,,0.003,0.003,,,
541,Peter Bowden,LS,ST,Wisconsin,LAC,,,,0.005,-0.076,-0.007,0.005,,0,0.005,0.68,0.667,2,1,missing_pick;missing_age;too_few_football_features,ras_score|pffx_g_off,0.0,0.0,6.72,,60.0
